2026-06-28 22:00:02 | INFO     | sentiment_analysis.ingestion.rss_ingestor:86 — [rss:pr_newswire] Fetching https://www.prnewswire.com/rss/news-releases-list.rss
2026-06-28 22:00:03 | INFO     | sentiment_analysis.ingestion.rss_ingestor:184 — [rss:pr_newswire] Stored 0/20 new articles.
2026-06-28 22:00:03 | INFO     | sentiment_analysis.ingestion.rss_ingestor:86 — [rss:globe_newswire_finance] Fetching https://www.globenewswire.com/RssFeed/subjectcode/15-Financial%20Services
2026-06-28 22:00:03 | INFO     | sentiment_analysis.ingestion.rss_ingestor:184 — [rss:globe_newswire_finance] Stored 0/20 new articles.
2026-06-28 22:00:03 | INFO     | sentiment_analysis.ingestion.rss_ingestor:86 — [rss:globe_newswire_ma] Fetching https://www.globenewswire.com/RssFeed/subjectcode/14-Mergers%20and%20Acquisitions
2026-06-28 22:00:03 | INFO     | sentiment_analysis.ingestion.rss_ingestor:184 — [rss:globe_newswire_ma] Stored 0/20 new articles.
2026-06-28 22:00:03 | INFO     | sentiment_analysis.ingestion.rss_ingestor:86 — [rss:sec_edgar] Fetching https://www.sec.gov/cgi-bin/browse-edgar?action=getcurrent&type=8-K&dateb=&owner=include&count=40&output=atom
2026-06-28 22:00:03 | ERROR    | sentiment_analysis.ingestion.rss_ingestor:191 — [rss:sec_edgar] Unexpected error: HTTP Error 403: Forbidden
Traceback (most recent call last):

  File "<frozen runpy>", line 198, in _run_module_as_main
  File "<frozen runpy>", line 88, in _run_code

  File "C:\Users\talak\Downloads\Stock Sentiment\sentiment_analysis\main.py", line 166, in <module>
    main()
    └ <function main at 0x0000028686300CC0>

  File "C:\Users\talak\Downloads\Stock Sentiment\sentiment_analysis\main.py", line 154, in main
    asyncio.run(_run_pipeline())
    │       │   └ <function _run_pipeline at 0x000002868483EDE0>
    │       └ <function run at 0x00000286841125C0>
    └ <module 'asyncio' from 'C:\\Users\\talak\\AppData\\Local\\Programs\\Python\\Python313\\Lib\\asyncio\\__init__.py'>

  File "C:\Users\talak\AppData\Local\Programs\Python\Python313\Lib\asyncio\runners.py", line 195, in run
    return runner.run(main)
           │      │   └ <coroutine object _run_pipeline at 0x00000286862FF760>
           │      └ <function Runner.run at 0x0000028684592020>
           └ <asyncio.runners.Runner object at 0x0000028684755E80>
  File "C:\Users\talak\AppData\Local\Programs\Python\Python313\Lib\asyncio\runners.py", line 118, in run
    return self._loop.run_until_complete(task)
           │    │     │                  └ <Task pending name='Task-1' coro=<_run_pipeline() running at C:\Users\talak\Downloads\Stock Sentiment\sentiment_analysis\main...
           │    │     └ <function BaseEventLoop.run_until_complete at 0x000002868417BBA0>
           │    └ <ProactorEventLoop running=True closed=False debug=False>
           └ <asyncio.runners.Runner object at 0x0000028684755E80>
  File "C:\Users\talak\AppData\Local\Programs\Python\Python313\Lib\asyncio\base_events.py", line 712, in run_until_complete
    self.run_forever()
    │    └ <function BaseEventLoop.run_forever at 0x000002868417BB00>
    └ <ProactorEventLoop running=True closed=False debug=False>
  File "C:\Users\talak\AppData\Local\Programs\Python\Python313\Lib\asyncio\base_events.py", line 683, in run_forever
    self._run_once()
    │    └ <function BaseEventLoop._run_once at 0x0000028684591940>
    └ <ProactorEventLoop running=True closed=False debug=False>
  File "C:\Users\talak\AppData\Local\Programs\Python\Python313\Lib\asyncio\base_events.py", line 2061, in _run_once
    handle._run()
    │      └ <function Handle._run at 0x0000028684113420>
    └ <Handle Task.task_wakeup()>
  File "C:\Users\talak\AppData\Local\Programs\Python\Python313\Lib\asyncio\events.py", line 89, in _run
    self._context.run(self._callback, *self._args)
    │    │            │    │           │    └ <member '_args' of 'Handle' objects>
    │    │            │    │           └ <Handle Task.task_wakeup()>
    │    │            │    └ <member '_callback' of 'Handle' objects>
    │    │            └ <Handle Task.task_wakeup()>
    │    └ <member '_context' of 'Handle' objects>
    └ <Handle Task.task_wakeup()>
  File "C:\Users\talak\Downloads\Stock Sentiment\venv\Lib\site-packages\apscheduler\executors\base.py", line 181, in run_coroutine_job
    retval = await job.func(*job.args, **job.kwargs)
                   │   │     │   │       │   └ <member 'kwargs' of 'Job' objects>
                   │   │     │   │       └ <Job (id=rss_ingestor name=RSS Feed Ingestion)>
                   │   │     │   └ <member 'args' of 'Job' objects>
                   │   │     └ <Job (id=rss_ingestor name=RSS Feed Ingestion)>
                   │   └ <member 'func' of 'Job' objects>
                   └ <Job (id=rss_ingestor name=RSS Feed Ingestion)>

  File "C:\Users\talak\Downloads\Stock Sentiment\sentiment_analysis\ingestion\scheduler.py", line 33, in _job_rss
    await _get_rss().run()
          └ <function _get_rss at 0x000002868483ED40>

  File "C:\Users\talak\Downloads\Stock Sentiment\sentiment_analysis\ingestion\rss_ingestor.py", line 68, in run
    _HTML_TAGS  = re.compile(r'<[^>]+>')

> File "C:\Users\talak\Downloads\Stock Sentiment\sentiment_analysis\ingestion\rss_ingestor.py", line 95, in _process_feed
    "4 - Microsoft Corp (0000789019) (Issuer)"  → "Form 4 — Microsoft Corp (Insider Trading)"

  File "C:\Users\talak\AppData\Local\Programs\Python\Python313\Lib\urllib\request.py", line 495, in open
    response = meth(req, response)
               │    │    └ <http.client.HTTPResponse object at 0x00000286876140D0>
               │    └ <urllib.request.Request object at 0x000002868769DE90>
               └ <bound method HTTPErrorProcessor.http_response of <urllib.request.HTTPErrorProcessor object at 0x00000286862D56A0>>
  File "C:\Users\talak\AppData\Local\Programs\Python\Python313\Lib\urllib\request.py", line 604, in http_response
    response = self.parent.error(
               │    │      └ <function OpenerDirector.error at 0x0000028684AD6E80>
               │    └ <urllib.request.OpenerDirector object at 0x00000286862D4D70>
               └ <urllib.request.HTTPErrorProcessor object at 0x00000286862D56A0>
  File "C:\Users\talak\AppData\Local\Programs\Python\Python313\Lib\urllib\request.py", line 533, in error
    return self._call_chain(*args)
           │    │            └ ({'default': [<urllib.request.HTTPDefaultErrorHandler object at 0x00000286862D5160>], 301: [<urllib.request.HTTPRedirectHandl...
           │    └ <function OpenerDirector._call_chain at 0x0000028684AD6CA0>
           └ <urllib.request.OpenerDirector object at 0x00000286862D4D70>
  File "C:\Users\talak\AppData\Local\Programs\Python\Python313\Lib\urllib\request.py", line 466, in _call_chain
    result = func(*args)
             │     └ (<urllib.request.Request object at 0x000002868769DE90>, <http.client.HTTPResponse object at 0x00000286876140D0>, 403, 'Forbid...
             └ <bound method HTTPDefaultErrorHandler.http_error_default of <urllib.request.HTTPDefaultErrorHandler object at 0x00000286862D5...
  File "C:\Users\talak\AppData\Local\Programs\Python\Python313\Lib\urllib\request.py", line 613, in http_error_default
    raise HTTPError(req.full_url, code, msg, hdrs, fp)
          │         │   │         │     │    │     └ <http.client.HTTPResponse object at 0x00000286876140D0>
          │         │   │         │     │    └ <http.client.HTTPMessage object at 0x0000028687659590>
          │         │   │         │     └ 'Forbidden'
          │         │   │         └ 403
          │         │   └ <property object at 0x0000028684AB7EC0>
          │         └ <urllib.request.Request object at 0x000002868769DE90>
          └ <class 'urllib.error.HTTPError'>

urllib.error.HTTPError: HTTP Error 403: Forbidden
2026-06-28 22:00:03 | INFO     | sentiment_analysis.ingestion.rss_ingestor:86 — [rss:fda] Fetching https://www.fda.gov/about-fda/contact-fda/stay-informed/rss-feeds/press-releases/rss.xml
2026-06-28 22:00:03 | INFO     | sentiment_analysis.ingestion.rss_ingestor:184 — [rss:fda] Stored 0/20 new articles.
2026-06-28 22:01:49 | INFO     | sentiment_analysis.ingestion.rss_ingestor:86 — [rss:pr_newswire] Fetching https://www.prnewswire.com/rss/news-releases-list.rss
2026-06-28 22:01:50 | INFO     | sentiment_analysis.ingestion.rss_ingestor:184 — [rss:pr_newswire] Stored 0/20 new articles.
2026-06-28 22:01:50 | INFO     | sentiment_analysis.ingestion.rss_ingestor:86 — [rss:globe_newswire_finance] Fetching https://www.globenewswire.com/RssFeed/subjectcode/15-Financial%20Services
2026-06-28 22:01:50 | INFO     | sentiment_analysis.ingestion.rss_ingestor:184 — [rss:globe_newswire_finance] Stored 0/20 new articles.
2026-06-28 22:01:50 | INFO     | sentiment_analysis.ingestion.rss_ingestor:86 — [rss:globe_newswire_ma] Fetching https://www.globenewswire.com/RssFeed/subjectcode/14-Mergers%20and%20Acquisitions
2026-06-28 22:01:50 | INFO     | sentiment_analysis.ingestion.rss_ingestor:184 — [rss:globe_newswire_ma] Stored 0/20 new articles.
2026-06-28 22:01:50 | INFO     | sentiment_analysis.ingestion.rss_ingestor:86 — [rss:sec_edgar] Fetching https://www.sec.gov/cgi-bin/browse-edgar?action=getcurrent&type=8-K&dateb=&owner=include&count=40&output=atom
2026-06-28 22:01:50 | INFO     | sentiment_analysis.ingestion.rss_ingestor:184 — [rss:sec_edgar] Stored 0/40 new articles.
2026-06-28 22:01:50 | INFO     | sentiment_analysis.ingestion.rss_ingestor:86 — [rss:fda] Fetching https://www.fda.gov/about-fda/contact-fda/stay-informed/rss-feeds/press-releases/rss.xml
2026-06-28 22:01:51 | INFO     | sentiment_analysis.ingestion.rss_ingestor:184 — [rss:fda] Stored 0/20 new articles.
2026-06-28 22:02:59 | INFO     | sentiment_analysis.ingestion.rss_ingestor:86 — [rss:pr_newswire] Fetching https://www.prnewswire.com/rss/news-releases-list.rss
2026-06-28 22:02:59 | INFO     | sentiment_analysis.ingestion.rss_ingestor:184 — [rss:pr_newswire] Stored 0/20 new articles.
2026-06-28 22:02:59 | INFO     | sentiment_analysis.ingestion.rss_ingestor:86 — [rss:globe_newswire_finance] Fetching https://www.globenewswire.com/RssFeed/subjectcode/15-Financial%20Services
2026-06-28 22:03:00 | INFO     | sentiment_analysis.ingestion.rss_ingestor:184 — [rss:globe_newswire_finance] Stored 0/20 new articles.
2026-06-28 22:03:00 | INFO     | sentiment_analysis.ingestion.rss_ingestor:86 — [rss:globe_newswire_ma] Fetching https://www.globenewswire.com/RssFeed/subjectcode/14-Mergers%20and%20Acquisitions
2026-06-28 22:03:00 | INFO     | sentiment_analysis.ingestion.rss_ingestor:184 — [rss:globe_newswire_ma] Stored 0/20 new articles.
2026-06-28 22:03:00 | INFO     | sentiment_analysis.ingestion.rss_ingestor:86 — [rss:sec_edgar] Fetching https://www.sec.gov/cgi-bin/browse-edgar?action=getcurrent&type=8-K&dateb=&owner=include&count=40&output=atom
2026-06-28 22:03:01 | INFO     | sentiment_analysis.ingestion.rss_ingestor:184 — [rss:sec_edgar] Stored 0/40 new articles.
2026-06-28 22:03:01 | INFO     | sentiment_analysis.ingestion.rss_ingestor:86 — [rss:fda] Fetching https://www.fda.gov/about-fda/contact-fda/stay-informed/rss-feeds/press-releases/rss.xml
2026-06-28 22:03:01 | INFO     | sentiment_analysis.ingestion.rss_ingestor:184 — [rss:fda] Stored 0/20 new articles.
2026-06-28 22:03:02 | INFO     | sentiment_analysis.nlp.pipeline:130 — [nlp] Batch complete — processed 18/18 articles
2026-06-28 22:03:26 | INFO     | sentiment_analysis.ingestion.rss_ingestor:74 — [rss:pr_newswire] Fetching https://www.prnewswire.com/rss/news-releases-list.rss
2026-06-28 22:03:27 | WARNING  | sentiment_analysis.ingestion.rss_ingestor:83 — [rss:pr_newswire] Parse error: <urlopen error [SSL: CERTIFICATE_VERIFY_FAILED] certificate verify failed: Basic Constraints of CA cert not marked critical (_ssl.c:1032)>
2026-06-28 22:03:27 | INFO     | sentiment_analysis.ingestion.rss_ingestor:74 — [rss:globe_newswire] Fetching https://www.globenewswire.com/RssFeed/subjectcode/15-Financial%20Services
2026-06-28 22:03:27 | WARNING  | sentiment_analysis.ingestion.rss_ingestor:83 — [rss:globe_newswire] Parse error: <urlopen error [SSL: CERTIFICATE_VERIFY_FAILED] certificate verify failed: Basic Constraints of CA cert not marked critical (_ssl.c:1032)>
2026-06-28 22:03:27 | INFO     | sentiment_analysis.ingestion.rss_ingestor:74 — [rss:access_newswire] Fetching https://www.accessnewswire.com/rss
2026-06-28 22:03:27 | WARNING  | sentiment_analysis.ingestion.rss_ingestor:83 — [rss:access_newswire] Parse error: <urlopen error [SSL: CERTIFICATE_VERIFY_FAILED] certificate verify failed: Basic Constraints of CA cert not marked critical (_ssl.c:1032)>
2026-06-28 22:03:27 | INFO     | sentiment_analysis.ingestion.rss_ingestor:74 — [rss:sec_edgar] Fetching https://www.sec.gov/cgi-bin/browse-edgar?action=getcurrent&type=8-K&dateb=&owner=include&count=40&output=atom
2026-06-28 22:03:27 | WARNING  | sentiment_analysis.ingestion.rss_ingestor:83 — [rss:sec_edgar] Parse error: <urlopen error [SSL: CERTIFICATE_VERIFY_FAILED] certificate verify failed: Basic Constraints of CA cert not marked critical (_ssl.c:1032)>
2026-06-28 22:03:27 | INFO     | sentiment_analysis.ingestion.rss_ingestor:74 — [rss:fda] Fetching https://www.fda.gov/about-fda/contact-fda/stay-informed/rss-feeds/press-releases/rss.xml
2026-06-28 22:03:28 | WARNING  | sentiment_analysis.ingestion.rss_ingestor:83 — [rss:fda] Parse error: <urlopen error [SSL: CERTIFICATE_VERIFY_FAILED] certificate verify failed: Basic Constraints of CA cert not marked critical (_ssl.c:1032)>
2026-06-28 22:05:02 | INFO     | sentiment_analysis.ingestion.rss_ingestor:84 — [rss:pr_newswire] Fetching https://www.prnewswire.com/rss/news-releases-list.rss
2026-06-28 22:05:02 | INFO     | sentiment_analysis.ingestion.rss_ingestor:172 — [rss:pr_newswire] Stored 0/20 new articles.
2026-06-28 22:05:02 | INFO     | sentiment_analysis.ingestion.rss_ingestor:84 — [rss:globe_newswire] Fetching https://www.globenewswire.com/RssFeed/subjectcode/15-Financial%20Services
2026-06-28 22:05:02 | INFO     | sentiment_analysis.ingestion.rss_ingestor:172 — [rss:globe_newswire] Stored 0/20 new articles.
2026-06-28 22:05:02 | INFO     | sentiment_analysis.ingestion.rss_ingestor:84 — [rss:access_newswire] Fetching https://www.accessnewswire.com/rss
2026-06-28 22:05:02 | WARNING  | sentiment_analysis.ingestion.rss_ingestor:93 — [rss:access_newswire] Parse error: <unknown>:113:48: not well-formed (invalid token)
2026-06-28 22:05:02 | INFO     | sentiment_analysis.ingestion.rss_ingestor:84 — [rss:sec_edgar] Fetching https://www.sec.gov/cgi-bin/browse-edgar?action=getcurrent&type=8-K&dateb=&owner=include&count=40&output=atom
2026-06-28 22:05:02 | WARNING  | sentiment_analysis.ingestion.rss_ingestor:93 — [rss:sec_edgar] Parse error: <unknown>:51:124: mismatched tag
2026-06-28 22:05:02 | INFO     | sentiment_analysis.ingestion.rss_ingestor:84 — [rss:fda] Fetching https://www.fda.gov/about-fda/contact-fda/stay-informed/rss-feeds/press-releases/rss.xml
2026-06-28 22:05:02 | INFO     | sentiment_analysis.ingestion.rss_ingestor:172 — [rss:fda] Stored 0/20 new articles.
2026-06-28 22:05:02 | INFO     | sentiment_analysis.ingestion.rss_ingestor:86 — [rss:pr_newswire] Fetching https://www.prnewswire.com/rss/news-releases-list.rss
2026-06-28 22:05:03 | INFO     | sentiment_analysis.ingestion.rss_ingestor:184 — [rss:pr_newswire] Stored 0/20 new articles.
2026-06-28 22:05:03 | INFO     | sentiment_analysis.ingestion.rss_ingestor:86 — [rss:globe_newswire_finance] Fetching https://www.globenewswire.com/RssFeed/subjectcode/15-Financial%20Services
2026-06-28 22:05:03 | INFO     | sentiment_analysis.ingestion.rss_ingestor:184 — [rss:globe_newswire_finance] Stored 0/20 new articles.
2026-06-28 22:05:03 | INFO     | sentiment_analysis.ingestion.rss_ingestor:86 — [rss:globe_newswire_ma] Fetching https://www.globenewswire.com/RssFeed/subjectcode/14-Mergers%20and%20Acquisitions
2026-06-28 22:05:03 | INFO     | sentiment_analysis.ingestion.rss_ingestor:184 — [rss:globe_newswire_ma] Stored 0/20 new articles.
2026-06-28 22:05:03 | INFO     | sentiment_analysis.ingestion.rss_ingestor:86 — [rss:sec_edgar] Fetching https://www.sec.gov/cgi-bin/browse-edgar?action=getcurrent&type=8-K&dateb=&owner=include&count=40&output=atom
2026-06-28 22:05:03 | ERROR    | sentiment_analysis.ingestion.rss_ingestor:191 — [rss:sec_edgar] Unexpected error: HTTP Error 403: Forbidden
Traceback (most recent call last):

  File "<frozen runpy>", line 198, in _run_module_as_main
  File "<frozen runpy>", line 88, in _run_code

  File "C:\Users\talak\Downloads\Stock Sentiment\sentiment_analysis\main.py", line 166, in <module>
    main()
    └ <function main at 0x0000028686300CC0>

  File "C:\Users\talak\Downloads\Stock Sentiment\sentiment_analysis\main.py", line 154, in main
    asyncio.run(_run_pipeline())
    │       │   └ <function _run_pipeline at 0x000002868483EDE0>
    │       └ <function run at 0x00000286841125C0>
    └ <module 'asyncio' from 'C:\\Users\\talak\\AppData\\Local\\Programs\\Python\\Python313\\Lib\\asyncio\\__init__.py'>

  File "C:\Users\talak\AppData\Local\Programs\Python\Python313\Lib\asyncio\runners.py", line 195, in run
    return runner.run(main)
           │      │   └ <coroutine object _run_pipeline at 0x00000286862FF760>
           │      └ <function Runner.run at 0x0000028684592020>
           └ <asyncio.runners.Runner object at 0x0000028684755E80>
  File "C:\Users\talak\AppData\Local\Programs\Python\Python313\Lib\asyncio\runners.py", line 118, in run
    return self._loop.run_until_complete(task)
           │    │     │                  └ <Task pending name='Task-1' coro=<_run_pipeline() running at C:\Users\talak\Downloads\Stock Sentiment\sentiment_analysis\main...
           │    │     └ <function BaseEventLoop.run_until_complete at 0x000002868417BBA0>
           │    └ <ProactorEventLoop running=True closed=False debug=False>
           └ <asyncio.runners.Runner object at 0x0000028684755E80>
  File "C:\Users\talak\AppData\Local\Programs\Python\Python313\Lib\asyncio\base_events.py", line 712, in run_until_complete
    self.run_forever()
    │    └ <function BaseEventLoop.run_forever at 0x000002868417BB00>
    └ <ProactorEventLoop running=True closed=False debug=False>
  File "C:\Users\talak\AppData\Local\Programs\Python\Python313\Lib\asyncio\base_events.py", line 683, in run_forever
    self._run_once()
    │    └ <function BaseEventLoop._run_once at 0x0000028684591940>
    └ <ProactorEventLoop running=True closed=False debug=False>
  File "C:\Users\talak\AppData\Local\Programs\Python\Python313\Lib\asyncio\base_events.py", line 2061, in _run_once
    handle._run()
    │      └ <function Handle._run at 0x0000028684113420>
    └ <Handle Task.task_wakeup()>
  File "C:\Users\talak\AppData\Local\Programs\Python\Python313\Lib\asyncio\events.py", line 89, in _run
    self._context.run(self._callback, *self._args)
    │    │            │    │           │    └ <member '_args' of 'Handle' objects>
    │    │            │    │           └ <Handle Task.task_wakeup()>
    │    │            │    └ <member '_callback' of 'Handle' objects>
    │    │            └ <Handle Task.task_wakeup()>
    │    └ <member '_context' of 'Handle' objects>
    └ <Handle Task.task_wakeup()>
  File "C:\Users\talak\Downloads\Stock Sentiment\venv\Lib\site-packages\apscheduler\executors\base.py", line 181, in run_coroutine_job
    retval = await job.func(*job.args, **job.kwargs)
                   │   │     │   │       │   └ <member 'kwargs' of 'Job' objects>
                   │   │     │   │       └ <Job (id=rss_ingestor name=RSS Feed Ingestion)>
                   │   │     │   └ <member 'args' of 'Job' objects>
                   │   │     └ <Job (id=rss_ingestor name=RSS Feed Ingestion)>
                   │   └ <member 'func' of 'Job' objects>
                   └ <Job (id=rss_ingestor name=RSS Feed Ingestion)>

  File "C:\Users\talak\Downloads\Stock Sentiment\sentiment_analysis\ingestion\scheduler.py", line 33, in _job_rss
    await _get_rss().run()
          └ <function _get_rss at 0x000002868483ED40>

  File "C:\Users\talak\Downloads\Stock Sentiment\sentiment_analysis\ingestion\rss_ingestor.py", line 68, in run
    _HTML_TAGS  = re.compile(r'<[^>]+>')

> File "C:\Users\talak\Downloads\Stock Sentiment\sentiment_analysis\ingestion\rss_ingestor.py", line 95, in _process_feed
    "4 - Microsoft Corp (0000789019) (Issuer)"  → "Form 4 — Microsoft Corp (Insider Trading)"

  File "C:\Users\talak\AppData\Local\Programs\Python\Python313\Lib\urllib\request.py", line 495, in open
    response = meth(req, response)
               │    │    └ <http.client.HTTPResponse object at 0x000002868760C340>
               │    └ <urllib.request.Request object at 0x000002868769DE90>
               └ <bound method HTTPErrorProcessor.http_response of <urllib.request.HTTPErrorProcessor object at 0x00000286862D56A0>>
  File "C:\Users\talak\AppData\Local\Programs\Python\Python313\Lib\urllib\request.py", line 604, in http_response
    response = self.parent.error(
               │    │      └ <function OpenerDirector.error at 0x0000028684AD6E80>
               │    └ <urllib.request.OpenerDirector object at 0x00000286862D4D70>
               └ <urllib.request.HTTPErrorProcessor object at 0x00000286862D56A0>
  File "C:\Users\talak\AppData\Local\Programs\Python\Python313\Lib\urllib\request.py", line 533, in error
    return self._call_chain(*args)
           │    │            └ ({'default': [<urllib.request.HTTPDefaultErrorHandler object at 0x00000286862D5160>], 301: [<urllib.request.HTTPRedirectHandl...
           │    └ <function OpenerDirector._call_chain at 0x0000028684AD6CA0>
           └ <urllib.request.OpenerDirector object at 0x00000286862D4D70>
  File "C:\Users\talak\AppData\Local\Programs\Python\Python313\Lib\urllib\request.py", line 466, in _call_chain
    result = func(*args)
             │     └ (<urllib.request.Request object at 0x000002868769DE90>, <http.client.HTTPResponse object at 0x000002868760C340>, 403, 'Forbid...
             └ <bound method HTTPDefaultErrorHandler.http_error_default of <urllib.request.HTTPDefaultErrorHandler object at 0x00000286862D5...
  File "C:\Users\talak\AppData\Local\Programs\Python\Python313\Lib\urllib\request.py", line 613, in http_error_default
    raise HTTPError(req.full_url, code, msg, hdrs, fp)
          │         │   │         │     │    │     └ <http.client.HTTPResponse object at 0x000002868760C340>
          │         │   │         │     │    └ <http.client.HTTPMessage object at 0x0000028687659630>
          │         │   │         │     └ 'Forbidden'
          │         │   │         └ 403
          │         │   └ <property object at 0x0000028684AB7EC0>
          │         └ <urllib.request.Request object at 0x000002868769DE90>
          └ <class 'urllib.error.HTTPError'>

urllib.error.HTTPError: HTTP Error 403: Forbidden
2026-06-28 22:05:03 | INFO     | sentiment_analysis.ingestion.rss_ingestor:86 — [rss:fda] Fetching https://www.fda.gov/about-fda/contact-fda/stay-informed/rss-feeds/press-releases/rss.xml
2026-06-28 22:05:03 | INFO     | sentiment_analysis.ingestion.rss_ingestor:184 — [rss:fda] Stored 0/20 new articles.
2026-06-28 22:24:20 | DEBUG    | sentiment_analysis.nlp.pipeline:65 — [nlp] No unprocessed articles.
2026-06-28 22:24:52 | INFO     | sentiment_analysis.ingestion.rss_ingestor:84 — [rss:pr_newswire] Fetching https://www.prnewswire.com/rss/news-releases-list.rss
2026-06-28 22:24:52 | INFO     | sentiment_analysis.ingestion.rss_ingestor:172 — [rss:pr_newswire] Stored 1/20 new articles.
2026-06-28 22:24:52 | INFO     | sentiment_analysis.ingestion.rss_ingestor:84 — [rss:globe_newswire] Fetching https://www.globenewswire.com/RssFeed/subjectcode/15-Financial%20Services
2026-06-28 22:24:52 | INFO     | sentiment_analysis.ingestion.rss_ingestor:172 — [rss:globe_newswire] Stored 0/20 new articles.
2026-06-28 22:24:52 | INFO     | sentiment_analysis.ingestion.rss_ingestor:84 — [rss:access_newswire] Fetching https://www.accessnewswire.com/rss
2026-06-28 22:24:52 | WARNING  | sentiment_analysis.ingestion.rss_ingestor:93 — [rss:access_newswire] Parse error: <unknown>:113:48: not well-formed (invalid token)
2026-06-28 22:24:52 | INFO     | sentiment_analysis.ingestion.rss_ingestor:84 — [rss:sec_edgar] Fetching https://www.sec.gov/cgi-bin/browse-edgar?action=getcurrent&type=8-K&dateb=&owner=include&count=40&output=atom
2026-06-28 22:24:53 | WARNING  | sentiment_analysis.ingestion.rss_ingestor:93 — [rss:sec_edgar] Parse error: <unknown>:51:124: mismatched tag
2026-06-28 22:24:53 | INFO     | sentiment_analysis.ingestion.rss_ingestor:84 — [rss:fda] Fetching https://www.fda.gov/about-fda/contact-fda/stay-informed/rss-feeds/press-releases/rss.xml
2026-06-28 22:24:53 | INFO     | sentiment_analysis.ingestion.rss_ingestor:172 — [rss:fda] Stored 0/20 new articles.
2026-06-28 22:25:02 | INFO     | sentiment_analysis.ingestion.rss_ingestor:86 — [rss:pr_newswire] Fetching https://www.prnewswire.com/rss/news-releases-list.rss
2026-06-28 22:25:03 | INFO     | sentiment_analysis.ingestion.rss_ingestor:184 — [rss:pr_newswire] Stored 0/20 new articles.
2026-06-28 22:25:03 | INFO     | sentiment_analysis.ingestion.rss_ingestor:86 — [rss:globe_newswire_finance] Fetching https://www.globenewswire.com/RssFeed/subjectcode/15-Financial%20Services
2026-06-28 22:25:03 | INFO     | sentiment_analysis.ingestion.rss_ingestor:184 — [rss:globe_newswire_finance] Stored 0/20 new articles.
2026-06-28 22:25:03 | INFO     | sentiment_analysis.ingestion.rss_ingestor:86 — [rss:globe_newswire_ma] Fetching https://www.globenewswire.com/RssFeed/subjectcode/14-Mergers%20and%20Acquisitions
2026-06-28 22:25:03 | INFO     | sentiment_analysis.ingestion.rss_ingestor:184 — [rss:globe_newswire_ma] Stored 0/20 new articles.
2026-06-28 22:25:03 | INFO     | sentiment_analysis.ingestion.rss_ingestor:86 — [rss:sec_edgar] Fetching https://www.sec.gov/cgi-bin/browse-edgar?action=getcurrent&type=8-K&dateb=&owner=include&count=40&output=atom
2026-06-28 22:25:04 | ERROR    | sentiment_analysis.ingestion.rss_ingestor:191 — [rss:sec_edgar] Unexpected error: HTTP Error 403: Forbidden
Traceback (most recent call last):

  File "<frozen runpy>", line 198, in _run_module_as_main
  File "<frozen runpy>", line 88, in _run_code

  File "C:\Users\talak\Downloads\Stock Sentiment\sentiment_analysis\main.py", line 166, in <module>
    main()
    └ <function main at 0x0000028686300CC0>

  File "C:\Users\talak\Downloads\Stock Sentiment\sentiment_analysis\main.py", line 154, in main
    asyncio.run(_run_pipeline())
    │       │   └ <function _run_pipeline at 0x000002868483EDE0>
    │       └ <function run at 0x00000286841125C0>
    └ <module 'asyncio' from 'C:\\Users\\talak\\AppData\\Local\\Programs\\Python\\Python313\\Lib\\asyncio\\__init__.py'>

  File "C:\Users\talak\AppData\Local\Programs\Python\Python313\Lib\asyncio\runners.py", line 195, in run
    return runner.run(main)
           │      │   └ <coroutine object _run_pipeline at 0x00000286862FF760>
           │      └ <function Runner.run at 0x0000028684592020>
           └ <asyncio.runners.Runner object at 0x0000028684755E80>
  File "C:\Users\talak\AppData\Local\Programs\Python\Python313\Lib\asyncio\runners.py", line 118, in run
    return self._loop.run_until_complete(task)
           │    │     │                  └ <Task pending name='Task-1' coro=<_run_pipeline() running at C:\Users\talak\Downloads\Stock Sentiment\sentiment_analysis\main...
           │    │     └ <function BaseEventLoop.run_until_complete at 0x000002868417BBA0>
           │    └ <ProactorEventLoop running=True closed=False debug=False>
           └ <asyncio.runners.Runner object at 0x0000028684755E80>
  File "C:\Users\talak\AppData\Local\Programs\Python\Python313\Lib\asyncio\base_events.py", line 712, in run_until_complete
    self.run_forever()
    │    └ <function BaseEventLoop.run_forever at 0x000002868417BB00>
    └ <ProactorEventLoop running=True closed=False debug=False>
  File "C:\Users\talak\AppData\Local\Programs\Python\Python313\Lib\asyncio\base_events.py", line 683, in run_forever
    self._run_once()
    │    └ <function BaseEventLoop._run_once at 0x0000028684591940>
    └ <ProactorEventLoop running=True closed=False debug=False>
  File "C:\Users\talak\AppData\Local\Programs\Python\Python313\Lib\asyncio\base_events.py", line 2061, in _run_once
    handle._run()
    │      └ <function Handle._run at 0x0000028684113420>
    └ <Handle Task.task_wakeup()>
  File "C:\Users\talak\AppData\Local\Programs\Python\Python313\Lib\asyncio\events.py", line 89, in _run
    self._context.run(self._callback, *self._args)
    │    │            │    │           │    └ <member '_args' of 'Handle' objects>
    │    │            │    │           └ <Handle Task.task_wakeup()>
    │    │            │    └ <member '_callback' of 'Handle' objects>
    │    │            └ <Handle Task.task_wakeup()>
    │    └ <member '_context' of 'Handle' objects>
    └ <Handle Task.task_wakeup()>
  File "C:\Users\talak\Downloads\Stock Sentiment\venv\Lib\site-packages\apscheduler\executors\base.py", line 181, in run_coroutine_job
    retval = await job.func(*job.args, **job.kwargs)
                   │   │     │   │       │   └ <member 'kwargs' of 'Job' objects>
                   │   │     │   │       └ <Job (id=rss_ingestor name=RSS Feed Ingestion)>
                   │   │     │   └ <member 'args' of 'Job' objects>
                   │   │     └ <Job (id=rss_ingestor name=RSS Feed Ingestion)>
                   │   └ <member 'func' of 'Job' objects>
                   └ <Job (id=rss_ingestor name=RSS Feed Ingestion)>

  File "C:\Users\talak\Downloads\Stock Sentiment\sentiment_analysis\ingestion\scheduler.py", line 33, in _job_rss
    await _get_rss().run()
          └ <function _get_rss at 0x000002868483ED40>

  File "C:\Users\talak\Downloads\Stock Sentiment\sentiment_analysis\ingestion\rss_ingestor.py", line 68, in run
    _HTML_TAGS  = re.compile(r'<[^>]+>')

> File "C:\Users\talak\Downloads\Stock Sentiment\sentiment_analysis\ingestion\rss_ingestor.py", line 95, in _process_feed
    "4 - Microsoft Corp (0000789019) (Issuer)"  → "Form 4 — Microsoft Corp (Insider Trading)"

  File "C:\Users\talak\AppData\Local\Programs\Python\Python313\Lib\urllib\request.py", line 495, in open
    response = meth(req, response)
               │    │    └ <http.client.HTTPResponse object at 0x000002868634E7D0>
               │    └ <urllib.request.Request object at 0x000002868769DE90>
               └ <bound method HTTPErrorProcessor.http_response of <urllib.request.HTTPErrorProcessor object at 0x00000286862D56A0>>
  File "C:\Users\talak\AppData\Local\Programs\Python\Python313\Lib\urllib\request.py", line 604, in http_response
    response = self.parent.error(
               │    │      └ <function OpenerDirector.error at 0x0000028684AD6E80>
               │    └ <urllib.request.OpenerDirector object at 0x00000286862D4D70>
               └ <urllib.request.HTTPErrorProcessor object at 0x00000286862D56A0>
  File "C:\Users\talak\AppData\Local\Programs\Python\Python313\Lib\urllib\request.py", line 533, in error
    return self._call_chain(*args)
           │    │            └ ({'default': [<urllib.request.HTTPDefaultErrorHandler object at 0x00000286862D5160>], 301: [<urllib.request.HTTPRedirectHandl...
           │    └ <function OpenerDirector._call_chain at 0x0000028684AD6CA0>
           └ <urllib.request.OpenerDirector object at 0x00000286862D4D70>
  File "C:\Users\talak\AppData\Local\Programs\Python\Python313\Lib\urllib\request.py", line 466, in _call_chain
    result = func(*args)
             │     └ (<urllib.request.Request object at 0x000002868769DE90>, <http.client.HTTPResponse object at 0x000002868634E7D0>, 403, 'Forbid...
             └ <bound method HTTPDefaultErrorHandler.http_error_default of <urllib.request.HTTPDefaultErrorHandler object at 0x00000286862D5...
  File "C:\Users\talak\AppData\Local\Programs\Python\Python313\Lib\urllib\request.py", line 613, in http_error_default
    raise HTTPError(req.full_url, code, msg, hdrs, fp)
          │         │   │         │     │    │     └ <http.client.HTTPResponse object at 0x000002868634E7D0>
          │         │   │         │     │    └ <http.client.HTTPMessage object at 0x0000028687658190>
          │         │   │         │     └ 'Forbidden'
          │         │   │         └ 403
          │         │   └ <property object at 0x0000028684AB7EC0>
          │         └ <urllib.request.Request object at 0x000002868769DE90>
          └ <class 'urllib.error.HTTPError'>

urllib.error.HTTPError: HTTP Error 403: Forbidden
2026-06-28 22:25:04 | INFO     | sentiment_analysis.ingestion.rss_ingestor:86 — [rss:fda] Fetching https://www.fda.gov/about-fda/contact-fda/stay-informed/rss-feeds/press-releases/rss.xml
2026-06-28 22:25:04 | INFO     | sentiment_analysis.ingestion.rss_ingestor:184 — [rss:fda] Stored 0/20 new articles.
2026-06-28 22:26:49 | INFO     | sentiment_analysis.ingestion.rss_ingestor:86 — [rss:pr_newswire] Fetching https://www.prnewswire.com/rss/news-releases-list.rss
2026-06-28 22:26:50 | INFO     | sentiment_analysis.ingestion.rss_ingestor:184 — [rss:pr_newswire] Stored 0/20 new articles.
2026-06-28 22:26:50 | INFO     | sentiment_analysis.ingestion.rss_ingestor:86 — [rss:globe_newswire_finance] Fetching https://www.globenewswire.com/RssFeed/subjectcode/15-Financial%20Services
2026-06-28 22:26:50 | INFO     | sentiment_analysis.ingestion.rss_ingestor:184 — [rss:globe_newswire_finance] Stored 0/20 new articles.
2026-06-28 22:26:50 | INFO     | sentiment_analysis.ingestion.rss_ingestor:86 — [rss:globe_newswire_ma] Fetching https://www.globenewswire.com/RssFeed/subjectcode/14-Mergers%20and%20Acquisitions
2026-06-28 22:26:50 | INFO     | sentiment_analysis.ingestion.rss_ingestor:184 — [rss:globe_newswire_ma] Stored 0/20 new articles.
2026-06-28 22:26:50 | INFO     | sentiment_analysis.ingestion.rss_ingestor:86 — [rss:sec_edgar] Fetching https://www.sec.gov/cgi-bin/browse-edgar?action=getcurrent&type=8-K&dateb=&owner=include&count=40&output=atom
2026-06-28 22:26:51 | INFO     | sentiment_analysis.ingestion.rss_ingestor:184 — [rss:sec_edgar] Stored 0/40 new articles.
2026-06-28 22:26:51 | INFO     | sentiment_analysis.ingestion.rss_ingestor:86 — [rss:fda] Fetching https://www.fda.gov/about-fda/contact-fda/stay-informed/rss-feeds/press-releases/rss.xml
2026-06-28 22:26:51 | INFO     | sentiment_analysis.ingestion.rss_ingestor:184 — [rss:fda] Stored 0/20 new articles.
2026-06-28 22:27:59 | INFO     | sentiment_analysis.ingestion.rss_ingestor:86 — [rss:pr_newswire] Fetching https://www.prnewswire.com/rss/news-releases-list.rss
2026-06-28 22:27:59 | INFO     | sentiment_analysis.ingestion.rss_ingestor:184 — [rss:pr_newswire] Stored 0/20 new articles.
2026-06-28 22:27:59 | INFO     | sentiment_analysis.ingestion.rss_ingestor:86 — [rss:globe_newswire_finance] Fetching https://www.globenewswire.com/RssFeed/subjectcode/15-Financial%20Services
2026-06-28 22:28:00 | INFO     | sentiment_analysis.ingestion.rss_ingestor:184 — [rss:globe_newswire_finance] Stored 0/20 new articles.
2026-06-28 22:28:00 | INFO     | sentiment_analysis.ingestion.rss_ingestor:86 — [rss:globe_newswire_ma] Fetching https://www.globenewswire.com/RssFeed/subjectcode/14-Mergers%20and%20Acquisitions
2026-06-28 22:28:00 | INFO     | sentiment_analysis.ingestion.rss_ingestor:184 — [rss:globe_newswire_ma] Stored 0/20 new articles.
2026-06-28 22:28:00 | INFO     | sentiment_analysis.ingestion.rss_ingestor:86 — [rss:sec_edgar] Fetching https://www.sec.gov/cgi-bin/browse-edgar?action=getcurrent&type=8-K&dateb=&owner=include&count=40&output=atom
2026-06-28 22:28:00 | INFO     | sentiment_analysis.ingestion.rss_ingestor:184 — [rss:sec_edgar] Stored 0/40 new articles.
2026-06-28 22:28:00 | INFO     | sentiment_analysis.ingestion.rss_ingestor:86 — [rss:fda] Fetching https://www.fda.gov/about-fda/contact-fda/stay-informed/rss-feeds/press-releases/rss.xml
2026-06-28 22:28:00 | INFO     | sentiment_analysis.ingestion.rss_ingestor:184 — [rss:fda] Stored 0/20 new articles.
2026-06-28 22:28:26 | INFO     | sentiment_analysis.ingestion.rss_ingestor:74 — [rss:pr_newswire] Fetching https://www.prnewswire.com/rss/news-releases-list.rss
2026-06-28 22:28:26 | WARNING  | sentiment_analysis.ingestion.rss_ingestor:83 — [rss:pr_newswire] Parse error: <urlopen error [SSL: CERTIFICATE_VERIFY_FAILED] certificate verify failed: Basic Constraints of CA cert not marked critical (_ssl.c:1032)>
2026-06-28 22:28:26 | INFO     | sentiment_analysis.ingestion.rss_ingestor:74 — [rss:globe_newswire] Fetching https://www.globenewswire.com/RssFeed/subjectcode/15-Financial%20Services
2026-06-28 22:28:26 | WARNING  | sentiment_analysis.ingestion.rss_ingestor:83 — [rss:globe_newswire] Parse error: <urlopen error [SSL: CERTIFICATE_VERIFY_FAILED] certificate verify failed: Basic Constraints of CA cert not marked critical (_ssl.c:1032)>
2026-06-28 22:28:26 | INFO     | sentiment_analysis.ingestion.rss_ingestor:74 — [rss:access_newswire] Fetching https://www.accessnewswire.com/rss
2026-06-28 22:28:26 | WARNING  | sentiment_analysis.ingestion.rss_ingestor:83 — [rss:access_newswire] Parse error: <urlopen error [SSL: CERTIFICATE_VERIFY_FAILED] certificate verify failed: Basic Constraints of CA cert not marked critical (_ssl.c:1032)>
2026-06-28 22:28:26 | INFO     | sentiment_analysis.ingestion.rss_ingestor:74 — [rss:sec_edgar] Fetching https://www.sec.gov/cgi-bin/browse-edgar?action=getcurrent&type=8-K&dateb=&owner=include&count=40&output=atom
2026-06-28 22:28:26 | WARNING  | sentiment_analysis.ingestion.rss_ingestor:83 — [rss:sec_edgar] Parse error: <urlopen error [SSL: CERTIFICATE_VERIFY_FAILED] certificate verify failed: Basic Constraints of CA cert not marked critical (_ssl.c:1032)>
2026-06-28 22:28:26 | INFO     | sentiment_analysis.ingestion.rss_ingestor:74 — [rss:fda] Fetching https://www.fda.gov/about-fda/contact-fda/stay-informed/rss-feeds/press-releases/rss.xml
2026-06-28 22:28:26 | WARNING  | sentiment_analysis.ingestion.rss_ingestor:83 — [rss:fda] Parse error: <urlopen error [SSL: CERTIFICATE_VERIFY_FAILED] certificate verify failed: Basic Constraints of CA cert not marked critical (_ssl.c:1032)>
2026-06-28 22:29:52 | INFO     | sentiment_analysis.ingestion.rss_ingestor:84 — [rss:pr_newswire] Fetching https://www.prnewswire.com/rss/news-releases-list.rss
2026-06-28 22:29:52 | INFO     | sentiment_analysis.ingestion.rss_ingestor:172 — [rss:pr_newswire] Stored 0/20 new articles.
2026-06-28 22:29:52 | INFO     | sentiment_analysis.ingestion.rss_ingestor:84 — [rss:globe_newswire] Fetching https://www.globenewswire.com/RssFeed/subjectcode/15-Financial%20Services
2026-06-28 22:29:52 | INFO     | sentiment_analysis.ingestion.rss_ingestor:172 — [rss:globe_newswire] Stored 0/20 new articles.
2026-06-28 22:29:52 | INFO     | sentiment_analysis.ingestion.rss_ingestor:84 — [rss:access_newswire] Fetching https://www.accessnewswire.com/rss
2026-06-28 22:29:53 | WARNING  | sentiment_analysis.ingestion.rss_ingestor:93 — [rss:access_newswire] Parse error: <unknown>:113:48: not well-formed (invalid token)
2026-06-28 22:29:53 | INFO     | sentiment_analysis.ingestion.rss_ingestor:84 — [rss:sec_edgar] Fetching https://www.sec.gov/cgi-bin/browse-edgar?action=getcurrent&type=8-K&dateb=&owner=include&count=40&output=atom
2026-06-28 22:29:53 | WARNING  | sentiment_analysis.ingestion.rss_ingestor:93 — [rss:sec_edgar] Parse error: <unknown>:51:124: mismatched tag
2026-06-28 22:29:53 | INFO     | sentiment_analysis.ingestion.rss_ingestor:84 — [rss:fda] Fetching https://www.fda.gov/about-fda/contact-fda/stay-informed/rss-feeds/press-releases/rss.xml
2026-06-28 22:29:53 | INFO     | sentiment_analysis.ingestion.rss_ingestor:172 — [rss:fda] Stored 0/20 new articles.
2026-06-28 22:30:02 | INFO     | sentiment_analysis.ingestion.rss_ingestor:86 — [rss:pr_newswire] Fetching https://www.prnewswire.com/rss/news-releases-list.rss
2026-06-28 22:30:03 | INFO     | sentiment_analysis.ingestion.rss_ingestor:184 — [rss:pr_newswire] Stored 0/20 new articles.
2026-06-28 22:30:03 | INFO     | sentiment_analysis.ingestion.rss_ingestor:86 — [rss:globe_newswire_finance] Fetching https://www.globenewswire.com/RssFeed/subjectcode/15-Financial%20Services
2026-06-28 22:30:03 | INFO     | sentiment_analysis.ingestion.rss_ingestor:184 — [rss:globe_newswire_finance] Stored 0/20 new articles.
2026-06-28 22:30:03 | INFO     | sentiment_analysis.ingestion.rss_ingestor:86 — [rss:globe_newswire_ma] Fetching https://www.globenewswire.com/RssFeed/subjectcode/14-Mergers%20and%20Acquisitions
2026-06-28 22:30:03 | INFO     | sentiment_analysis.ingestion.rss_ingestor:184 — [rss:globe_newswire_ma] Stored 0/20 new articles.
2026-06-28 22:30:03 | INFO     | sentiment_analysis.ingestion.rss_ingestor:86 — [rss:sec_edgar] Fetching https://www.sec.gov/cgi-bin/browse-edgar?action=getcurrent&type=8-K&dateb=&owner=include&count=40&output=atom
2026-06-28 22:30:03 | ERROR    | sentiment_analysis.ingestion.rss_ingestor:191 — [rss:sec_edgar] Unexpected error: HTTP Error 403: Forbidden
Traceback (most recent call last):

  File "<frozen runpy>", line 198, in _run_module_as_main
  File "<frozen runpy>", line 88, in _run_code

  File "C:\Users\talak\Downloads\Stock Sentiment\sentiment_analysis\main.py", line 166, in <module>
    main()
    └ <function main at 0x0000028686300CC0>

  File "C:\Users\talak\Downloads\Stock Sentiment\sentiment_analysis\main.py", line 154, in main
    asyncio.run(_run_pipeline())
    │       │   └ <function _run_pipeline at 0x000002868483EDE0>
    │       └ <function run at 0x00000286841125C0>
    └ <module 'asyncio' from 'C:\\Users\\talak\\AppData\\Local\\Programs\\Python\\Python313\\Lib\\asyncio\\__init__.py'>

  File "C:\Users\talak\AppData\Local\Programs\Python\Python313\Lib\asyncio\runners.py", line 195, in run
    return runner.run(main)
           │      │   └ <coroutine object _run_pipeline at 0x00000286862FF760>
           │      └ <function Runner.run at 0x0000028684592020>
           └ <asyncio.runners.Runner object at 0x0000028684755E80>
  File "C:\Users\talak\AppData\Local\Programs\Python\Python313\Lib\asyncio\runners.py", line 118, in run
    return self._loop.run_until_complete(task)
           │    │     │                  └ <Task pending name='Task-1' coro=<_run_pipeline() running at C:\Users\talak\Downloads\Stock Sentiment\sentiment_analysis\main...
           │    │     └ <function BaseEventLoop.run_until_complete at 0x000002868417BBA0>
           │    └ <ProactorEventLoop running=True closed=False debug=False>
           └ <asyncio.runners.Runner object at 0x0000028684755E80>
  File "C:\Users\talak\AppData\Local\Programs\Python\Python313\Lib\asyncio\base_events.py", line 712, in run_until_complete
    self.run_forever()
    │    └ <function BaseEventLoop.run_forever at 0x000002868417BB00>
    └ <ProactorEventLoop running=True closed=False debug=False>
  File "C:\Users\talak\AppData\Local\Programs\Python\Python313\Lib\asyncio\base_events.py", line 683, in run_forever
    self._run_once()
    │    └ <function BaseEventLoop._run_once at 0x0000028684591940>
    └ <ProactorEventLoop running=True closed=False debug=False>
  File "C:\Users\talak\AppData\Local\Programs\Python\Python313\Lib\asyncio\base_events.py", line 2061, in _run_once
    handle._run()
    │      └ <function Handle._run at 0x0000028684113420>
    └ <Handle Task.task_wakeup()>
  File "C:\Users\talak\AppData\Local\Programs\Python\Python313\Lib\asyncio\events.py", line 89, in _run
    self._context.run(self._callback, *self._args)
    │    │            │    │           │    └ <member '_args' of 'Handle' objects>
    │    │            │    │           └ <Handle Task.task_wakeup()>
    │    │            │    └ <member '_callback' of 'Handle' objects>
    │    │            └ <Handle Task.task_wakeup()>
    │    └ <member '_context' of 'Handle' objects>
    └ <Handle Task.task_wakeup()>
  File "C:\Users\talak\Downloads\Stock Sentiment\venv\Lib\site-packages\apscheduler\executors\base.py", line 181, in run_coroutine_job
    retval = await job.func(*job.args, **job.kwargs)
                   │   │     │   │       │   └ <member 'kwargs' of 'Job' objects>
                   │   │     │   │       └ <Job (id=rss_ingestor name=RSS Feed Ingestion)>
                   │   │     │   └ <member 'args' of 'Job' objects>
                   │   │     └ <Job (id=rss_ingestor name=RSS Feed Ingestion)>
                   │   └ <member 'func' of 'Job' objects>
                   └ <Job (id=rss_ingestor name=RSS Feed Ingestion)>

  File "C:\Users\talak\Downloads\Stock Sentiment\sentiment_analysis\ingestion\scheduler.py", line 33, in _job_rss
    await _get_rss().run()
          └ <function _get_rss at 0x000002868483ED40>

  File "C:\Users\talak\Downloads\Stock Sentiment\sentiment_analysis\ingestion\rss_ingestor.py", line 68, in run
    _HTML_TAGS  = re.compile(r'<[^>]+>')

> File "C:\Users\talak\Downloads\Stock Sentiment\sentiment_analysis\ingestion\rss_ingestor.py", line 95, in _process_feed
    "4 - Microsoft Corp (0000789019) (Issuer)"  → "Form 4 — Microsoft Corp (Insider Trading)"

  File "C:\Users\talak\AppData\Local\Programs\Python\Python313\Lib\urllib\request.py", line 495, in open
    response = meth(req, response)
               │    │    └ <http.client.HTTPResponse object at 0x0000028687544340>
               │    └ <urllib.request.Request object at 0x000002868769DE90>
               └ <bound method HTTPErrorProcessor.http_response of <urllib.request.HTTPErrorProcessor object at 0x00000286862D56A0>>
  File "C:\Users\talak\AppData\Local\Programs\Python\Python313\Lib\urllib\request.py", line 604, in http_response
    response = self.parent.error(
               │    │      └ <function OpenerDirector.error at 0x0000028684AD6E80>
               │    └ <urllib.request.OpenerDirector object at 0x00000286862D4D70>
               └ <urllib.request.HTTPErrorProcessor object at 0x00000286862D56A0>
  File "C:\Users\talak\AppData\Local\Programs\Python\Python313\Lib\urllib\request.py", line 533, in error
    return self._call_chain(*args)
           │    │            └ ({'default': [<urllib.request.HTTPDefaultErrorHandler object at 0x00000286862D5160>], 301: [<urllib.request.HTTPRedirectHandl...
           │    └ <function OpenerDirector._call_chain at 0x0000028684AD6CA0>
           └ <urllib.request.OpenerDirector object at 0x00000286862D4D70>
  File "C:\Users\talak\AppData\Local\Programs\Python\Python313\Lib\urllib\request.py", line 466, in _call_chain
    result = func(*args)
             │     └ (<urllib.request.Request object at 0x000002868769DE90>, <http.client.HTTPResponse object at 0x0000028687544340>, 403, 'Forbid...
             └ <bound method HTTPDefaultErrorHandler.http_error_default of <urllib.request.HTTPDefaultErrorHandler object at 0x00000286862D5...
  File "C:\Users\talak\AppData\Local\Programs\Python\Python313\Lib\urllib\request.py", line 613, in http_error_default
    raise HTTPError(req.full_url, code, msg, hdrs, fp)
          │         │   │         │     │    │     └ <http.client.HTTPResponse object at 0x0000028687544340>
          │         │   │         │     │    └ <http.client.HTTPMessage object at 0x00000286876589B0>
          │         │   │         │     └ 'Forbidden'
          │         │   │         └ 403
          │         │   └ <property object at 0x0000028684AB7EC0>
          │         └ <urllib.request.Request object at 0x000002868769DE90>
          └ <class 'urllib.error.HTTPError'>

urllib.error.HTTPError: HTTP Error 403: Forbidden
2026-06-28 22:30:03 | INFO     | sentiment_analysis.ingestion.rss_ingestor:86 — [rss:fda] Fetching https://www.fda.gov/about-fda/contact-fda/stay-informed/rss-feeds/press-releases/rss.xml
2026-06-28 22:30:04 | INFO     | sentiment_analysis.ingestion.rss_ingestor:184 — [rss:fda] Stored 0/20 new articles.
2026-06-28 22:31:49 | INFO     | sentiment_analysis.ingestion.rss_ingestor:86 — [rss:pr_newswire] Fetching https://www.prnewswire.com/rss/news-releases-list.rss
2026-06-28 22:31:50 | INFO     | sentiment_analysis.ingestion.rss_ingestor:184 — [rss:pr_newswire] Stored 0/20 new articles.
2026-06-28 22:31:50 | INFO     | sentiment_analysis.ingestion.rss_ingestor:86 — [rss:globe_newswire_finance] Fetching https://www.globenewswire.com/RssFeed/subjectcode/15-Financial%20Services
2026-06-28 22:31:50 | INFO     | sentiment_analysis.ingestion.rss_ingestor:184 — [rss:globe_newswire_finance] Stored 0/20 new articles.
2026-06-28 22:31:50 | INFO     | sentiment_analysis.ingestion.rss_ingestor:86 — [rss:globe_newswire_ma] Fetching https://www.globenewswire.com/RssFeed/subjectcode/14-Mergers%20and%20Acquisitions
2026-06-28 22:31:50 | INFO     | sentiment_analysis.ingestion.rss_ingestor:184 — [rss:globe_newswire_ma] Stored 0/20 new articles.
2026-06-28 22:31:50 | INFO     | sentiment_analysis.ingestion.rss_ingestor:86 — [rss:sec_edgar] Fetching https://www.sec.gov/cgi-bin/browse-edgar?action=getcurrent&type=8-K&dateb=&owner=include&count=40&output=atom
2026-06-28 22:31:50 | INFO     | sentiment_analysis.ingestion.rss_ingestor:184 — [rss:sec_edgar] Stored 0/40 new articles.
2026-06-28 22:31:50 | INFO     | sentiment_analysis.ingestion.rss_ingestor:86 — [rss:fda] Fetching https://www.fda.gov/about-fda/contact-fda/stay-informed/rss-feeds/press-releases/rss.xml
2026-06-28 22:31:51 | INFO     | sentiment_analysis.ingestion.rss_ingestor:184 — [rss:fda] Stored 0/20 new articles.
2026-06-28 22:32:59 | INFO     | sentiment_analysis.ingestion.rss_ingestor:86 — [rss:pr_newswire] Fetching https://www.prnewswire.com/rss/news-releases-list.rss
2026-06-28 22:32:59 | INFO     | sentiment_analysis.ingestion.rss_ingestor:184 — [rss:pr_newswire] Stored 0/20 new articles.
2026-06-28 22:32:59 | INFO     | sentiment_analysis.ingestion.rss_ingestor:86 — [rss:globe_newswire_finance] Fetching https://www.globenewswire.com/RssFeed/subjectcode/15-Financial%20Services
2026-06-28 22:33:00 | INFO     | sentiment_analysis.ingestion.rss_ingestor:184 — [rss:globe_newswire_finance] Stored 0/20 new articles.
2026-06-28 22:33:00 | INFO     | sentiment_analysis.ingestion.rss_ingestor:86 — [rss:globe_newswire_ma] Fetching https://www.globenewswire.com/RssFeed/subjectcode/14-Mergers%20and%20Acquisitions
2026-06-28 22:33:00 | INFO     | sentiment_analysis.ingestion.rss_ingestor:184 — [rss:globe_newswire_ma] Stored 0/20 new articles.
2026-06-28 22:33:00 | INFO     | sentiment_analysis.ingestion.rss_ingestor:86 — [rss:sec_edgar] Fetching https://www.sec.gov/cgi-bin/browse-edgar?action=getcurrent&type=8-K&dateb=&owner=include&count=40&output=atom
2026-06-28 22:33:00 | INFO     | sentiment_analysis.ingestion.rss_ingestor:184 — [rss:sec_edgar] Stored 0/40 new articles.
2026-06-28 22:33:00 | INFO     | sentiment_analysis.ingestion.rss_ingestor:86 — [rss:fda] Fetching https://www.fda.gov/about-fda/contact-fda/stay-informed/rss-feeds/press-releases/rss.xml
2026-06-28 22:33:00 | INFO     | sentiment_analysis.nlp.pipeline:130 — [nlp] Batch complete — processed 1/1 articles
2026-06-28 22:33:00 | INFO     | sentiment_analysis.ingestion.rss_ingestor:184 — [rss:fda] Stored 0/20 new articles.
2026-06-28 22:33:26 | INFO     | sentiment_analysis.ingestion.rss_ingestor:74 — [rss:pr_newswire] Fetching https://www.prnewswire.com/rss/news-releases-list.rss
2026-06-28 22:33:26 | WARNING  | sentiment_analysis.ingestion.rss_ingestor:83 — [rss:pr_newswire] Parse error: <urlopen error [SSL: CERTIFICATE_VERIFY_FAILED] certificate verify failed: Basic Constraints of CA cert not marked critical (_ssl.c:1032)>
2026-06-28 22:33:26 | INFO     | sentiment_analysis.ingestion.rss_ingestor:74 — [rss:globe_newswire] Fetching https://www.globenewswire.com/RssFeed/subjectcode/15-Financial%20Services
2026-06-28 22:33:26 | WARNING  | sentiment_analysis.ingestion.rss_ingestor:83 — [rss:globe_newswire] Parse error: <urlopen error [SSL: CERTIFICATE_VERIFY_FAILED] certificate verify failed: Basic Constraints of CA cert not marked critical (_ssl.c:1032)>
2026-06-28 22:33:26 | INFO     | sentiment_analysis.ingestion.rss_ingestor:74 — [rss:access_newswire] Fetching https://www.accessnewswire.com/rss
2026-06-28 22:33:26 | WARNING  | sentiment_analysis.ingestion.rss_ingestor:83 — [rss:access_newswire] Parse error: <urlopen error [SSL: CERTIFICATE_VERIFY_FAILED] certificate verify failed: Basic Constraints of CA cert not marked critical (_ssl.c:1032)>
2026-06-28 22:33:26 | INFO     | sentiment_analysis.ingestion.rss_ingestor:74 — [rss:sec_edgar] Fetching https://www.sec.gov/cgi-bin/browse-edgar?action=getcurrent&type=8-K&dateb=&owner=include&count=40&output=atom
2026-06-28 22:33:26 | WARNING  | sentiment_analysis.ingestion.rss_ingestor:83 — [rss:sec_edgar] Parse error: <urlopen error [SSL: CERTIFICATE_VERIFY_FAILED] certificate verify failed: Basic Constraints of CA cert not marked critical (_ssl.c:1032)>
2026-06-28 22:33:26 | INFO     | sentiment_analysis.ingestion.rss_ingestor:74 — [rss:fda] Fetching https://www.fda.gov/about-fda/contact-fda/stay-informed/rss-feeds/press-releases/rss.xml
2026-06-28 22:33:26 | WARNING  | sentiment_analysis.ingestion.rss_ingestor:83 — [rss:fda] Parse error: <urlopen error [SSL: CERTIFICATE_VERIFY_FAILED] certificate verify failed: Basic Constraints of CA cert not marked critical (_ssl.c:1032)>
2026-06-28 22:34:52 | INFO     | sentiment_analysis.ingestion.rss_ingestor:84 — [rss:pr_newswire] Fetching https://www.prnewswire.com/rss/news-releases-list.rss
2026-06-28 22:34:52 | INFO     | sentiment_analysis.ingestion.rss_ingestor:172 — [rss:pr_newswire] Stored 0/20 new articles.
2026-06-28 22:34:52 | INFO     | sentiment_analysis.ingestion.rss_ingestor:84 — [rss:globe_newswire] Fetching https://www.globenewswire.com/RssFeed/subjectcode/15-Financial%20Services
2026-06-28 22:34:52 | INFO     | sentiment_analysis.ingestion.rss_ingestor:172 — [rss:globe_newswire] Stored 0/20 new articles.
2026-06-28 22:34:52 | INFO     | sentiment_analysis.ingestion.rss_ingestor:84 — [rss:access_newswire] Fetching https://www.accessnewswire.com/rss
2026-06-28 22:34:53 | WARNING  | sentiment_analysis.ingestion.rss_ingestor:93 — [rss:access_newswire] Parse error: <unknown>:113:48: not well-formed (invalid token)
2026-06-28 22:34:53 | INFO     | sentiment_analysis.ingestion.rss_ingestor:84 — [rss:sec_edgar] Fetching https://www.sec.gov/cgi-bin/browse-edgar?action=getcurrent&type=8-K&dateb=&owner=include&count=40&output=atom
2026-06-28 22:34:53 | WARNING  | sentiment_analysis.ingestion.rss_ingestor:93 — [rss:sec_edgar] Parse error: <unknown>:51:124: mismatched tag
2026-06-28 22:34:53 | INFO     | sentiment_analysis.ingestion.rss_ingestor:84 — [rss:fda] Fetching https://www.fda.gov/about-fda/contact-fda/stay-informed/rss-feeds/press-releases/rss.xml
2026-06-28 22:34:53 | INFO     | sentiment_analysis.ingestion.rss_ingestor:172 — [rss:fda] Stored 0/20 new articles.
2026-06-28 22:35:02 | INFO     | sentiment_analysis.ingestion.rss_ingestor:86 — [rss:pr_newswire] Fetching https://www.prnewswire.com/rss/news-releases-list.rss
2026-06-28 22:35:03 | INFO     | sentiment_analysis.ingestion.rss_ingestor:184 — [rss:pr_newswire] Stored 0/20 new articles.
2026-06-28 22:35:03 | INFO     | sentiment_analysis.ingestion.rss_ingestor:86 — [rss:globe_newswire_finance] Fetching https://www.globenewswire.com/RssFeed/subjectcode/15-Financial%20Services
2026-06-28 22:35:03 | INFO     | sentiment_analysis.ingestion.rss_ingestor:184 — [rss:globe_newswire_finance] Stored 0/20 new articles.
2026-06-28 22:35:03 | INFO     | sentiment_analysis.ingestion.rss_ingestor:86 — [rss:globe_newswire_ma] Fetching https://www.globenewswire.com/RssFeed/subjectcode/14-Mergers%20and%20Acquisitions
2026-06-28 22:35:03 | INFO     | sentiment_analysis.ingestion.rss_ingestor:184 — [rss:globe_newswire_ma] Stored 0/20 new articles.
2026-06-28 22:35:03 | INFO     | sentiment_analysis.ingestion.rss_ingestor:86 — [rss:sec_edgar] Fetching https://www.sec.gov/cgi-bin/browse-edgar?action=getcurrent&type=8-K&dateb=&owner=include&count=40&output=atom
2026-06-28 22:35:03 | ERROR    | sentiment_analysis.ingestion.rss_ingestor:191 — [rss:sec_edgar] Unexpected error: HTTP Error 403: Forbidden
Traceback (most recent call last):

  File "<frozen runpy>", line 198, in _run_module_as_main
  File "<frozen runpy>", line 88, in _run_code

  File "C:\Users\talak\Downloads\Stock Sentiment\sentiment_analysis\main.py", line 166, in <module>
    main()
    └ <function main at 0x0000028686300CC0>

  File "C:\Users\talak\Downloads\Stock Sentiment\sentiment_analysis\main.py", line 154, in main
    asyncio.run(_run_pipeline())
    │       │   └ <function _run_pipeline at 0x000002868483EDE0>
    │       └ <function run at 0x00000286841125C0>
    └ <module 'asyncio' from 'C:\\Users\\talak\\AppData\\Local\\Programs\\Python\\Python313\\Lib\\asyncio\\__init__.py'>

  File "C:\Users\talak\AppData\Local\Programs\Python\Python313\Lib\asyncio\runners.py", line 195, in run
    return runner.run(main)
           │      │   └ <coroutine object _run_pipeline at 0x00000286862FF760>
           │      └ <function Runner.run at 0x0000028684592020>
           └ <asyncio.runners.Runner object at 0x0000028684755E80>
  File "C:\Users\talak\AppData\Local\Programs\Python\Python313\Lib\asyncio\runners.py", line 118, in run
    return self._loop.run_until_complete(task)
           │    │     │                  └ <Task pending name='Task-1' coro=<_run_pipeline() running at C:\Users\talak\Downloads\Stock Sentiment\sentiment_analysis\main...
           │    │     └ <function BaseEventLoop.run_until_complete at 0x000002868417BBA0>
           │    └ <ProactorEventLoop running=True closed=False debug=False>
           └ <asyncio.runners.Runner object at 0x0000028684755E80>
  File "C:\Users\talak\AppData\Local\Programs\Python\Python313\Lib\asyncio\base_events.py", line 712, in run_until_complete
    self.run_forever()
    │    └ <function BaseEventLoop.run_forever at 0x000002868417BB00>
    └ <ProactorEventLoop running=True closed=False debug=False>
  File "C:\Users\talak\AppData\Local\Programs\Python\Python313\Lib\asyncio\base_events.py", line 683, in run_forever
    self._run_once()
    │    └ <function BaseEventLoop._run_once at 0x0000028684591940>
    └ <ProactorEventLoop running=True closed=False debug=False>
  File "C:\Users\talak\AppData\Local\Programs\Python\Python313\Lib\asyncio\base_events.py", line 2061, in _run_once
    handle._run()
    │      └ <function Handle._run at 0x0000028684113420>
    └ <Handle Task.task_wakeup()>
  File "C:\Users\talak\AppData\Local\Programs\Python\Python313\Lib\asyncio\events.py", line 89, in _run
    self._context.run(self._callback, *self._args)
    │    │            │    │           │    └ <member '_args' of 'Handle' objects>
    │    │            │    │           └ <Handle Task.task_wakeup()>
    │    │            │    └ <member '_callback' of 'Handle' objects>
    │    │            └ <Handle Task.task_wakeup()>
    │    └ <member '_context' of 'Handle' objects>
    └ <Handle Task.task_wakeup()>
  File "C:\Users\talak\Downloads\Stock Sentiment\venv\Lib\site-packages\apscheduler\executors\base.py", line 181, in run_coroutine_job
    retval = await job.func(*job.args, **job.kwargs)
                   │   │     │   │       │   └ <member 'kwargs' of 'Job' objects>
                   │   │     │   │       └ <Job (id=rss_ingestor name=RSS Feed Ingestion)>
                   │   │     │   └ <member 'args' of 'Job' objects>
                   │   │     └ <Job (id=rss_ingestor name=RSS Feed Ingestion)>
                   │   └ <member 'func' of 'Job' objects>
                   └ <Job (id=rss_ingestor name=RSS Feed Ingestion)>

  File "C:\Users\talak\Downloads\Stock Sentiment\sentiment_analysis\ingestion\scheduler.py", line 33, in _job_rss
    await _get_rss().run()
          └ <function _get_rss at 0x000002868483ED40>

  File "C:\Users\talak\Downloads\Stock Sentiment\sentiment_analysis\ingestion\rss_ingestor.py", line 68, in run
    _HTML_TAGS  = re.compile(r'<[^>]+>')

> File "C:\Users\talak\Downloads\Stock Sentiment\sentiment_analysis\ingestion\rss_ingestor.py", line 95, in _process_feed
    "4 - Microsoft Corp (0000789019) (Issuer)"  → "Form 4 — Microsoft Corp (Insider Trading)"

  File "C:\Users\talak\AppData\Local\Programs\Python\Python313\Lib\urllib\request.py", line 495, in open
    response = meth(req, response)
               │    │    └ <http.client.HTTPResponse object at 0x000002868632B820>
               │    └ <urllib.request.Request object at 0x000002868769DE90>
               └ <bound method HTTPErrorProcessor.http_response of <urllib.request.HTTPErrorProcessor object at 0x00000286862D56A0>>
  File "C:\Users\talak\AppData\Local\Programs\Python\Python313\Lib\urllib\request.py", line 604, in http_response
    response = self.parent.error(
               │    │      └ <function OpenerDirector.error at 0x0000028684AD6E80>
               │    └ <urllib.request.OpenerDirector object at 0x00000286862D4D70>
               └ <urllib.request.HTTPErrorProcessor object at 0x00000286862D56A0>
  File "C:\Users\talak\AppData\Local\Programs\Python\Python313\Lib\urllib\request.py", line 533, in error
    return self._call_chain(*args)
           │    │            └ ({'default': [<urllib.request.HTTPDefaultErrorHandler object at 0x00000286862D5160>], 301: [<urllib.request.HTTPRedirectHandl...
           │    └ <function OpenerDirector._call_chain at 0x0000028684AD6CA0>
           └ <urllib.request.OpenerDirector object at 0x00000286862D4D70>
  File "C:\Users\talak\AppData\Local\Programs\Python\Python313\Lib\urllib\request.py", line 466, in _call_chain
    result = func(*args)
             │     └ (<urllib.request.Request object at 0x000002868769DE90>, <http.client.HTTPResponse object at 0x000002868632B820>, 403, 'Forbid...
             └ <bound method HTTPDefaultErrorHandler.http_error_default of <urllib.request.HTTPDefaultErrorHandler object at 0x00000286862D5...
  File "C:\Users\talak\AppData\Local\Programs\Python\Python313\Lib\urllib\request.py", line 613, in http_error_default
    raise HTTPError(req.full_url, code, msg, hdrs, fp)
          │         │   │         │     │    │     └ <http.client.HTTPResponse object at 0x000002868632B820>
          │         │   │         │     │    └ <http.client.HTTPMessage object at 0x000002868765BBB0>
          │         │   │         │     └ 'Forbidden'
          │         │   │         └ 403
          │         │   └ <property object at 0x0000028684AB7EC0>
          │         └ <urllib.request.Request object at 0x000002868769DE90>
          └ <class 'urllib.error.HTTPError'>

urllib.error.HTTPError: HTTP Error 403: Forbidden
2026-06-28 22:35:03 | INFO     | sentiment_analysis.ingestion.rss_ingestor:86 — [rss:fda] Fetching https://www.fda.gov/about-fda/contact-fda/stay-informed/rss-feeds/press-releases/rss.xml
2026-06-28 22:35:03 | INFO     | sentiment_analysis.ingestion.rss_ingestor:184 — [rss:fda] Stored 0/20 new articles.
2026-06-28 22:36:49 | INFO     | sentiment_analysis.ingestion.rss_ingestor:86 — [rss:pr_newswire] Fetching https://www.prnewswire.com/rss/news-releases-list.rss
2026-06-28 22:36:50 | INFO     | sentiment_analysis.ingestion.rss_ingestor:184 — [rss:pr_newswire] Stored 0/20 new articles.
2026-06-28 22:36:50 | INFO     | sentiment_analysis.ingestion.rss_ingestor:86 — [rss:globe_newswire_finance] Fetching https://www.globenewswire.com/RssFeed/subjectcode/15-Financial%20Services
2026-06-28 22:36:50 | INFO     | sentiment_analysis.ingestion.rss_ingestor:184 — [rss:globe_newswire_finance] Stored 0/20 new articles.
2026-06-28 22:36:50 | INFO     | sentiment_analysis.ingestion.rss_ingestor:86 — [rss:globe_newswire_ma] Fetching https://www.globenewswire.com/RssFeed/subjectcode/14-Mergers%20and%20Acquisitions
2026-06-28 22:36:50 | INFO     | sentiment_analysis.ingestion.rss_ingestor:184 — [rss:globe_newswire_ma] Stored 0/20 new articles.
2026-06-28 22:36:50 | INFO     | sentiment_analysis.ingestion.rss_ingestor:86 — [rss:sec_edgar] Fetching https://www.sec.gov/cgi-bin/browse-edgar?action=getcurrent&type=8-K&dateb=&owner=include&count=40&output=atom
2026-06-28 22:36:51 | INFO     | sentiment_analysis.ingestion.rss_ingestor:184 — [rss:sec_edgar] Stored 0/40 new articles.
2026-06-28 22:36:51 | INFO     | sentiment_analysis.ingestion.rss_ingestor:86 — [rss:fda] Fetching https://www.fda.gov/about-fda/contact-fda/stay-informed/rss-feeds/press-releases/rss.xml
2026-06-28 22:36:51 | INFO     | sentiment_analysis.ingestion.rss_ingestor:184 — [rss:fda] Stored 0/20 new articles.
2026-06-28 22:37:59 | INFO     | sentiment_analysis.ingestion.rss_ingestor:86 — [rss:pr_newswire] Fetching https://www.prnewswire.com/rss/news-releases-list.rss
2026-06-28 22:37:59 | INFO     | sentiment_analysis.ingestion.rss_ingestor:184 — [rss:pr_newswire] Stored 0/20 new articles.
2026-06-28 22:37:59 | INFO     | sentiment_analysis.ingestion.rss_ingestor:86 — [rss:globe_newswire_finance] Fetching https://www.globenewswire.com/RssFeed/subjectcode/15-Financial%20Services
2026-06-28 22:38:00 | INFO     | sentiment_analysis.ingestion.rss_ingestor:184 — [rss:globe_newswire_finance] Stored 0/20 new articles.
2026-06-28 22:38:00 | INFO     | sentiment_analysis.ingestion.rss_ingestor:86 — [rss:globe_newswire_ma] Fetching https://www.globenewswire.com/RssFeed/subjectcode/14-Mergers%20and%20Acquisitions
2026-06-28 22:38:00 | INFO     | sentiment_analysis.ingestion.rss_ingestor:184 — [rss:globe_newswire_ma] Stored 0/20 new articles.
2026-06-28 22:38:00 | INFO     | sentiment_analysis.ingestion.rss_ingestor:86 — [rss:sec_edgar] Fetching https://www.sec.gov/cgi-bin/browse-edgar?action=getcurrent&type=8-K&dateb=&owner=include&count=40&output=atom
2026-06-28 22:38:00 | INFO     | sentiment_analysis.ingestion.rss_ingestor:184 — [rss:sec_edgar] Stored 0/40 new articles.
2026-06-28 22:38:00 | INFO     | sentiment_analysis.ingestion.rss_ingestor:86 — [rss:fda] Fetching https://www.fda.gov/about-fda/contact-fda/stay-informed/rss-feeds/press-releases/rss.xml
2026-06-28 22:38:00 | INFO     | sentiment_analysis.ingestion.rss_ingestor:184 — [rss:fda] Stored 0/20 new articles.
2026-06-28 22:38:26 | INFO     | sentiment_analysis.ingestion.rss_ingestor:74 — [rss:pr_newswire] Fetching https://www.prnewswire.com/rss/news-releases-list.rss
2026-06-28 22:38:26 | WARNING  | sentiment_analysis.ingestion.rss_ingestor:83 — [rss:pr_newswire] Parse error: <urlopen error [SSL: CERTIFICATE_VERIFY_FAILED] certificate verify failed: Basic Constraints of CA cert not marked critical (_ssl.c:1032)>
2026-06-28 22:38:26 | INFO     | sentiment_analysis.ingestion.rss_ingestor:74 — [rss:globe_newswire] Fetching https://www.globenewswire.com/RssFeed/subjectcode/15-Financial%20Services
2026-06-28 22:38:26 | WARNING  | sentiment_analysis.ingestion.rss_ingestor:83 — [rss:globe_newswire] Parse error: <urlopen error [SSL: CERTIFICATE_VERIFY_FAILED] certificate verify failed: Basic Constraints of CA cert not marked critical (_ssl.c:1032)>
2026-06-28 22:38:26 | INFO     | sentiment_analysis.ingestion.rss_ingestor:74 — [rss:access_newswire] Fetching https://www.accessnewswire.com/rss
2026-06-28 22:38:26 | WARNING  | sentiment_analysis.ingestion.rss_ingestor:83 — [rss:access_newswire] Parse error: <urlopen error [SSL: CERTIFICATE_VERIFY_FAILED] certificate verify failed: Basic Constraints of CA cert not marked critical (_ssl.c:1032)>
2026-06-28 22:38:26 | INFO     | sentiment_analysis.ingestion.rss_ingestor:74 — [rss:sec_edgar] Fetching https://www.sec.gov/cgi-bin/browse-edgar?action=getcurrent&type=8-K&dateb=&owner=include&count=40&output=atom
2026-06-28 22:38:26 | WARNING  | sentiment_analysis.ingestion.rss_ingestor:83 — [rss:sec_edgar] Parse error: <urlopen error [SSL: CERTIFICATE_VERIFY_FAILED] certificate verify failed: Basic Constraints of CA cert not marked critical (_ssl.c:1032)>
2026-06-28 22:38:26 | INFO     | sentiment_analysis.ingestion.rss_ingestor:74 — [rss:fda] Fetching https://www.fda.gov/about-fda/contact-fda/stay-informed/rss-feeds/press-releases/rss.xml
2026-06-28 22:38:26 | WARNING  | sentiment_analysis.ingestion.rss_ingestor:83 — [rss:fda] Parse error: <urlopen error [SSL: CERTIFICATE_VERIFY_FAILED] certificate verify failed: Basic Constraints of CA cert not marked critical (_ssl.c:1032)>
2026-06-28 22:39:52 | INFO     | sentiment_analysis.ingestion.rss_ingestor:84 — [rss:pr_newswire] Fetching https://www.prnewswire.com/rss/news-releases-list.rss
2026-06-28 22:39:52 | INFO     | sentiment_analysis.ingestion.rss_ingestor:172 — [rss:pr_newswire] Stored 0/20 new articles.
2026-06-28 22:39:52 | INFO     | sentiment_analysis.ingestion.rss_ingestor:84 — [rss:globe_newswire] Fetching https://www.globenewswire.com/RssFeed/subjectcode/15-Financial%20Services
2026-06-28 22:39:52 | INFO     | sentiment_analysis.ingestion.rss_ingestor:172 — [rss:globe_newswire] Stored 0/20 new articles.
2026-06-28 22:39:52 | INFO     | sentiment_analysis.ingestion.rss_ingestor:84 — [rss:access_newswire] Fetching https://www.accessnewswire.com/rss
2026-06-28 22:39:53 | WARNING  | sentiment_analysis.ingestion.rss_ingestor:93 — [rss:access_newswire] Parse error: <unknown>:113:48: not well-formed (invalid token)
2026-06-28 22:39:53 | INFO     | sentiment_analysis.ingestion.rss_ingestor:84 — [rss:sec_edgar] Fetching https://www.sec.gov/cgi-bin/browse-edgar?action=getcurrent&type=8-K&dateb=&owner=include&count=40&output=atom
2026-06-28 22:39:53 | WARNING  | sentiment_analysis.ingestion.rss_ingestor:93 — [rss:sec_edgar] Parse error: <unknown>:51:124: mismatched tag
2026-06-28 22:39:53 | INFO     | sentiment_analysis.ingestion.rss_ingestor:84 — [rss:fda] Fetching https://www.fda.gov/about-fda/contact-fda/stay-informed/rss-feeds/press-releases/rss.xml
2026-06-28 22:39:53 | INFO     | sentiment_analysis.ingestion.rss_ingestor:172 — [rss:fda] Stored 0/20 new articles.
2026-06-28 22:40:02 | INFO     | sentiment_analysis.ingestion.rss_ingestor:86 — [rss:pr_newswire] Fetching https://www.prnewswire.com/rss/news-releases-list.rss
2026-06-28 22:40:03 | INFO     | sentiment_analysis.ingestion.rss_ingestor:184 — [rss:pr_newswire] Stored 0/20 new articles.
2026-06-28 22:40:03 | INFO     | sentiment_analysis.ingestion.rss_ingestor:86 — [rss:globe_newswire_finance] Fetching https://www.globenewswire.com/RssFeed/subjectcode/15-Financial%20Services
2026-06-28 22:40:03 | INFO     | sentiment_analysis.ingestion.rss_ingestor:184 — [rss:globe_newswire_finance] Stored 0/20 new articles.
2026-06-28 22:40:03 | INFO     | sentiment_analysis.ingestion.rss_ingestor:86 — [rss:globe_newswire_ma] Fetching https://www.globenewswire.com/RssFeed/subjectcode/14-Mergers%20and%20Acquisitions
2026-06-28 22:40:04 | INFO     | sentiment_analysis.ingestion.rss_ingestor:184 — [rss:globe_newswire_ma] Stored 0/20 new articles.
2026-06-28 22:40:04 | INFO     | sentiment_analysis.ingestion.rss_ingestor:86 — [rss:sec_edgar] Fetching https://www.sec.gov/cgi-bin/browse-edgar?action=getcurrent&type=8-K&dateb=&owner=include&count=40&output=atom
2026-06-28 22:40:04 | ERROR    | sentiment_analysis.ingestion.rss_ingestor:191 — [rss:sec_edgar] Unexpected error: HTTP Error 403: Forbidden
Traceback (most recent call last):

  File "<frozen runpy>", line 198, in _run_module_as_main
  File "<frozen runpy>", line 88, in _run_code

  File "C:\Users\talak\Downloads\Stock Sentiment\sentiment_analysis\main.py", line 166, in <module>
    main()
    └ <function main at 0x0000028686300CC0>

  File "C:\Users\talak\Downloads\Stock Sentiment\sentiment_analysis\main.py", line 154, in main
    asyncio.run(_run_pipeline())
    │       │   └ <function _run_pipeline at 0x000002868483EDE0>
    │       └ <function run at 0x00000286841125C0>
    └ <module 'asyncio' from 'C:\\Users\\talak\\AppData\\Local\\Programs\\Python\\Python313\\Lib\\asyncio\\__init__.py'>

  File "C:\Users\talak\AppData\Local\Programs\Python\Python313\Lib\asyncio\runners.py", line 195, in run
    return runner.run(main)
           │      │   └ <coroutine object _run_pipeline at 0x00000286862FF760>
           │      └ <function Runner.run at 0x0000028684592020>
           └ <asyncio.runners.Runner object at 0x0000028684755E80>
  File "C:\Users\talak\AppData\Local\Programs\Python\Python313\Lib\asyncio\runners.py", line 118, in run
    return self._loop.run_until_complete(task)
           │    │     │                  └ <Task pending name='Task-1' coro=<_run_pipeline() running at C:\Users\talak\Downloads\Stock Sentiment\sentiment_analysis\main...
           │    │     └ <function BaseEventLoop.run_until_complete at 0x000002868417BBA0>
           │    └ <ProactorEventLoop running=True closed=False debug=False>
           └ <asyncio.runners.Runner object at 0x0000028684755E80>
  File "C:\Users\talak\AppData\Local\Programs\Python\Python313\Lib\asyncio\base_events.py", line 712, in run_until_complete
    self.run_forever()
    │    └ <function BaseEventLoop.run_forever at 0x000002868417BB00>
    └ <ProactorEventLoop running=True closed=False debug=False>
  File "C:\Users\talak\AppData\Local\Programs\Python\Python313\Lib\asyncio\base_events.py", line 683, in run_forever
    self._run_once()
    │    └ <function BaseEventLoop._run_once at 0x0000028684591940>
    └ <ProactorEventLoop running=True closed=False debug=False>
  File "C:\Users\talak\AppData\Local\Programs\Python\Python313\Lib\asyncio\base_events.py", line 2061, in _run_once
    handle._run()
    │      └ <function Handle._run at 0x0000028684113420>
    └ <Handle Task.task_wakeup()>
  File "C:\Users\talak\AppData\Local\Programs\Python\Python313\Lib\asyncio\events.py", line 89, in _run
    self._context.run(self._callback, *self._args)
    │    │            │    │           │    └ <member '_args' of 'Handle' objects>
    │    │            │    │           └ <Handle Task.task_wakeup()>
    │    │            │    └ <member '_callback' of 'Handle' objects>
    │    │            └ <Handle Task.task_wakeup()>
    │    └ <member '_context' of 'Handle' objects>
    └ <Handle Task.task_wakeup()>
  File "C:\Users\talak\Downloads\Stock Sentiment\venv\Lib\site-packages\apscheduler\executors\base.py", line 181, in run_coroutine_job
    retval = await job.func(*job.args, **job.kwargs)
                   │   │     │   │       │   └ <member 'kwargs' of 'Job' objects>
                   │   │     │   │       └ <Job (id=rss_ingestor name=RSS Feed Ingestion)>
                   │   │     │   └ <member 'args' of 'Job' objects>
                   │   │     └ <Job (id=rss_ingestor name=RSS Feed Ingestion)>
                   │   └ <member 'func' of 'Job' objects>
                   └ <Job (id=rss_ingestor name=RSS Feed Ingestion)>

  File "C:\Users\talak\Downloads\Stock Sentiment\sentiment_analysis\ingestion\scheduler.py", line 33, in _job_rss
    await _get_rss().run()
          └ <function _get_rss at 0x000002868483ED40>

  File "C:\Users\talak\Downloads\Stock Sentiment\sentiment_analysis\ingestion\rss_ingestor.py", line 68, in run
    _HTML_TAGS  = re.compile(r'<[^>]+>')

> File "C:\Users\talak\Downloads\Stock Sentiment\sentiment_analysis\ingestion\rss_ingestor.py", line 95, in _process_feed
    "4 - Microsoft Corp (0000789019) (Issuer)"  → "Form 4 — Microsoft Corp (Insider Trading)"

  File "C:\Users\talak\AppData\Local\Programs\Python\Python313\Lib\urllib\request.py", line 495, in open
    response = meth(req, response)
               │    │    └ <http.client.HTTPResponse object at 0x0000028687615390>
               │    └ <urllib.request.Request object at 0x000002868769DE90>
               └ <bound method HTTPErrorProcessor.http_response of <urllib.request.HTTPErrorProcessor object at 0x00000286862D56A0>>
  File "C:\Users\talak\AppData\Local\Programs\Python\Python313\Lib\urllib\request.py", line 604, in http_response
    response = self.parent.error(
               │    │      └ <function OpenerDirector.error at 0x0000028684AD6E80>
               │    └ <urllib.request.OpenerDirector object at 0x00000286862D4D70>
               └ <urllib.request.HTTPErrorProcessor object at 0x00000286862D56A0>
  File "C:\Users\talak\AppData\Local\Programs\Python\Python313\Lib\urllib\request.py", line 533, in error
    return self._call_chain(*args)
           │    │            └ ({'default': [<urllib.request.HTTPDefaultErrorHandler object at 0x00000286862D5160>], 301: [<urllib.request.HTTPRedirectHandl...
           │    └ <function OpenerDirector._call_chain at 0x0000028684AD6CA0>
           └ <urllib.request.OpenerDirector object at 0x00000286862D4D70>
  File "C:\Users\talak\AppData\Local\Programs\Python\Python313\Lib\urllib\request.py", line 466, in _call_chain
    result = func(*args)
             │     └ (<urllib.request.Request object at 0x000002868769DE90>, <http.client.HTTPResponse object at 0x0000028687615390>, 403, 'Forbid...
             └ <bound method HTTPDefaultErrorHandler.http_error_default of <urllib.request.HTTPDefaultErrorHandler object at 0x00000286862D5...
  File "C:\Users\talak\AppData\Local\Programs\Python\Python313\Lib\urllib\request.py", line 613, in http_error_default
    raise HTTPError(req.full_url, code, msg, hdrs, fp)
          │         │   │         │     │    │     └ <http.client.HTTPResponse object at 0x0000028687615390>
          │         │   │         │     │    └ <http.client.HTTPMessage object at 0x000002868765BF70>
          │         │   │         │     └ 'Forbidden'
          │         │   │         └ 403
          │         │   └ <property object at 0x0000028684AB7EC0>
          │         └ <urllib.request.Request object at 0x000002868769DE90>
          └ <class 'urllib.error.HTTPError'>

urllib.error.HTTPError: HTTP Error 403: Forbidden
2026-06-28 22:40:04 | INFO     | sentiment_analysis.ingestion.rss_ingestor:86 — [rss:fda] Fetching https://www.fda.gov/about-fda/contact-fda/stay-informed/rss-feeds/press-releases/rss.xml
2026-06-28 22:40:04 | INFO     | sentiment_analysis.ingestion.rss_ingestor:184 — [rss:fda] Stored 0/20 new articles.
2026-06-28 22:41:49 | INFO     | sentiment_analysis.ingestion.rss_ingestor:86 — [rss:pr_newswire] Fetching https://www.prnewswire.com/rss/news-releases-list.rss
2026-06-28 22:41:50 | INFO     | sentiment_analysis.ingestion.rss_ingestor:184 — [rss:pr_newswire] Stored 0/20 new articles.
2026-06-28 22:41:50 | INFO     | sentiment_analysis.ingestion.rss_ingestor:86 — [rss:globe_newswire_finance] Fetching https://www.globenewswire.com/RssFeed/subjectcode/15-Financial%20Services
2026-06-28 22:41:50 | INFO     | sentiment_analysis.ingestion.rss_ingestor:184 — [rss:globe_newswire_finance] Stored 0/20 new articles.
2026-06-28 22:41:50 | INFO     | sentiment_analysis.ingestion.rss_ingestor:86 — [rss:globe_newswire_ma] Fetching https://www.globenewswire.com/RssFeed/subjectcode/14-Mergers%20and%20Acquisitions
2026-06-28 22:41:50 | INFO     | sentiment_analysis.ingestion.rss_ingestor:184 — [rss:globe_newswire_ma] Stored 0/20 new articles.
2026-06-28 22:41:50 | INFO     | sentiment_analysis.ingestion.rss_ingestor:86 — [rss:sec_edgar] Fetching https://www.sec.gov/cgi-bin/browse-edgar?action=getcurrent&type=8-K&dateb=&owner=include&count=40&output=atom
2026-06-28 22:41:50 | INFO     | sentiment_analysis.ingestion.rss_ingestor:184 — [rss:sec_edgar] Stored 0/40 new articles.
2026-06-28 22:41:50 | INFO     | sentiment_analysis.ingestion.rss_ingestor:86 — [rss:fda] Fetching https://www.fda.gov/about-fda/contact-fda/stay-informed/rss-feeds/press-releases/rss.xml
2026-06-28 22:41:51 | INFO     | sentiment_analysis.ingestion.rss_ingestor:184 — [rss:fda] Stored 0/20 new articles.
2026-06-28 22:42:59 | INFO     | sentiment_analysis.ingestion.rss_ingestor:86 — [rss:pr_newswire] Fetching https://www.prnewswire.com/rss/news-releases-list.rss
2026-06-28 22:42:59 | INFO     | sentiment_analysis.ingestion.rss_ingestor:184 — [rss:pr_newswire] Stored 0/20 new articles.
2026-06-28 22:42:59 | INFO     | sentiment_analysis.ingestion.rss_ingestor:86 — [rss:globe_newswire_finance] Fetching https://www.globenewswire.com/RssFeed/subjectcode/15-Financial%20Services
2026-06-28 22:43:00 | DEBUG    | sentiment_analysis.nlp.pipeline:65 — [nlp] No unprocessed articles.
2026-06-28 22:43:00 | INFO     | sentiment_analysis.ingestion.rss_ingestor:184 — [rss:globe_newswire_finance] Stored 0/20 new articles.
2026-06-28 22:43:00 | INFO     | sentiment_analysis.ingestion.rss_ingestor:86 — [rss:globe_newswire_ma] Fetching https://www.globenewswire.com/RssFeed/subjectcode/14-Mergers%20and%20Acquisitions
2026-06-28 22:43:00 | INFO     | sentiment_analysis.ingestion.rss_ingestor:184 — [rss:globe_newswire_ma] Stored 0/20 new articles.
2026-06-28 22:43:00 | INFO     | sentiment_analysis.ingestion.rss_ingestor:86 — [rss:sec_edgar] Fetching https://www.sec.gov/cgi-bin/browse-edgar?action=getcurrent&type=8-K&dateb=&owner=include&count=40&output=atom
2026-06-28 22:43:02 | INFO     | sentiment_analysis.ingestion.rss_ingestor:184 — [rss:sec_edgar] Stored 0/40 new articles.
2026-06-28 22:43:02 | INFO     | sentiment_analysis.ingestion.rss_ingestor:86 — [rss:fda] Fetching https://www.fda.gov/about-fda/contact-fda/stay-informed/rss-feeds/press-releases/rss.xml
2026-06-28 22:43:02 | INFO     | sentiment_analysis.ingestion.rss_ingestor:184 — [rss:fda] Stored 0/20 new articles.
2026-06-28 22:43:26 | INFO     | sentiment_analysis.ingestion.rss_ingestor:74 — [rss:pr_newswire] Fetching https://www.prnewswire.com/rss/news-releases-list.rss
2026-06-28 22:43:26 | WARNING  | sentiment_analysis.ingestion.rss_ingestor:83 — [rss:pr_newswire] Parse error: <urlopen error [SSL: CERTIFICATE_VERIFY_FAILED] certificate verify failed: Basic Constraints of CA cert not marked critical (_ssl.c:1032)>
2026-06-28 22:43:26 | INFO     | sentiment_analysis.ingestion.rss_ingestor:74 — [rss:globe_newswire] Fetching https://www.globenewswire.com/RssFeed/subjectcode/15-Financial%20Services
2026-06-28 22:43:26 | WARNING  | sentiment_analysis.ingestion.rss_ingestor:83 — [rss:globe_newswire] Parse error: <urlopen error [SSL: CERTIFICATE_VERIFY_FAILED] certificate verify failed: Basic Constraints of CA cert not marked critical (_ssl.c:1032)>
2026-06-28 22:43:26 | INFO     | sentiment_analysis.ingestion.rss_ingestor:74 — [rss:access_newswire] Fetching https://www.accessnewswire.com/rss
2026-06-28 22:43:26 | WARNING  | sentiment_analysis.ingestion.rss_ingestor:83 — [rss:access_newswire] Parse error: <urlopen error [SSL: CERTIFICATE_VERIFY_FAILED] certificate verify failed: Basic Constraints of CA cert not marked critical (_ssl.c:1032)>
2026-06-28 22:43:26 | INFO     | sentiment_analysis.ingestion.rss_ingestor:74 — [rss:sec_edgar] Fetching https://www.sec.gov/cgi-bin/browse-edgar?action=getcurrent&type=8-K&dateb=&owner=include&count=40&output=atom
2026-06-28 22:43:26 | WARNING  | sentiment_analysis.ingestion.rss_ingestor:83 — [rss:sec_edgar] Parse error: <urlopen error [SSL: CERTIFICATE_VERIFY_FAILED] certificate verify failed: Basic Constraints of CA cert not marked critical (_ssl.c:1032)>
2026-06-28 22:43:26 | INFO     | sentiment_analysis.ingestion.rss_ingestor:74 — [rss:fda] Fetching https://www.fda.gov/about-fda/contact-fda/stay-informed/rss-feeds/press-releases/rss.xml
2026-06-28 22:43:26 | WARNING  | sentiment_analysis.ingestion.rss_ingestor:83 — [rss:fda] Parse error: <urlopen error [SSL: CERTIFICATE_VERIFY_FAILED] certificate verify failed: Basic Constraints of CA cert not marked critical (_ssl.c:1032)>
2026-06-28 22:44:52 | INFO     | sentiment_analysis.ingestion.rss_ingestor:84 — [rss:pr_newswire] Fetching https://www.prnewswire.com/rss/news-releases-list.rss
2026-06-28 22:44:52 | INFO     | sentiment_analysis.ingestion.rss_ingestor:172 — [rss:pr_newswire] Stored 0/20 new articles.
2026-06-28 22:44:52 | INFO     | sentiment_analysis.ingestion.rss_ingestor:84 — [rss:globe_newswire] Fetching https://www.globenewswire.com/RssFeed/subjectcode/15-Financial%20Services
2026-06-28 22:44:52 | INFO     | sentiment_analysis.ingestion.rss_ingestor:172 — [rss:globe_newswire] Stored 0/20 new articles.
2026-06-28 22:44:52 | INFO     | sentiment_analysis.ingestion.rss_ingestor:84 — [rss:access_newswire] Fetching https://www.accessnewswire.com/rss
2026-06-28 22:44:52 | WARNING  | sentiment_analysis.ingestion.rss_ingestor:93 — [rss:access_newswire] Parse error: <unknown>:113:48: not well-formed (invalid token)
2026-06-28 22:44:52 | INFO     | sentiment_analysis.ingestion.rss_ingestor:84 — [rss:sec_edgar] Fetching https://www.sec.gov/cgi-bin/browse-edgar?action=getcurrent&type=8-K&dateb=&owner=include&count=40&output=atom
2026-06-28 22:44:53 | WARNING  | sentiment_analysis.ingestion.rss_ingestor:93 — [rss:sec_edgar] Parse error: <unknown>:51:124: mismatched tag
2026-06-28 22:44:53 | INFO     | sentiment_analysis.ingestion.rss_ingestor:84 — [rss:fda] Fetching https://www.fda.gov/about-fda/contact-fda/stay-informed/rss-feeds/press-releases/rss.xml
2026-06-28 22:44:53 | INFO     | sentiment_analysis.ingestion.rss_ingestor:172 — [rss:fda] Stored 0/20 new articles.
2026-06-28 22:45:02 | INFO     | sentiment_analysis.ingestion.rss_ingestor:86 — [rss:pr_newswire] Fetching https://www.prnewswire.com/rss/news-releases-list.rss
2026-06-28 22:45:03 | INFO     | sentiment_analysis.ingestion.rss_ingestor:184 — [rss:pr_newswire] Stored 1/20 new articles.
2026-06-28 22:45:03 | INFO     | sentiment_analysis.ingestion.rss_ingestor:86 — [rss:globe_newswire_finance] Fetching https://www.globenewswire.com/RssFeed/subjectcode/15-Financial%20Services
2026-06-28 22:45:03 | INFO     | sentiment_analysis.ingestion.rss_ingestor:184 — [rss:globe_newswire_finance] Stored 0/20 new articles.
2026-06-28 22:45:03 | INFO     | sentiment_analysis.ingestion.rss_ingestor:86 — [rss:globe_newswire_ma] Fetching https://www.globenewswire.com/RssFeed/subjectcode/14-Mergers%20and%20Acquisitions
2026-06-28 22:45:03 | INFO     | sentiment_analysis.ingestion.rss_ingestor:184 — [rss:globe_newswire_ma] Stored 0/20 new articles.
2026-06-28 22:45:03 | INFO     | sentiment_analysis.ingestion.rss_ingestor:86 — [rss:sec_edgar] Fetching https://www.sec.gov/cgi-bin/browse-edgar?action=getcurrent&type=8-K&dateb=&owner=include&count=40&output=atom
2026-06-28 22:45:03 | ERROR    | sentiment_analysis.ingestion.rss_ingestor:191 — [rss:sec_edgar] Unexpected error: HTTP Error 403: Forbidden
Traceback (most recent call last):

  File "<frozen runpy>", line 198, in _run_module_as_main
  File "<frozen runpy>", line 88, in _run_code

  File "C:\Users\talak\Downloads\Stock Sentiment\sentiment_analysis\main.py", line 166, in <module>
    main()
    └ <function main at 0x0000028686300CC0>

  File "C:\Users\talak\Downloads\Stock Sentiment\sentiment_analysis\main.py", line 154, in main
    asyncio.run(_run_pipeline())
    │       │   └ <function _run_pipeline at 0x000002868483EDE0>
    │       └ <function run at 0x00000286841125C0>
    └ <module 'asyncio' from 'C:\\Users\\talak\\AppData\\Local\\Programs\\Python\\Python313\\Lib\\asyncio\\__init__.py'>

  File "C:\Users\talak\AppData\Local\Programs\Python\Python313\Lib\asyncio\runners.py", line 195, in run
    return runner.run(main)
           │      │   └ <coroutine object _run_pipeline at 0x00000286862FF760>
           │      └ <function Runner.run at 0x0000028684592020>
           └ <asyncio.runners.Runner object at 0x0000028684755E80>
  File "C:\Users\talak\AppData\Local\Programs\Python\Python313\Lib\asyncio\runners.py", line 118, in run
    return self._loop.run_until_complete(task)
           │    │     │                  └ <Task pending name='Task-1' coro=<_run_pipeline() running at C:\Users\talak\Downloads\Stock Sentiment\sentiment_analysis\main...
           │    │     └ <function BaseEventLoop.run_until_complete at 0x000002868417BBA0>
           │    └ <ProactorEventLoop running=True closed=False debug=False>
           └ <asyncio.runners.Runner object at 0x0000028684755E80>
  File "C:\Users\talak\AppData\Local\Programs\Python\Python313\Lib\asyncio\base_events.py", line 712, in run_until_complete
    self.run_forever()
    │    └ <function BaseEventLoop.run_forever at 0x000002868417BB00>
    └ <ProactorEventLoop running=True closed=False debug=False>
  File "C:\Users\talak\AppData\Local\Programs\Python\Python313\Lib\asyncio\base_events.py", line 683, in run_forever
    self._run_once()
    │    └ <function BaseEventLoop._run_once at 0x0000028684591940>
    └ <ProactorEventLoop running=True closed=False debug=False>
  File "C:\Users\talak\AppData\Local\Programs\Python\Python313\Lib\asyncio\base_events.py", line 2061, in _run_once
    handle._run()
    │      └ <function Handle._run at 0x0000028684113420>
    └ <Handle Task.task_wakeup()>
  File "C:\Users\talak\AppData\Local\Programs\Python\Python313\Lib\asyncio\events.py", line 89, in _run
    self._context.run(self._callback, *self._args)
    │    │            │    │           │    └ <member '_args' of 'Handle' objects>
    │    │            │    │           └ <Handle Task.task_wakeup()>
    │    │            │    └ <member '_callback' of 'Handle' objects>
    │    │            └ <Handle Task.task_wakeup()>
    │    └ <member '_context' of 'Handle' objects>
    └ <Handle Task.task_wakeup()>
  File "C:\Users\talak\Downloads\Stock Sentiment\venv\Lib\site-packages\apscheduler\executors\base.py", line 181, in run_coroutine_job
    retval = await job.func(*job.args, **job.kwargs)
                   │   │     │   │       │   └ <member 'kwargs' of 'Job' objects>
                   │   │     │   │       └ <Job (id=rss_ingestor name=RSS Feed Ingestion)>
                   │   │     │   └ <member 'args' of 'Job' objects>
                   │   │     └ <Job (id=rss_ingestor name=RSS Feed Ingestion)>
                   │   └ <member 'func' of 'Job' objects>
                   └ <Job (id=rss_ingestor name=RSS Feed Ingestion)>

  File "C:\Users\talak\Downloads\Stock Sentiment\sentiment_analysis\ingestion\scheduler.py", line 33, in _job_rss
    await _get_rss().run()
          └ <function _get_rss at 0x000002868483ED40>

  File "C:\Users\talak\Downloads\Stock Sentiment\sentiment_analysis\ingestion\rss_ingestor.py", line 68, in run
    _HTML_TAGS  = re.compile(r'<[^>]+>')

> File "C:\Users\talak\Downloads\Stock Sentiment\sentiment_analysis\ingestion\rss_ingestor.py", line 95, in _process_feed
    "4 - Microsoft Corp (0000789019) (Issuer)"  → "Form 4 — Microsoft Corp (Insider Trading)"

  File "C:\Users\talak\AppData\Local\Programs\Python\Python313\Lib\urllib\request.py", line 495, in open
    response = meth(req, response)
               │    │    └ <http.client.HTTPResponse object at 0x0000028687546530>
               │    └ <urllib.request.Request object at 0x000002868769DE90>
               └ <bound method HTTPErrorProcessor.http_response of <urllib.request.HTTPErrorProcessor object at 0x00000286862D56A0>>
  File "C:\Users\talak\AppData\Local\Programs\Python\Python313\Lib\urllib\request.py", line 604, in http_response
    response = self.parent.error(
               │    │      └ <function OpenerDirector.error at 0x0000028684AD6E80>
               │    └ <urllib.request.OpenerDirector object at 0x00000286862D4D70>
               └ <urllib.request.HTTPErrorProcessor object at 0x00000286862D56A0>
  File "C:\Users\talak\AppData\Local\Programs\Python\Python313\Lib\urllib\request.py", line 533, in error
    return self._call_chain(*args)
           │    │            └ ({'default': [<urllib.request.HTTPDefaultErrorHandler object at 0x00000286862D5160>], 301: [<urllib.request.HTTPRedirectHandl...
           │    └ <function OpenerDirector._call_chain at 0x0000028684AD6CA0>
           └ <urllib.request.OpenerDirector object at 0x00000286862D4D70>
  File "C:\Users\talak\AppData\Local\Programs\Python\Python313\Lib\urllib\request.py", line 466, in _call_chain
    result = func(*args)
             │     └ (<urllib.request.Request object at 0x000002868769DE90>, <http.client.HTTPResponse object at 0x0000028687546530>, 403, 'Forbid...
             └ <bound method HTTPDefaultErrorHandler.http_error_default of <urllib.request.HTTPDefaultErrorHandler object at 0x00000286862D5...
  File "C:\Users\talak\AppData\Local\Programs\Python\Python313\Lib\urllib\request.py", line 613, in http_error_default
    raise HTTPError(req.full_url, code, msg, hdrs, fp)
          │         │   │         │     │    │     └ <http.client.HTTPResponse object at 0x0000028687546530>
          │         │   │         │     │    └ <http.client.HTTPMessage object at 0x000002868765B890>
          │         │   │         │     └ 'Forbidden'
          │         │   │         └ 403
          │         │   └ <property object at 0x0000028684AB7EC0>
          │         └ <urllib.request.Request object at 0x000002868769DE90>
          └ <class 'urllib.error.HTTPError'>

urllib.error.HTTPError: HTTP Error 403: Forbidden
2026-06-28 22:45:03 | INFO     | sentiment_analysis.ingestion.rss_ingestor:86 — [rss:fda] Fetching https://www.fda.gov/about-fda/contact-fda/stay-informed/rss-feeds/press-releases/rss.xml
2026-06-28 22:45:03 | INFO     | sentiment_analysis.ingestion.rss_ingestor:184 — [rss:fda] Stored 0/20 new articles.
2026-06-28 22:46:49 | INFO     | sentiment_analysis.ingestion.rss_ingestor:86 — [rss:pr_newswire] Fetching https://www.prnewswire.com/rss/news-releases-list.rss
2026-06-28 22:46:50 | INFO     | sentiment_analysis.ingestion.rss_ingestor:184 — [rss:pr_newswire] Stored 0/20 new articles.
2026-06-28 22:46:50 | INFO     | sentiment_analysis.ingestion.rss_ingestor:86 — [rss:globe_newswire_finance] Fetching https://www.globenewswire.com/RssFeed/subjectcode/15-Financial%20Services
2026-06-28 22:46:50 | INFO     | sentiment_analysis.ingestion.rss_ingestor:184 — [rss:globe_newswire_finance] Stored 0/20 new articles.
2026-06-28 22:46:50 | INFO     | sentiment_analysis.ingestion.rss_ingestor:86 — [rss:globe_newswire_ma] Fetching https://www.globenewswire.com/RssFeed/subjectcode/14-Mergers%20and%20Acquisitions
2026-06-28 22:46:51 | INFO     | sentiment_analysis.ingestion.rss_ingestor:184 — [rss:globe_newswire_ma] Stored 0/20 new articles.
2026-06-28 22:46:51 | INFO     | sentiment_analysis.ingestion.rss_ingestor:86 — [rss:sec_edgar] Fetching https://www.sec.gov/cgi-bin/browse-edgar?action=getcurrent&type=8-K&dateb=&owner=include&count=40&output=atom
2026-06-28 22:46:51 | INFO     | sentiment_analysis.ingestion.rss_ingestor:184 — [rss:sec_edgar] Stored 0/40 new articles.
2026-06-28 22:46:51 | INFO     | sentiment_analysis.ingestion.rss_ingestor:86 — [rss:fda] Fetching https://www.fda.gov/about-fda/contact-fda/stay-informed/rss-feeds/press-releases/rss.xml
2026-06-28 22:46:51 | INFO     | sentiment_analysis.ingestion.rss_ingestor:184 — [rss:fda] Stored 0/20 new articles.
2026-06-28 22:47:59 | INFO     | sentiment_analysis.ingestion.rss_ingestor:86 — [rss:pr_newswire] Fetching https://www.prnewswire.com/rss/news-releases-list.rss
2026-06-28 22:48:01 | INFO     | sentiment_analysis.ingestion.rss_ingestor:184 — [rss:pr_newswire] Stored 0/20 new articles.
2026-06-28 22:48:01 | INFO     | sentiment_analysis.ingestion.rss_ingestor:86 — [rss:globe_newswire_finance] Fetching https://www.globenewswire.com/RssFeed/subjectcode/15-Financial%20Services
2026-06-28 22:48:01 | INFO     | sentiment_analysis.ingestion.rss_ingestor:184 — [rss:globe_newswire_finance] Stored 0/20 new articles.
2026-06-28 22:48:01 | INFO     | sentiment_analysis.ingestion.rss_ingestor:86 — [rss:globe_newswire_ma] Fetching https://www.globenewswire.com/RssFeed/subjectcode/14-Mergers%20and%20Acquisitions
2026-06-28 22:48:02 | INFO     | sentiment_analysis.ingestion.rss_ingestor:184 — [rss:globe_newswire_ma] Stored 0/20 new articles.
2026-06-28 22:48:02 | INFO     | sentiment_analysis.ingestion.rss_ingestor:86 — [rss:sec_edgar] Fetching https://www.sec.gov/cgi-bin/browse-edgar?action=getcurrent&type=8-K&dateb=&owner=include&count=40&output=atom
2026-06-28 22:48:02 | INFO     | sentiment_analysis.ingestion.rss_ingestor:184 — [rss:sec_edgar] Stored 0/40 new articles.
2026-06-28 22:48:02 | INFO     | sentiment_analysis.ingestion.rss_ingestor:86 — [rss:fda] Fetching https://www.fda.gov/about-fda/contact-fda/stay-informed/rss-feeds/press-releases/rss.xml
2026-06-28 22:48:02 | INFO     | sentiment_analysis.ingestion.rss_ingestor:184 — [rss:fda] Stored 0/20 new articles.
2026-06-28 22:48:26 | INFO     | sentiment_analysis.ingestion.rss_ingestor:74 — [rss:pr_newswire] Fetching https://www.prnewswire.com/rss/news-releases-list.rss
2026-06-28 22:48:26 | WARNING  | sentiment_analysis.ingestion.rss_ingestor:83 — [rss:pr_newswire] Parse error: <urlopen error [SSL: CERTIFICATE_VERIFY_FAILED] certificate verify failed: Basic Constraints of CA cert not marked critical (_ssl.c:1032)>
2026-06-28 22:48:26 | INFO     | sentiment_analysis.ingestion.rss_ingestor:74 — [rss:globe_newswire] Fetching https://www.globenewswire.com/RssFeed/subjectcode/15-Financial%20Services
2026-06-28 22:48:26 | WARNING  | sentiment_analysis.ingestion.rss_ingestor:83 — [rss:globe_newswire] Parse error: <urlopen error [SSL: CERTIFICATE_VERIFY_FAILED] certificate verify failed: Basic Constraints of CA cert not marked critical (_ssl.c:1032)>
2026-06-28 22:48:26 | INFO     | sentiment_analysis.ingestion.rss_ingestor:74 — [rss:access_newswire] Fetching https://www.accessnewswire.com/rss
2026-06-28 22:48:26 | WARNING  | sentiment_analysis.ingestion.rss_ingestor:83 — [rss:access_newswire] Parse error: <urlopen error [SSL: CERTIFICATE_VERIFY_FAILED] certificate verify failed: Basic Constraints of CA cert not marked critical (_ssl.c:1032)>
2026-06-28 22:48:26 | INFO     | sentiment_analysis.ingestion.rss_ingestor:74 — [rss:sec_edgar] Fetching https://www.sec.gov/cgi-bin/browse-edgar?action=getcurrent&type=8-K&dateb=&owner=include&count=40&output=atom
2026-06-28 22:48:26 | WARNING  | sentiment_analysis.ingestion.rss_ingestor:83 — [rss:sec_edgar] Parse error: <urlopen error [SSL: CERTIFICATE_VERIFY_FAILED] certificate verify failed: Basic Constraints of CA cert not marked critical (_ssl.c:1032)>
2026-06-28 22:48:26 | INFO     | sentiment_analysis.ingestion.rss_ingestor:74 — [rss:fda] Fetching https://www.fda.gov/about-fda/contact-fda/stay-informed/rss-feeds/press-releases/rss.xml
2026-06-28 22:48:26 | WARNING  | sentiment_analysis.ingestion.rss_ingestor:83 — [rss:fda] Parse error: <urlopen error [SSL: CERTIFICATE_VERIFY_FAILED] certificate verify failed: Basic Constraints of CA cert not marked critical (_ssl.c:1032)>
2026-06-28 23:50:38 | INFO     | sentiment_analysis.ingestion.rss_ingestor:86 — [rss:pr_newswire] Fetching https://www.prnewswire.com/rss/news-releases-list.rss
2026-06-28 23:50:38 | INFO     | sentiment_analysis.ingestion.rss_ingestor:84 — [rss:pr_newswire] Fetching https://www.prnewswire.com/rss/news-releases-list.rss
2026-06-28 23:50:38 | INFO     | sentiment_analysis.ingestion.rss_ingestor:184 — [rss:pr_newswire] Stored 3/20 new articles.
2026-06-28 23:50:38 | INFO     | sentiment_analysis.ingestion.rss_ingestor:86 — [rss:globe_newswire_finance] Fetching https://www.globenewswire.com/RssFeed/subjectcode/15-Financial%20Services
2026-06-28 23:50:38 | INFO     | sentiment_analysis.ingestion.rss_ingestor:172 — [rss:pr_newswire] Stored 0/20 new articles.
2026-06-28 23:50:38 | INFO     | sentiment_analysis.ingestion.rss_ingestor:84 — [rss:globe_newswire] Fetching https://www.globenewswire.com/RssFeed/subjectcode/15-Financial%20Services
2026-06-28 23:50:39 | INFO     | sentiment_analysis.ingestion.rss_ingestor:184 — [rss:globe_newswire_finance] Stored 0/20 new articles.
2026-06-28 23:50:39 | INFO     | sentiment_analysis.ingestion.rss_ingestor:86 — [rss:globe_newswire_ma] Fetching https://www.globenewswire.com/RssFeed/subjectcode/14-Mergers%20and%20Acquisitions
2026-06-28 23:50:39 | INFO     | sentiment_analysis.ingestion.rss_ingestor:172 — [rss:globe_newswire] Stored 0/20 new articles.
2026-06-28 23:50:39 | INFO     | sentiment_analysis.ingestion.rss_ingestor:84 — [rss:access_newswire] Fetching https://www.accessnewswire.com/rss
2026-06-28 23:50:39 | INFO     | sentiment_analysis.ingestion.rss_ingestor:184 — [rss:globe_newswire_ma] Stored 1/20 new articles.
2026-06-28 23:50:39 | INFO     | sentiment_analysis.ingestion.rss_ingestor:86 — [rss:sec_edgar] Fetching https://www.sec.gov/cgi-bin/browse-edgar?action=getcurrent&type=8-K&dateb=&owner=include&count=40&output=atom
2026-06-28 23:50:39 | WARNING  | sentiment_analysis.ingestion.rss_ingestor:93 — [rss:access_newswire] Parse error: <unknown>:113:48: not well-formed (invalid token)
2026-06-28 23:50:39 | INFO     | sentiment_analysis.ingestion.rss_ingestor:84 — [rss:sec_edgar] Fetching https://www.sec.gov/cgi-bin/browse-edgar?action=getcurrent&type=8-K&dateb=&owner=include&count=40&output=atom
2026-06-28 23:50:39 | WARNING  | sentiment_analysis.ingestion.rss_ingestor:93 — [rss:sec_edgar] Parse error: <unknown>:51:124: mismatched tag
2026-06-28 23:50:39 | INFO     | sentiment_analysis.ingestion.rss_ingestor:84 — [rss:fda] Fetching https://www.fda.gov/about-fda/contact-fda/stay-informed/rss-feeds/press-releases/rss.xml
2026-06-28 23:50:39 | ERROR    | sentiment_analysis.ingestion.rss_ingestor:191 — [rss:sec_edgar] Unexpected error: HTTP Error 403: Forbidden
Traceback (most recent call last):

  File "<frozen runpy>", line 198, in _run_module_as_main
  File "<frozen runpy>", line 88, in _run_code

  File "C:\Users\talak\Downloads\Stock Sentiment\sentiment_analysis\main.py", line 166, in <module>
    main()
    └ <function main at 0x0000028686300CC0>

  File "C:\Users\talak\Downloads\Stock Sentiment\sentiment_analysis\main.py", line 154, in main
    asyncio.run(_run_pipeline())
    │       │   └ <function _run_pipeline at 0x000002868483EDE0>
    │       └ <function run at 0x00000286841125C0>
    └ <module 'asyncio' from 'C:\\Users\\talak\\AppData\\Local\\Programs\\Python\\Python313\\Lib\\asyncio\\__init__.py'>

  File "C:\Users\talak\AppData\Local\Programs\Python\Python313\Lib\asyncio\runners.py", line 195, in run
    return runner.run(main)
           │      │   └ <coroutine object _run_pipeline at 0x00000286862FF760>
           │      └ <function Runner.run at 0x0000028684592020>
           └ <asyncio.runners.Runner object at 0x0000028684755E80>
  File "C:\Users\talak\AppData\Local\Programs\Python\Python313\Lib\asyncio\runners.py", line 118, in run
    return self._loop.run_until_complete(task)
           │    │     │                  └ <Task pending name='Task-1' coro=<_run_pipeline() running at C:\Users\talak\Downloads\Stock Sentiment\sentiment_analysis\main...
           │    │     └ <function BaseEventLoop.run_until_complete at 0x000002868417BBA0>
           │    └ <ProactorEventLoop running=True closed=False debug=False>
           └ <asyncio.runners.Runner object at 0x0000028684755E80>
  File "C:\Users\talak\AppData\Local\Programs\Python\Python313\Lib\asyncio\base_events.py", line 712, in run_until_complete
    self.run_forever()
    │    └ <function BaseEventLoop.run_forever at 0x000002868417BB00>
    └ <ProactorEventLoop running=True closed=False debug=False>
  File "C:\Users\talak\AppData\Local\Programs\Python\Python313\Lib\asyncio\base_events.py", line 683, in run_forever
    self._run_once()
    │    └ <function BaseEventLoop._run_once at 0x0000028684591940>
    └ <ProactorEventLoop running=True closed=False debug=False>
  File "C:\Users\talak\AppData\Local\Programs\Python\Python313\Lib\asyncio\base_events.py", line 2061, in _run_once
    handle._run()
    │      └ <function Handle._run at 0x0000028684113420>
    └ <Handle Task.task_wakeup()>
  File "C:\Users\talak\AppData\Local\Programs\Python\Python313\Lib\asyncio\events.py", line 89, in _run
    self._context.run(self._callback, *self._args)
    │    │            │    │           │    └ <member '_args' of 'Handle' objects>
    │    │            │    │           └ <Handle Task.task_wakeup()>
    │    │            │    └ <member '_callback' of 'Handle' objects>
    │    │            └ <Handle Task.task_wakeup()>
    │    └ <member '_context' of 'Handle' objects>
    └ <Handle Task.task_wakeup()>
  File "C:\Users\talak\Downloads\Stock Sentiment\venv\Lib\site-packages\apscheduler\executors\base.py", line 181, in run_coroutine_job
    retval = await job.func(*job.args, **job.kwargs)
                   │   │     │   │       │   └ <member 'kwargs' of 'Job' objects>
                   │   │     │   │       └ <Job (id=rss_ingestor name=RSS Feed Ingestion)>
                   │   │     │   └ <member 'args' of 'Job' objects>
                   │   │     └ <Job (id=rss_ingestor name=RSS Feed Ingestion)>
                   │   └ <member 'func' of 'Job' objects>
                   └ <Job (id=rss_ingestor name=RSS Feed Ingestion)>

  File "C:\Users\talak\Downloads\Stock Sentiment\sentiment_analysis\ingestion\scheduler.py", line 33, in _job_rss
    await _get_rss().run()
          └ <function _get_rss at 0x000002868483ED40>

  File "C:\Users\talak\Downloads\Stock Sentiment\sentiment_analysis\ingestion\rss_ingestor.py", line 68, in run
    _HTML_TAGS  = re.compile(r'<[^>]+>')

> File "C:\Users\talak\Downloads\Stock Sentiment\sentiment_analysis\ingestion\rss_ingestor.py", line 95, in _process_feed
    "4 - Microsoft Corp (0000789019) (Issuer)"  → "Form 4 — Microsoft Corp (Insider Trading)"

  File "C:\Users\talak\AppData\Local\Programs\Python\Python313\Lib\urllib\request.py", line 495, in open
    response = meth(req, response)
               │    │    └ <http.client.HTTPResponse object at 0x0000028687604A90>
               │    └ <urllib.request.Request object at 0x000002868769DE90>
               └ <bound method HTTPErrorProcessor.http_response of <urllib.request.HTTPErrorProcessor object at 0x00000286862D56A0>>
  File "C:\Users\talak\AppData\Local\Programs\Python\Python313\Lib\urllib\request.py", line 604, in http_response
    response = self.parent.error(
               │    │      └ <function OpenerDirector.error at 0x0000028684AD6E80>
               │    └ <urllib.request.OpenerDirector object at 0x00000286862D4D70>
               └ <urllib.request.HTTPErrorProcessor object at 0x00000286862D56A0>
  File "C:\Users\talak\AppData\Local\Programs\Python\Python313\Lib\urllib\request.py", line 533, in error
    return self._call_chain(*args)
           │    │            └ ({'default': [<urllib.request.HTTPDefaultErrorHandler object at 0x00000286862D5160>], 301: [<urllib.request.HTTPRedirectHandl...
           │    └ <function OpenerDirector._call_chain at 0x0000028684AD6CA0>
           └ <urllib.request.OpenerDirector object at 0x00000286862D4D70>
  File "C:\Users\talak\AppData\Local\Programs\Python\Python313\Lib\urllib\request.py", line 466, in _call_chain
    result = func(*args)
             │     └ (<urllib.request.Request object at 0x000002868769DE90>, <http.client.HTTPResponse object at 0x0000028687604A90>, 403, 'Forbid...
             └ <bound method HTTPDefaultErrorHandler.http_error_default of <urllib.request.HTTPDefaultErrorHandler object at 0x00000286862D5...
  File "C:\Users\talak\AppData\Local\Programs\Python\Python313\Lib\urllib\request.py", line 613, in http_error_default
    raise HTTPError(req.full_url, code, msg, hdrs, fp)
          │         │   │         │     │    │     └ <http.client.HTTPResponse object at 0x0000028687604A90>
          │         │   │         │     │    └ <http.client.HTTPMessage object at 0x000002868765BB10>
          │         │   │         │     └ 'Forbidden'
          │         │   │         └ 403
          │         │   └ <property object at 0x0000028684AB7EC0>
          │         └ <urllib.request.Request object at 0x000002868769DE90>
          └ <class 'urllib.error.HTTPError'>

urllib.error.HTTPError: HTTP Error 403: Forbidden
2026-06-28 23:50:39 | INFO     | sentiment_analysis.ingestion.rss_ingestor:86 — [rss:fda] Fetching https://www.fda.gov/about-fda/contact-fda/stay-informed/rss-feeds/press-releases/rss.xml
2026-06-28 23:50:39 | INFO     | sentiment_analysis.ingestion.rss_ingestor:172 — [rss:fda] Stored 0/20 new articles.
2026-06-28 23:50:39 | INFO     | sentiment_analysis.ingestion.rss_ingestor:184 — [rss:fda] Stored 0/20 new articles.
2026-06-28 23:51:49 | INFO     | sentiment_analysis.ingestion.rss_ingestor:86 — [rss:pr_newswire] Fetching https://www.prnewswire.com/rss/news-releases-list.rss
2026-06-28 23:51:50 | INFO     | sentiment_analysis.ingestion.rss_ingestor:184 — [rss:pr_newswire] Stored 0/20 new articles.
2026-06-28 23:51:50 | INFO     | sentiment_analysis.ingestion.rss_ingestor:86 — [rss:globe_newswire_finance] Fetching https://www.globenewswire.com/RssFeed/subjectcode/15-Financial%20Services
2026-06-28 23:51:50 | INFO     | sentiment_analysis.ingestion.rss_ingestor:184 — [rss:globe_newswire_finance] Stored 0/20 new articles.
2026-06-28 23:51:50 | INFO     | sentiment_analysis.ingestion.rss_ingestor:86 — [rss:globe_newswire_ma] Fetching https://www.globenewswire.com/RssFeed/subjectcode/14-Mergers%20and%20Acquisitions
2026-06-28 23:51:50 | INFO     | sentiment_analysis.ingestion.rss_ingestor:184 — [rss:globe_newswire_ma] Stored 0/20 new articles.
2026-06-28 23:51:50 | INFO     | sentiment_analysis.ingestion.rss_ingestor:86 — [rss:sec_edgar] Fetching https://www.sec.gov/cgi-bin/browse-edgar?action=getcurrent&type=8-K&dateb=&owner=include&count=40&output=atom
2026-06-28 23:51:50 | INFO     | sentiment_analysis.ingestion.rss_ingestor:184 — [rss:sec_edgar] Stored 0/40 new articles.
2026-06-28 23:51:50 | INFO     | sentiment_analysis.ingestion.rss_ingestor:86 — [rss:fda] Fetching https://www.fda.gov/about-fda/contact-fda/stay-informed/rss-feeds/press-releases/rss.xml
2026-06-28 23:51:50 | INFO     | sentiment_analysis.ingestion.rss_ingestor:184 — [rss:fda] Stored 0/20 new articles.
2026-06-29 02:02:43 | INFO     | sentiment_analysis.ingestion.rss_ingestor:86 — [rss:pr_newswire] Fetching https://www.prnewswire.com/rss/news-releases-list.rss
2026-06-29 02:02:45 | INFO     | sentiment_analysis.ingestion.rss_ingestor:184 — [rss:pr_newswire] Stored 20/20 new articles.
2026-06-29 02:02:45 | INFO     | sentiment_analysis.ingestion.rss_ingestor:86 — [rss:globe_newswire_finance] Fetching https://www.globenewswire.com/RssFeed/subjectcode/15-Financial%20Services
2026-06-29 02:02:46 | INFO     | sentiment_analysis.ingestion.rss_ingestor:184 — [rss:globe_newswire_finance] Stored 0/20 new articles.
2026-06-29 02:02:46 | INFO     | sentiment_analysis.ingestion.rss_ingestor:86 — [rss:globe_newswire_ma] Fetching https://www.globenewswire.com/RssFeed/subjectcode/14-Mergers%20and%20Acquisitions
2026-06-29 02:02:46 | INFO     | sentiment_analysis.ingestion.rss_ingestor:184 — [rss:globe_newswire_ma] Stored 0/20 new articles.
2026-06-29 02:02:46 | INFO     | sentiment_analysis.ingestion.rss_ingestor:86 — [rss:sec_edgar] Fetching https://www.sec.gov/cgi-bin/browse-edgar?action=getcurrent&type=8-K&dateb=&owner=include&count=40&output=atom
2026-06-29 02:02:46 | INFO     | sentiment_analysis.ingestion.rss_ingestor:184 — [rss:sec_edgar] Stored 0/40 new articles.
2026-06-29 02:02:46 | INFO     | sentiment_analysis.ingestion.rss_ingestor:86 — [rss:fda] Fetching https://www.fda.gov/about-fda/contact-fda/stay-informed/rss-feeds/press-releases/rss.xml
2026-06-29 02:02:46 | INFO     | sentiment_analysis.ingestion.rss_ingestor:184 — [rss:fda] Stored 0/20 new articles.
2026-06-29 02:02:59 | INFO     | sentiment_analysis.ingestion.rss_ingestor:86 — [rss:pr_newswire] Fetching https://www.prnewswire.com/rss/news-releases-list.rss
2026-06-29 02:03:00 | INFO     | sentiment_analysis.ingestion.rss_ingestor:184 — [rss:pr_newswire] Stored 2/20 new articles.
2026-06-29 02:03:00 | INFO     | sentiment_analysis.ingestion.rss_ingestor:86 — [rss:globe_newswire_finance] Fetching https://www.globenewswire.com/RssFeed/subjectcode/15-Financial%20Services
2026-06-29 02:03:00 | INFO     | sentiment_analysis.ingestion.rss_ingestor:184 — [rss:globe_newswire_finance] Stored 0/20 new articles.
2026-06-29 02:03:00 | INFO     | sentiment_analysis.ingestion.rss_ingestor:86 — [rss:globe_newswire_ma] Fetching https://www.globenewswire.com/RssFeed/subjectcode/14-Mergers%20and%20Acquisitions
2026-06-29 02:03:01 | INFO     | sentiment_analysis.ingestion.rss_ingestor:184 — [rss:globe_newswire_ma] Stored 0/20 new articles.
2026-06-29 02:03:01 | INFO     | sentiment_analysis.ingestion.rss_ingestor:86 — [rss:sec_edgar] Fetching https://www.sec.gov/cgi-bin/browse-edgar?action=getcurrent&type=8-K&dateb=&owner=include&count=40&output=atom
2026-06-29 02:03:01 | INFO     | sentiment_analysis.ingestion.rss_ingestor:184 — [rss:sec_edgar] Stored 0/40 new articles.
2026-06-29 02:03:01 | INFO     | sentiment_analysis.ingestion.rss_ingestor:86 — [rss:fda] Fetching https://www.fda.gov/about-fda/contact-fda/stay-informed/rss-feeds/press-releases/rss.xml
2026-06-29 02:03:01 | INFO     | sentiment_analysis.ingestion.rss_ingestor:184 — [rss:fda] Stored 0/20 new articles.
2026-06-29 02:03:03 | INFO     | sentiment_analysis.nlp.pipeline:130 — [nlp] Batch complete — processed 25/25 articles
2026-06-29 02:03:26 | INFO     | sentiment_analysis.ingestion.rss_ingestor:74 — [rss:pr_newswire] Fetching https://www.prnewswire.com/rss/news-releases-list.rss
2026-06-29 02:03:26 | WARNING  | sentiment_analysis.ingestion.rss_ingestor:83 — [rss:pr_newswire] Parse error: <urlopen error [SSL: CERTIFICATE_VERIFY_FAILED] certificate verify failed: Basic Constraints of CA cert not marked critical (_ssl.c:1032)>
2026-06-29 02:03:26 | INFO     | sentiment_analysis.ingestion.rss_ingestor:74 — [rss:globe_newswire] Fetching https://www.globenewswire.com/RssFeed/subjectcode/15-Financial%20Services
2026-06-29 02:03:26 | WARNING  | sentiment_analysis.ingestion.rss_ingestor:83 — [rss:globe_newswire] Parse error: <urlopen error [SSL: CERTIFICATE_VERIFY_FAILED] certificate verify failed: Basic Constraints of CA cert not marked critical (_ssl.c:1032)>
2026-06-29 02:03:26 | INFO     | sentiment_analysis.ingestion.rss_ingestor:74 — [rss:access_newswire] Fetching https://www.accessnewswire.com/rss
2026-06-29 02:03:26 | WARNING  | sentiment_analysis.ingestion.rss_ingestor:83 — [rss:access_newswire] Parse error: <urlopen error [SSL: CERTIFICATE_VERIFY_FAILED] certificate verify failed: Basic Constraints of CA cert not marked critical (_ssl.c:1032)>
2026-06-29 02:03:26 | INFO     | sentiment_analysis.ingestion.rss_ingestor:74 — [rss:sec_edgar] Fetching https://www.sec.gov/cgi-bin/browse-edgar?action=getcurrent&type=8-K&dateb=&owner=include&count=40&output=atom
2026-06-29 02:03:26 | WARNING  | sentiment_analysis.ingestion.rss_ingestor:83 — [rss:sec_edgar] Parse error: <urlopen error [SSL: CERTIFICATE_VERIFY_FAILED] certificate verify failed: Basic Constraints of CA cert not marked critical (_ssl.c:1032)>
2026-06-29 02:03:26 | INFO     | sentiment_analysis.ingestion.rss_ingestor:74 — [rss:fda] Fetching https://www.fda.gov/about-fda/contact-fda/stay-informed/rss-feeds/press-releases/rss.xml
2026-06-29 02:03:27 | WARNING  | sentiment_analysis.ingestion.rss_ingestor:83 — [rss:fda] Parse error: <urlopen error [SSL: CERTIFICATE_VERIFY_FAILED] certificate verify failed: Basic Constraints of CA cert not marked critical (_ssl.c:1032)>
2026-06-29 02:04:52 | INFO     | sentiment_analysis.ingestion.rss_ingestor:84 — [rss:pr_newswire] Fetching https://www.prnewswire.com/rss/news-releases-list.rss
2026-06-29 02:04:52 | INFO     | sentiment_analysis.ingestion.rss_ingestor:172 — [rss:pr_newswire] Stored 0/20 new articles.
2026-06-29 02:04:52 | INFO     | sentiment_analysis.ingestion.rss_ingestor:84 — [rss:globe_newswire] Fetching https://www.globenewswire.com/RssFeed/subjectcode/15-Financial%20Services
2026-06-29 02:04:52 | INFO     | sentiment_analysis.ingestion.rss_ingestor:172 — [rss:globe_newswire] Stored 0/20 new articles.
2026-06-29 02:04:52 | INFO     | sentiment_analysis.ingestion.rss_ingestor:84 — [rss:access_newswire] Fetching https://www.accessnewswire.com/rss
2026-06-29 02:04:52 | WARNING  | sentiment_analysis.ingestion.rss_ingestor:93 — [rss:access_newswire] Parse error: <unknown>:113:48: not well-formed (invalid token)
2026-06-29 02:04:52 | INFO     | sentiment_analysis.ingestion.rss_ingestor:84 — [rss:sec_edgar] Fetching https://www.sec.gov/cgi-bin/browse-edgar?action=getcurrent&type=8-K&dateb=&owner=include&count=40&output=atom
2026-06-29 02:04:53 | WARNING  | sentiment_analysis.ingestion.rss_ingestor:93 — [rss:sec_edgar] Parse error: <unknown>:51:124: mismatched tag
2026-06-29 02:04:53 | INFO     | sentiment_analysis.ingestion.rss_ingestor:84 — [rss:fda] Fetching https://www.fda.gov/about-fda/contact-fda/stay-informed/rss-feeds/press-releases/rss.xml
2026-06-29 02:04:53 | INFO     | sentiment_analysis.ingestion.rss_ingestor:172 — [rss:fda] Stored 0/20 new articles.
2026-06-29 02:05:02 | INFO     | sentiment_analysis.ingestion.rss_ingestor:86 — [rss:pr_newswire] Fetching https://www.prnewswire.com/rss/news-releases-list.rss
2026-06-29 02:05:03 | INFO     | sentiment_analysis.ingestion.rss_ingestor:184 — [rss:pr_newswire] Stored 0/20 new articles.
2026-06-29 02:05:03 | INFO     | sentiment_analysis.ingestion.rss_ingestor:86 — [rss:globe_newswire_finance] Fetching https://www.globenewswire.com/RssFeed/subjectcode/15-Financial%20Services
2026-06-29 02:05:03 | INFO     | sentiment_analysis.ingestion.rss_ingestor:184 — [rss:globe_newswire_finance] Stored 0/20 new articles.
2026-06-29 02:05:03 | INFO     | sentiment_analysis.ingestion.rss_ingestor:86 — [rss:globe_newswire_ma] Fetching https://www.globenewswire.com/RssFeed/subjectcode/14-Mergers%20and%20Acquisitions
2026-06-29 02:05:03 | INFO     | sentiment_analysis.ingestion.rss_ingestor:184 — [rss:globe_newswire_ma] Stored 0/20 new articles.
2026-06-29 02:05:03 | INFO     | sentiment_analysis.ingestion.rss_ingestor:86 — [rss:sec_edgar] Fetching https://www.sec.gov/cgi-bin/browse-edgar?action=getcurrent&type=8-K&dateb=&owner=include&count=40&output=atom
2026-06-29 02:05:03 | ERROR    | sentiment_analysis.ingestion.rss_ingestor:191 — [rss:sec_edgar] Unexpected error: HTTP Error 403: Forbidden
Traceback (most recent call last):

  File "<frozen runpy>", line 198, in _run_module_as_main
  File "<frozen runpy>", line 88, in _run_code

  File "C:\Users\talak\Downloads\Stock Sentiment\sentiment_analysis\main.py", line 166, in <module>
    main()
    └ <function main at 0x0000028686300CC0>

  File "C:\Users\talak\Downloads\Stock Sentiment\sentiment_analysis\main.py", line 154, in main
    asyncio.run(_run_pipeline())
    │       │   └ <function _run_pipeline at 0x000002868483EDE0>
    │       └ <function run at 0x00000286841125C0>
    └ <module 'asyncio' from 'C:\\Users\\talak\\AppData\\Local\\Programs\\Python\\Python313\\Lib\\asyncio\\__init__.py'>

  File "C:\Users\talak\AppData\Local\Programs\Python\Python313\Lib\asyncio\runners.py", line 195, in run
    return runner.run(main)
           │      │   └ <coroutine object _run_pipeline at 0x00000286862FF760>
           │      └ <function Runner.run at 0x0000028684592020>
           └ <asyncio.runners.Runner object at 0x0000028684755E80>
  File "C:\Users\talak\AppData\Local\Programs\Python\Python313\Lib\asyncio\runners.py", line 118, in run
    return self._loop.run_until_complete(task)
           │    │     │                  └ <Task pending name='Task-1' coro=<_run_pipeline() running at C:\Users\talak\Downloads\Stock Sentiment\sentiment_analysis\main...
           │    │     └ <function BaseEventLoop.run_until_complete at 0x000002868417BBA0>
           │    └ <ProactorEventLoop running=True closed=False debug=False>
           └ <asyncio.runners.Runner object at 0x0000028684755E80>
  File "C:\Users\talak\AppData\Local\Programs\Python\Python313\Lib\asyncio\base_events.py", line 712, in run_until_complete
    self.run_forever()
    │    └ <function BaseEventLoop.run_forever at 0x000002868417BB00>
    └ <ProactorEventLoop running=True closed=False debug=False>
  File "C:\Users\talak\AppData\Local\Programs\Python\Python313\Lib\asyncio\base_events.py", line 683, in run_forever
    self._run_once()
    │    └ <function BaseEventLoop._run_once at 0x0000028684591940>
    └ <ProactorEventLoop running=True closed=False debug=False>
  File "C:\Users\talak\AppData\Local\Programs\Python\Python313\Lib\asyncio\base_events.py", line 2061, in _run_once
    handle._run()
    │      └ <function Handle._run at 0x0000028684113420>
    └ <Handle Task.task_wakeup()>
  File "C:\Users\talak\AppData\Local\Programs\Python\Python313\Lib\asyncio\events.py", line 89, in _run
    self._context.run(self._callback, *self._args)
    │    │            │    │           │    └ <member '_args' of 'Handle' objects>
    │    │            │    │           └ <Handle Task.task_wakeup()>
    │    │            │    └ <member '_callback' of 'Handle' objects>
    │    │            └ <Handle Task.task_wakeup()>
    │    └ <member '_context' of 'Handle' objects>
    └ <Handle Task.task_wakeup()>
  File "C:\Users\talak\Downloads\Stock Sentiment\venv\Lib\site-packages\apscheduler\executors\base.py", line 181, in run_coroutine_job
    retval = await job.func(*job.args, **job.kwargs)
                   │   │     │   │       │   └ <member 'kwargs' of 'Job' objects>
                   │   │     │   │       └ <Job (id=rss_ingestor name=RSS Feed Ingestion)>
                   │   │     │   └ <member 'args' of 'Job' objects>
                   │   │     └ <Job (id=rss_ingestor name=RSS Feed Ingestion)>
                   │   └ <member 'func' of 'Job' objects>
                   └ <Job (id=rss_ingestor name=RSS Feed Ingestion)>

  File "C:\Users\talak\Downloads\Stock Sentiment\sentiment_analysis\ingestion\scheduler.py", line 33, in _job_rss
    await _get_rss().run()
          └ <function _get_rss at 0x000002868483ED40>

  File "C:\Users\talak\Downloads\Stock Sentiment\sentiment_analysis\ingestion\rss_ingestor.py", line 68, in run
    _HTML_TAGS  = re.compile(r'<[^>]+>')

> File "C:\Users\talak\Downloads\Stock Sentiment\sentiment_analysis\ingestion\rss_ingestor.py", line 95, in _process_feed
    "4 - Microsoft Corp (0000789019) (Issuer)"  → "Form 4 — Microsoft Corp (Insider Trading)"

  File "C:\Users\talak\AppData\Local\Programs\Python\Python313\Lib\urllib\request.py", line 495, in open
    response = meth(req, response)
               │    │    └ <http.client.HTTPResponse object at 0x000002868634E380>
               │    └ <urllib.request.Request object at 0x000002868769DE90>
               └ <bound method HTTPErrorProcessor.http_response of <urllib.request.HTTPErrorProcessor object at 0x00000286862D56A0>>
  File "C:\Users\talak\AppData\Local\Programs\Python\Python313\Lib\urllib\request.py", line 604, in http_response
    response = self.parent.error(
               │    │      └ <function OpenerDirector.error at 0x0000028684AD6E80>
               │    └ <urllib.request.OpenerDirector object at 0x00000286862D4D70>
               └ <urllib.request.HTTPErrorProcessor object at 0x00000286862D56A0>
  File "C:\Users\talak\AppData\Local\Programs\Python\Python313\Lib\urllib\request.py", line 533, in error
    return self._call_chain(*args)
           │    │            └ ({'default': [<urllib.request.HTTPDefaultErrorHandler object at 0x00000286862D5160>], 301: [<urllib.request.HTTPRedirectHandl...
           │    └ <function OpenerDirector._call_chain at 0x0000028684AD6CA0>
           └ <urllib.request.OpenerDirector object at 0x00000286862D4D70>
  File "C:\Users\talak\AppData\Local\Programs\Python\Python313\Lib\urllib\request.py", line 466, in _call_chain
    result = func(*args)
             │     └ (<urllib.request.Request object at 0x000002868769DE90>, <http.client.HTTPResponse object at 0x000002868634E380>, 403, 'Forbid...
             └ <bound method HTTPDefaultErrorHandler.http_error_default of <urllib.request.HTTPDefaultErrorHandler object at 0x00000286862D5...
  File "C:\Users\talak\AppData\Local\Programs\Python\Python313\Lib\urllib\request.py", line 613, in http_error_default
    raise HTTPError(req.full_url, code, msg, hdrs, fp)
          │         │   │         │     │    │     └ <http.client.HTTPResponse object at 0x000002868634E380>
          │         │   │         │     │    └ <http.client.HTTPMessage object at 0x000002868765B9D0>
          │         │   │         │     └ 'Forbidden'
          │         │   │         └ 403
          │         │   └ <property object at 0x0000028684AB7EC0>
          │         └ <urllib.request.Request object at 0x000002868769DE90>
          └ <class 'urllib.error.HTTPError'>

urllib.error.HTTPError: HTTP Error 403: Forbidden
2026-06-29 02:05:03 | INFO     | sentiment_analysis.ingestion.rss_ingestor:86 — [rss:fda] Fetching https://www.fda.gov/about-fda/contact-fda/stay-informed/rss-feeds/press-releases/rss.xml
2026-06-29 02:05:04 | INFO     | sentiment_analysis.ingestion.rss_ingestor:184 — [rss:fda] Stored 0/20 new articles.
2026-06-29 02:06:49 | INFO     | sentiment_analysis.ingestion.rss_ingestor:86 — [rss:pr_newswire] Fetching https://www.prnewswire.com/rss/news-releases-list.rss
2026-06-29 02:06:50 | INFO     | sentiment_analysis.ingestion.rss_ingestor:184 — [rss:pr_newswire] Stored 0/20 new articles.
2026-06-29 02:06:50 | INFO     | sentiment_analysis.ingestion.rss_ingestor:86 — [rss:globe_newswire_finance] Fetching https://www.globenewswire.com/RssFeed/subjectcode/15-Financial%20Services
2026-06-29 02:06:50 | INFO     | sentiment_analysis.ingestion.rss_ingestor:184 — [rss:globe_newswire_finance] Stored 0/20 new articles.
2026-06-29 02:06:50 | INFO     | sentiment_analysis.ingestion.rss_ingestor:86 — [rss:globe_newswire_ma] Fetching https://www.globenewswire.com/RssFeed/subjectcode/14-Mergers%20and%20Acquisitions
2026-06-29 02:06:50 | INFO     | sentiment_analysis.ingestion.rss_ingestor:184 — [rss:globe_newswire_ma] Stored 0/20 new articles.
2026-06-29 02:06:50 | INFO     | sentiment_analysis.ingestion.rss_ingestor:86 — [rss:sec_edgar] Fetching https://www.sec.gov/cgi-bin/browse-edgar?action=getcurrent&type=8-K&dateb=&owner=include&count=40&output=atom
2026-06-29 02:06:50 | INFO     | sentiment_analysis.ingestion.rss_ingestor:184 — [rss:sec_edgar] Stored 0/40 new articles.
2026-06-29 02:06:50 | INFO     | sentiment_analysis.ingestion.rss_ingestor:86 — [rss:fda] Fetching https://www.fda.gov/about-fda/contact-fda/stay-informed/rss-feeds/press-releases/rss.xml
2026-06-29 02:06:50 | INFO     | sentiment_analysis.ingestion.rss_ingestor:184 — [rss:fda] Stored 0/20 new articles.
2026-06-29 02:07:59 | INFO     | sentiment_analysis.ingestion.rss_ingestor:86 — [rss:pr_newswire] Fetching https://www.prnewswire.com/rss/news-releases-list.rss
2026-06-29 02:07:59 | INFO     | sentiment_analysis.ingestion.rss_ingestor:184 — [rss:pr_newswire] Stored 1/20 new articles.
2026-06-29 02:07:59 | INFO     | sentiment_analysis.ingestion.rss_ingestor:86 — [rss:globe_newswire_finance] Fetching https://www.globenewswire.com/RssFeed/subjectcode/15-Financial%20Services
2026-06-29 02:08:00 | INFO     | sentiment_analysis.ingestion.rss_ingestor:184 — [rss:globe_newswire_finance] Stored 0/20 new articles.
2026-06-29 02:08:00 | INFO     | sentiment_analysis.ingestion.rss_ingestor:86 — [rss:globe_newswire_ma] Fetching https://www.globenewswire.com/RssFeed/subjectcode/14-Mergers%20and%20Acquisitions
2026-06-29 02:08:00 | INFO     | sentiment_analysis.ingestion.rss_ingestor:184 — [rss:globe_newswire_ma] Stored 0/20 new articles.
2026-06-29 02:08:00 | INFO     | sentiment_analysis.ingestion.rss_ingestor:86 — [rss:sec_edgar] Fetching https://www.sec.gov/cgi-bin/browse-edgar?action=getcurrent&type=8-K&dateb=&owner=include&count=40&output=atom
2026-06-29 02:08:00 | INFO     | sentiment_analysis.ingestion.rss_ingestor:184 — [rss:sec_edgar] Stored 0/40 new articles.
2026-06-29 02:08:00 | INFO     | sentiment_analysis.ingestion.rss_ingestor:86 — [rss:fda] Fetching https://www.fda.gov/about-fda/contact-fda/stay-informed/rss-feeds/press-releases/rss.xml
2026-06-29 02:08:00 | INFO     | sentiment_analysis.ingestion.rss_ingestor:184 — [rss:fda] Stored 0/20 new articles.
2026-06-29 02:08:26 | INFO     | sentiment_analysis.ingestion.rss_ingestor:74 — [rss:pr_newswire] Fetching https://www.prnewswire.com/rss/news-releases-list.rss
2026-06-29 02:08:26 | WARNING  | sentiment_analysis.ingestion.rss_ingestor:83 — [rss:pr_newswire] Parse error: <urlopen error [SSL: CERTIFICATE_VERIFY_FAILED] certificate verify failed: Basic Constraints of CA cert not marked critical (_ssl.c:1032)>
2026-06-29 02:08:26 | INFO     | sentiment_analysis.ingestion.rss_ingestor:74 — [rss:globe_newswire] Fetching https://www.globenewswire.com/RssFeed/subjectcode/15-Financial%20Services
2026-06-29 02:08:26 | WARNING  | sentiment_analysis.ingestion.rss_ingestor:83 — [rss:globe_newswire] Parse error: <urlopen error [SSL: CERTIFICATE_VERIFY_FAILED] certificate verify failed: Basic Constraints of CA cert not marked critical (_ssl.c:1032)>
2026-06-29 02:08:26 | INFO     | sentiment_analysis.ingestion.rss_ingestor:74 — [rss:access_newswire] Fetching https://www.accessnewswire.com/rss
2026-06-29 02:08:26 | WARNING  | sentiment_analysis.ingestion.rss_ingestor:83 — [rss:access_newswire] Parse error: <urlopen error [SSL: CERTIFICATE_VERIFY_FAILED] certificate verify failed: Basic Constraints of CA cert not marked critical (_ssl.c:1032)>
2026-06-29 02:08:26 | INFO     | sentiment_analysis.ingestion.rss_ingestor:74 — [rss:sec_edgar] Fetching https://www.sec.gov/cgi-bin/browse-edgar?action=getcurrent&type=8-K&dateb=&owner=include&count=40&output=atom
2026-06-29 02:08:26 | WARNING  | sentiment_analysis.ingestion.rss_ingestor:83 — [rss:sec_edgar] Parse error: <urlopen error [SSL: CERTIFICATE_VERIFY_FAILED] certificate verify failed: Basic Constraints of CA cert not marked critical (_ssl.c:1032)>
2026-06-29 02:08:26 | INFO     | sentiment_analysis.ingestion.rss_ingestor:74 — [rss:fda] Fetching https://www.fda.gov/about-fda/contact-fda/stay-informed/rss-feeds/press-releases/rss.xml
2026-06-29 02:08:26 | WARNING  | sentiment_analysis.ingestion.rss_ingestor:83 — [rss:fda] Parse error: <urlopen error [SSL: CERTIFICATE_VERIFY_FAILED] certificate verify failed: Basic Constraints of CA cert not marked critical (_ssl.c:1032)>
2026-06-29 02:09:52 | INFO     | sentiment_analysis.ingestion.rss_ingestor:84 — [rss:pr_newswire] Fetching https://www.prnewswire.com/rss/news-releases-list.rss
2026-06-29 02:09:52 | INFO     | sentiment_analysis.ingestion.rss_ingestor:172 — [rss:pr_newswire] Stored 0/20 new articles.
2026-06-29 02:09:52 | INFO     | sentiment_analysis.ingestion.rss_ingestor:84 — [rss:globe_newswire] Fetching https://www.globenewswire.com/RssFeed/subjectcode/15-Financial%20Services
2026-06-29 02:09:52 | INFO     | sentiment_analysis.ingestion.rss_ingestor:172 — [rss:globe_newswire] Stored 0/20 new articles.
2026-06-29 02:09:52 | INFO     | sentiment_analysis.ingestion.rss_ingestor:84 — [rss:access_newswire] Fetching https://www.accessnewswire.com/rss
2026-06-29 02:09:52 | WARNING  | sentiment_analysis.ingestion.rss_ingestor:93 — [rss:access_newswire] Parse error: <unknown>:113:48: not well-formed (invalid token)
2026-06-29 02:09:52 | INFO     | sentiment_analysis.ingestion.rss_ingestor:84 — [rss:sec_edgar] Fetching https://www.sec.gov/cgi-bin/browse-edgar?action=getcurrent&type=8-K&dateb=&owner=include&count=40&output=atom
2026-06-29 02:09:52 | WARNING  | sentiment_analysis.ingestion.rss_ingestor:93 — [rss:sec_edgar] Parse error: <unknown>:51:124: mismatched tag
2026-06-29 02:09:52 | INFO     | sentiment_analysis.ingestion.rss_ingestor:84 — [rss:fda] Fetching https://www.fda.gov/about-fda/contact-fda/stay-informed/rss-feeds/press-releases/rss.xml
2026-06-29 02:09:53 | INFO     | sentiment_analysis.ingestion.rss_ingestor:172 — [rss:fda] Stored 0/20 new articles.
2026-06-29 02:10:02 | INFO     | sentiment_analysis.ingestion.rss_ingestor:86 — [rss:pr_newswire] Fetching https://www.prnewswire.com/rss/news-releases-list.rss
2026-06-29 02:10:03 | INFO     | sentiment_analysis.ingestion.rss_ingestor:184 — [rss:pr_newswire] Stored 0/20 new articles.
2026-06-29 02:10:03 | INFO     | sentiment_analysis.ingestion.rss_ingestor:86 — [rss:globe_newswire_finance] Fetching https://www.globenewswire.com/RssFeed/subjectcode/15-Financial%20Services
2026-06-29 02:10:03 | INFO     | sentiment_analysis.ingestion.rss_ingestor:184 — [rss:globe_newswire_finance] Stored 0/20 new articles.
2026-06-29 02:10:03 | INFO     | sentiment_analysis.ingestion.rss_ingestor:86 — [rss:globe_newswire_ma] Fetching https://www.globenewswire.com/RssFeed/subjectcode/14-Mergers%20and%20Acquisitions
2026-06-29 02:10:03 | INFO     | sentiment_analysis.ingestion.rss_ingestor:184 — [rss:globe_newswire_ma] Stored 0/20 new articles.
2026-06-29 02:10:03 | INFO     | sentiment_analysis.ingestion.rss_ingestor:86 — [rss:sec_edgar] Fetching https://www.sec.gov/cgi-bin/browse-edgar?action=getcurrent&type=8-K&dateb=&owner=include&count=40&output=atom
2026-06-29 02:10:03 | ERROR    | sentiment_analysis.ingestion.rss_ingestor:191 — [rss:sec_edgar] Unexpected error: HTTP Error 403: Forbidden
Traceback (most recent call last):

  File "<frozen runpy>", line 198, in _run_module_as_main
  File "<frozen runpy>", line 88, in _run_code

  File "C:\Users\talak\Downloads\Stock Sentiment\sentiment_analysis\main.py", line 166, in <module>
    main()
    └ <function main at 0x0000028686300CC0>

  File "C:\Users\talak\Downloads\Stock Sentiment\sentiment_analysis\main.py", line 154, in main
    asyncio.run(_run_pipeline())
    │       │   └ <function _run_pipeline at 0x000002868483EDE0>
    │       └ <function run at 0x00000286841125C0>
    └ <module 'asyncio' from 'C:\\Users\\talak\\AppData\\Local\\Programs\\Python\\Python313\\Lib\\asyncio\\__init__.py'>

  File "C:\Users\talak\AppData\Local\Programs\Python\Python313\Lib\asyncio\runners.py", line 195, in run
    return runner.run(main)
           │      │   └ <coroutine object _run_pipeline at 0x00000286862FF760>
           │      └ <function Runner.run at 0x0000028684592020>
           └ <asyncio.runners.Runner object at 0x0000028684755E80>
  File "C:\Users\talak\AppData\Local\Programs\Python\Python313\Lib\asyncio\runners.py", line 118, in run
    return self._loop.run_until_complete(task)
           │    │     │                  └ <Task pending name='Task-1' coro=<_run_pipeline() running at C:\Users\talak\Downloads\Stock Sentiment\sentiment_analysis\main...
           │    │     └ <function BaseEventLoop.run_until_complete at 0x000002868417BBA0>
           │    └ <ProactorEventLoop running=True closed=False debug=False>
           └ <asyncio.runners.Runner object at 0x0000028684755E80>
  File "C:\Users\talak\AppData\Local\Programs\Python\Python313\Lib\asyncio\base_events.py", line 712, in run_until_complete
    self.run_forever()
    │    └ <function BaseEventLoop.run_forever at 0x000002868417BB00>
    └ <ProactorEventLoop running=True closed=False debug=False>
  File "C:\Users\talak\AppData\Local\Programs\Python\Python313\Lib\asyncio\base_events.py", line 683, in run_forever
    self._run_once()
    │    └ <function BaseEventLoop._run_once at 0x0000028684591940>
    └ <ProactorEventLoop running=True closed=False debug=False>
  File "C:\Users\talak\AppData\Local\Programs\Python\Python313\Lib\asyncio\base_events.py", line 2061, in _run_once
    handle._run()
    │      └ <function Handle._run at 0x0000028684113420>
    └ <Handle Task.task_wakeup()>
  File "C:\Users\talak\AppData\Local\Programs\Python\Python313\Lib\asyncio\events.py", line 89, in _run
    self._context.run(self._callback, *self._args)
    │    │            │    │           │    └ <member '_args' of 'Handle' objects>
    │    │            │    │           └ <Handle Task.task_wakeup()>
    │    │            │    └ <member '_callback' of 'Handle' objects>
    │    │            └ <Handle Task.task_wakeup()>
    │    └ <member '_context' of 'Handle' objects>
    └ <Handle Task.task_wakeup()>
  File "C:\Users\talak\Downloads\Stock Sentiment\venv\Lib\site-packages\apscheduler\executors\base.py", line 181, in run_coroutine_job
    retval = await job.func(*job.args, **job.kwargs)
                   │   │     │   │       │   └ <member 'kwargs' of 'Job' objects>
                   │   │     │   │       └ <Job (id=rss_ingestor name=RSS Feed Ingestion)>
                   │   │     │   └ <member 'args' of 'Job' objects>
                   │   │     └ <Job (id=rss_ingestor name=RSS Feed Ingestion)>
                   │   └ <member 'func' of 'Job' objects>
                   └ <Job (id=rss_ingestor name=RSS Feed Ingestion)>

  File "C:\Users\talak\Downloads\Stock Sentiment\sentiment_analysis\ingestion\scheduler.py", line 33, in _job_rss
    await _get_rss().run()
          └ <function _get_rss at 0x000002868483ED40>

  File "C:\Users\talak\Downloads\Stock Sentiment\sentiment_analysis\ingestion\rss_ingestor.py", line 68, in run
    _HTML_TAGS  = re.compile(r'<[^>]+>')

> File "C:\Users\talak\Downloads\Stock Sentiment\sentiment_analysis\ingestion\rss_ingestor.py", line 95, in _process_feed
    "4 - Microsoft Corp (0000789019) (Issuer)"  → "Form 4 — Microsoft Corp (Insider Trading)"

  File "C:\Users\talak\AppData\Local\Programs\Python\Python313\Lib\urllib\request.py", line 495, in open
    response = meth(req, response)
               │    │    └ <http.client.HTTPResponse object at 0x0000028687547820>
               │    └ <urllib.request.Request object at 0x000002868769DE90>
               └ <bound method HTTPErrorProcessor.http_response of <urllib.request.HTTPErrorProcessor object at 0x00000286862D56A0>>
  File "C:\Users\talak\AppData\Local\Programs\Python\Python313\Lib\urllib\request.py", line 604, in http_response
    response = self.parent.error(
               │    │      └ <function OpenerDirector.error at 0x0000028684AD6E80>
               │    └ <urllib.request.OpenerDirector object at 0x00000286862D4D70>
               └ <urllib.request.HTTPErrorProcessor object at 0x00000286862D56A0>
  File "C:\Users\talak\AppData\Local\Programs\Python\Python313\Lib\urllib\request.py", line 533, in error
    return self._call_chain(*args)
           │    │            └ ({'default': [<urllib.request.HTTPDefaultErrorHandler object at 0x00000286862D5160>], 301: [<urllib.request.HTTPRedirectHandl...
           │    └ <function OpenerDirector._call_chain at 0x0000028684AD6CA0>
           └ <urllib.request.OpenerDirector object at 0x00000286862D4D70>
  File "C:\Users\talak\AppData\Local\Programs\Python\Python313\Lib\urllib\request.py", line 466, in _call_chain
    result = func(*args)
             │     └ (<urllib.request.Request object at 0x000002868769DE90>, <http.client.HTTPResponse object at 0x0000028687547820>, 403, 'Forbid...
             └ <bound method HTTPDefaultErrorHandler.http_error_default of <urllib.request.HTTPDefaultErrorHandler object at 0x00000286862D5...
  File "C:\Users\talak\AppData\Local\Programs\Python\Python313\Lib\urllib\request.py", line 613, in http_error_default
    raise HTTPError(req.full_url, code, msg, hdrs, fp)
          │         │   │         │     │    │     └ <http.client.HTTPResponse object at 0x0000028687547820>
          │         │   │         │     │    └ <http.client.HTTPMessage object at 0x0000028687658050>
          │         │   │         │     └ 'Forbidden'
          │         │   │         └ 403
          │         │   └ <property object at 0x0000028684AB7EC0>
          │         └ <urllib.request.Request object at 0x000002868769DE90>
          └ <class 'urllib.error.HTTPError'>

urllib.error.HTTPError: HTTP Error 403: Forbidden
2026-06-29 02:10:03 | INFO     | sentiment_analysis.ingestion.rss_ingestor:86 — [rss:fda] Fetching https://www.fda.gov/about-fda/contact-fda/stay-informed/rss-feeds/press-releases/rss.xml
2026-06-29 02:10:03 | INFO     | sentiment_analysis.ingestion.rss_ingestor:184 — [rss:fda] Stored 0/20 new articles.
2026-06-29 02:11:49 | INFO     | sentiment_analysis.ingestion.rss_ingestor:86 — [rss:pr_newswire] Fetching https://www.prnewswire.com/rss/news-releases-list.rss
2026-06-29 02:11:50 | INFO     | sentiment_analysis.ingestion.rss_ingestor:184 — [rss:pr_newswire] Stored 1/20 new articles.
2026-06-29 02:11:50 | INFO     | sentiment_analysis.ingestion.rss_ingestor:86 — [rss:globe_newswire_finance] Fetching https://www.globenewswire.com/RssFeed/subjectcode/15-Financial%20Services
2026-06-29 02:11:50 | INFO     | sentiment_analysis.ingestion.rss_ingestor:184 — [rss:globe_newswire_finance] Stored 0/20 new articles.
2026-06-29 02:11:50 | INFO     | sentiment_analysis.ingestion.rss_ingestor:86 — [rss:globe_newswire_ma] Fetching https://www.globenewswire.com/RssFeed/subjectcode/14-Mergers%20and%20Acquisitions
2026-06-29 02:11:50 | INFO     | sentiment_analysis.ingestion.rss_ingestor:184 — [rss:globe_newswire_ma] Stored 0/20 new articles.
2026-06-29 02:11:50 | INFO     | sentiment_analysis.ingestion.rss_ingestor:86 — [rss:sec_edgar] Fetching https://www.sec.gov/cgi-bin/browse-edgar?action=getcurrent&type=8-K&dateb=&owner=include&count=40&output=atom
2026-06-29 02:11:51 | INFO     | sentiment_analysis.ingestion.rss_ingestor:184 — [rss:sec_edgar] Stored 0/40 new articles.
2026-06-29 02:11:51 | INFO     | sentiment_analysis.ingestion.rss_ingestor:86 — [rss:fda] Fetching https://www.fda.gov/about-fda/contact-fda/stay-informed/rss-feeds/press-releases/rss.xml
2026-06-29 02:11:51 | INFO     | sentiment_analysis.ingestion.rss_ingestor:184 — [rss:fda] Stored 0/20 new articles.
2026-06-29 02:12:59 | INFO     | sentiment_analysis.ingestion.rss_ingestor:86 — [rss:pr_newswire] Fetching https://www.prnewswire.com/rss/news-releases-list.rss
2026-06-29 02:12:59 | INFO     | sentiment_analysis.ingestion.rss_ingestor:184 — [rss:pr_newswire] Stored 0/20 new articles.
2026-06-29 02:12:59 | INFO     | sentiment_analysis.ingestion.rss_ingestor:86 — [rss:globe_newswire_finance] Fetching https://www.globenewswire.com/RssFeed/subjectcode/15-Financial%20Services
2026-06-29 02:13:00 | INFO     | sentiment_analysis.ingestion.rss_ingestor:184 — [rss:globe_newswire_finance] Stored 0/20 new articles.
2026-06-29 02:13:00 | INFO     | sentiment_analysis.ingestion.rss_ingestor:86 — [rss:globe_newswire_ma] Fetching https://www.globenewswire.com/RssFeed/subjectcode/14-Mergers%20and%20Acquisitions
2026-06-29 02:13:00 | INFO     | sentiment_analysis.ingestion.rss_ingestor:184 — [rss:globe_newswire_ma] Stored 0/20 new articles.
2026-06-29 02:13:00 | INFO     | sentiment_analysis.ingestion.rss_ingestor:86 — [rss:sec_edgar] Fetching https://www.sec.gov/cgi-bin/browse-edgar?action=getcurrent&type=8-K&dateb=&owner=include&count=40&output=atom
2026-06-29 02:13:00 | INFO     | sentiment_analysis.ingestion.rss_ingestor:184 — [rss:sec_edgar] Stored 0/40 new articles.
2026-06-29 02:13:00 | INFO     | sentiment_analysis.ingestion.rss_ingestor:86 — [rss:fda] Fetching https://www.fda.gov/about-fda/contact-fda/stay-informed/rss-feeds/press-releases/rss.xml
2026-06-29 02:13:00 | INFO     | sentiment_analysis.ingestion.rss_ingestor:184 — [rss:fda] Stored 0/20 new articles.
2026-06-29 02:13:00 | INFO     | sentiment_analysis.nlp.pipeline:130 — [nlp] Batch complete — processed 4/4 articles
2026-06-29 02:13:26 | INFO     | sentiment_analysis.ingestion.rss_ingestor:74 — [rss:pr_newswire] Fetching https://www.prnewswire.com/rss/news-releases-list.rss
2026-06-29 02:13:26 | WARNING  | sentiment_analysis.ingestion.rss_ingestor:83 — [rss:pr_newswire] Parse error: <urlopen error [SSL: CERTIFICATE_VERIFY_FAILED] certificate verify failed: Basic Constraints of CA cert not marked critical (_ssl.c:1032)>
2026-06-29 02:13:26 | INFO     | sentiment_analysis.ingestion.rss_ingestor:74 — [rss:globe_newswire] Fetching https://www.globenewswire.com/RssFeed/subjectcode/15-Financial%20Services
2026-06-29 02:13:26 | WARNING  | sentiment_analysis.ingestion.rss_ingestor:83 — [rss:globe_newswire] Parse error: <urlopen error [SSL: CERTIFICATE_VERIFY_FAILED] certificate verify failed: Basic Constraints of CA cert not marked critical (_ssl.c:1032)>
2026-06-29 02:13:26 | INFO     | sentiment_analysis.ingestion.rss_ingestor:74 — [rss:access_newswire] Fetching https://www.accessnewswire.com/rss
2026-06-29 02:13:26 | WARNING  | sentiment_analysis.ingestion.rss_ingestor:83 — [rss:access_newswire] Parse error: <urlopen error [SSL: CERTIFICATE_VERIFY_FAILED] certificate verify failed: Basic Constraints of CA cert not marked critical (_ssl.c:1032)>
2026-06-29 02:13:26 | INFO     | sentiment_analysis.ingestion.rss_ingestor:74 — [rss:sec_edgar] Fetching https://www.sec.gov/cgi-bin/browse-edgar?action=getcurrent&type=8-K&dateb=&owner=include&count=40&output=atom
2026-06-29 02:13:26 | WARNING  | sentiment_analysis.ingestion.rss_ingestor:83 — [rss:sec_edgar] Parse error: <urlopen error [SSL: CERTIFICATE_VERIFY_FAILED] certificate verify failed: Basic Constraints of CA cert not marked critical (_ssl.c:1032)>
2026-06-29 02:13:26 | INFO     | sentiment_analysis.ingestion.rss_ingestor:74 — [rss:fda] Fetching https://www.fda.gov/about-fda/contact-fda/stay-informed/rss-feeds/press-releases/rss.xml
2026-06-29 02:13:26 | WARNING  | sentiment_analysis.ingestion.rss_ingestor:83 — [rss:fda] Parse error: <urlopen error [SSL: CERTIFICATE_VERIFY_FAILED] certificate verify failed: Basic Constraints of CA cert not marked critical (_ssl.c:1032)>
2026-06-29 02:14:52 | INFO     | sentiment_analysis.ingestion.rss_ingestor:84 — [rss:pr_newswire] Fetching https://www.prnewswire.com/rss/news-releases-list.rss
2026-06-29 02:14:52 | INFO     | sentiment_analysis.ingestion.rss_ingestor:172 — [rss:pr_newswire] Stored 0/20 new articles.
2026-06-29 02:14:52 | INFO     | sentiment_analysis.ingestion.rss_ingestor:84 — [rss:globe_newswire] Fetching https://www.globenewswire.com/RssFeed/subjectcode/15-Financial%20Services
2026-06-29 02:14:52 | INFO     | sentiment_analysis.ingestion.rss_ingestor:172 — [rss:globe_newswire] Stored 0/20 new articles.
2026-06-29 02:14:52 | INFO     | sentiment_analysis.ingestion.rss_ingestor:84 — [rss:access_newswire] Fetching https://www.accessnewswire.com/rss
2026-06-29 02:14:52 | WARNING  | sentiment_analysis.ingestion.rss_ingestor:93 — [rss:access_newswire] Parse error: <unknown>:113:48: not well-formed (invalid token)
2026-06-29 02:14:52 | INFO     | sentiment_analysis.ingestion.rss_ingestor:84 — [rss:sec_edgar] Fetching https://www.sec.gov/cgi-bin/browse-edgar?action=getcurrent&type=8-K&dateb=&owner=include&count=40&output=atom
2026-06-29 02:14:53 | WARNING  | sentiment_analysis.ingestion.rss_ingestor:93 — [rss:sec_edgar] Parse error: <unknown>:51:124: mismatched tag
2026-06-29 02:14:53 | INFO     | sentiment_analysis.ingestion.rss_ingestor:84 — [rss:fda] Fetching https://www.fda.gov/about-fda/contact-fda/stay-informed/rss-feeds/press-releases/rss.xml
2026-06-29 02:14:53 | INFO     | sentiment_analysis.ingestion.rss_ingestor:172 — [rss:fda] Stored 0/20 new articles.
2026-06-29 02:15:02 | INFO     | sentiment_analysis.ingestion.rss_ingestor:86 — [rss:pr_newswire] Fetching https://www.prnewswire.com/rss/news-releases-list.rss
2026-06-29 02:15:03 | INFO     | sentiment_analysis.ingestion.rss_ingestor:184 — [rss:pr_newswire] Stored 0/20 new articles.
2026-06-29 02:15:03 | INFO     | sentiment_analysis.ingestion.rss_ingestor:86 — [rss:globe_newswire_finance] Fetching https://www.globenewswire.com/RssFeed/subjectcode/15-Financial%20Services
2026-06-29 02:15:03 | INFO     | sentiment_analysis.ingestion.rss_ingestor:184 — [rss:globe_newswire_finance] Stored 0/20 new articles.
2026-06-29 02:15:03 | INFO     | sentiment_analysis.ingestion.rss_ingestor:86 — [rss:globe_newswire_ma] Fetching https://www.globenewswire.com/RssFeed/subjectcode/14-Mergers%20and%20Acquisitions
2026-06-29 02:15:03 | INFO     | sentiment_analysis.ingestion.rss_ingestor:184 — [rss:globe_newswire_ma] Stored 0/20 new articles.
2026-06-29 02:15:03 | INFO     | sentiment_analysis.ingestion.rss_ingestor:86 — [rss:sec_edgar] Fetching https://www.sec.gov/cgi-bin/browse-edgar?action=getcurrent&type=8-K&dateb=&owner=include&count=40&output=atom
2026-06-29 02:15:03 | ERROR    | sentiment_analysis.ingestion.rss_ingestor:191 — [rss:sec_edgar] Unexpected error: HTTP Error 403: Forbidden
Traceback (most recent call last):

  File "<frozen runpy>", line 198, in _run_module_as_main
  File "<frozen runpy>", line 88, in _run_code

  File "C:\Users\talak\Downloads\Stock Sentiment\sentiment_analysis\main.py", line 166, in <module>
    main()
    └ <function main at 0x0000028686300CC0>

  File "C:\Users\talak\Downloads\Stock Sentiment\sentiment_analysis\main.py", line 154, in main
    asyncio.run(_run_pipeline())
    │       │   └ <function _run_pipeline at 0x000002868483EDE0>
    │       └ <function run at 0x00000286841125C0>
    └ <module 'asyncio' from 'C:\\Users\\talak\\AppData\\Local\\Programs\\Python\\Python313\\Lib\\asyncio\\__init__.py'>

  File "C:\Users\talak\AppData\Local\Programs\Python\Python313\Lib\asyncio\runners.py", line 195, in run
    return runner.run(main)
           │      │   └ <coroutine object _run_pipeline at 0x00000286862FF760>
           │      └ <function Runner.run at 0x0000028684592020>
           └ <asyncio.runners.Runner object at 0x0000028684755E80>
  File "C:\Users\talak\AppData\Local\Programs\Python\Python313\Lib\asyncio\runners.py", line 118, in run
    return self._loop.run_until_complete(task)
           │    │     │                  └ <Task pending name='Task-1' coro=<_run_pipeline() running at C:\Users\talak\Downloads\Stock Sentiment\sentiment_analysis\main...
           │    │     └ <function BaseEventLoop.run_until_complete at 0x000002868417BBA0>
           │    └ <ProactorEventLoop running=True closed=False debug=False>
           └ <asyncio.runners.Runner object at 0x0000028684755E80>
  File "C:\Users\talak\AppData\Local\Programs\Python\Python313\Lib\asyncio\base_events.py", line 712, in run_until_complete
    self.run_forever()
    │    └ <function BaseEventLoop.run_forever at 0x000002868417BB00>
    └ <ProactorEventLoop running=True closed=False debug=False>
  File "C:\Users\talak\AppData\Local\Programs\Python\Python313\Lib\asyncio\base_events.py", line 683, in run_forever
    self._run_once()
    │    └ <function BaseEventLoop._run_once at 0x0000028684591940>
    └ <ProactorEventLoop running=True closed=False debug=False>
  File "C:\Users\talak\AppData\Local\Programs\Python\Python313\Lib\asyncio\base_events.py", line 2061, in _run_once
    handle._run()
    │      └ <function Handle._run at 0x0000028684113420>
    └ <Handle Task.task_wakeup()>
  File "C:\Users\talak\AppData\Local\Programs\Python\Python313\Lib\asyncio\events.py", line 89, in _run
    self._context.run(self._callback, *self._args)
    │    │            │    │           │    └ <member '_args' of 'Handle' objects>
    │    │            │    │           └ <Handle Task.task_wakeup()>
    │    │            │    └ <member '_callback' of 'Handle' objects>
    │    │            └ <Handle Task.task_wakeup()>
    │    └ <member '_context' of 'Handle' objects>
    └ <Handle Task.task_wakeup()>
  File "C:\Users\talak\Downloads\Stock Sentiment\venv\Lib\site-packages\apscheduler\executors\base.py", line 181, in run_coroutine_job
    retval = await job.func(*job.args, **job.kwargs)
                   │   │     │   │       │   └ <member 'kwargs' of 'Job' objects>
                   │   │     │   │       └ <Job (id=rss_ingestor name=RSS Feed Ingestion)>
                   │   │     │   └ <member 'args' of 'Job' objects>
                   │   │     └ <Job (id=rss_ingestor name=RSS Feed Ingestion)>
                   │   └ <member 'func' of 'Job' objects>
                   └ <Job (id=rss_ingestor name=RSS Feed Ingestion)>

  File "C:\Users\talak\Downloads\Stock Sentiment\sentiment_analysis\ingestion\scheduler.py", line 33, in _job_rss
    await _get_rss().run()
          └ <function _get_rss at 0x000002868483ED40>

  File "C:\Users\talak\Downloads\Stock Sentiment\sentiment_analysis\ingestion\rss_ingestor.py", line 68, in run
    _HTML_TAGS  = re.compile(r'<[^>]+>')

> File "C:\Users\talak\Downloads\Stock Sentiment\sentiment_analysis\ingestion\rss_ingestor.py", line 95, in _process_feed
    "4 - Microsoft Corp (0000789019) (Issuer)"  → "Form 4 — Microsoft Corp (Insider Trading)"

  File "C:\Users\talak\AppData\Local\Programs\Python\Python313\Lib\urllib\request.py", line 495, in open
    response = meth(req, response)
               │    │    └ <http.client.HTTPResponse object at 0x000002868634FD30>
               │    └ <urllib.request.Request object at 0x000002868769DE90>
               └ <bound method HTTPErrorProcessor.http_response of <urllib.request.HTTPErrorProcessor object at 0x00000286862D56A0>>
  File "C:\Users\talak\AppData\Local\Programs\Python\Python313\Lib\urllib\request.py", line 604, in http_response
    response = self.parent.error(
               │    │      └ <function OpenerDirector.error at 0x0000028684AD6E80>
               │    └ <urllib.request.OpenerDirector object at 0x00000286862D4D70>
               └ <urllib.request.HTTPErrorProcessor object at 0x00000286862D56A0>
  File "C:\Users\talak\AppData\Local\Programs\Python\Python313\Lib\urllib\request.py", line 533, in error
    return self._call_chain(*args)
           │    │            └ ({'default': [<urllib.request.HTTPDefaultErrorHandler object at 0x00000286862D5160>], 301: [<urllib.request.HTTPRedirectHandl...
           │    └ <function OpenerDirector._call_chain at 0x0000028684AD6CA0>
           └ <urllib.request.OpenerDirector object at 0x00000286862D4D70>
  File "C:\Users\talak\AppData\Local\Programs\Python\Python313\Lib\urllib\request.py", line 466, in _call_chain
    result = func(*args)
             │     └ (<urllib.request.Request object at 0x000002868769DE90>, <http.client.HTTPResponse object at 0x000002868634FD30>, 403, 'Forbid...
             └ <bound method HTTPDefaultErrorHandler.http_error_default of <urllib.request.HTTPDefaultErrorHandler object at 0x00000286862D5...
  File "C:\Users\talak\AppData\Local\Programs\Python\Python313\Lib\urllib\request.py", line 613, in http_error_default
    raise HTTPError(req.full_url, code, msg, hdrs, fp)
          │         │   │         │     │    │     └ <http.client.HTTPResponse object at 0x000002868634FD30>
          │         │   │         │     │    └ <http.client.HTTPMessage object at 0x0000028687659450>
          │         │   │         │     └ 'Forbidden'
          │         │   │         └ 403
          │         │   └ <property object at 0x0000028684AB7EC0>
          │         └ <urllib.request.Request object at 0x000002868769DE90>
          └ <class 'urllib.error.HTTPError'>

urllib.error.HTTPError: HTTP Error 403: Forbidden
2026-06-29 02:15:03 | INFO     | sentiment_analysis.ingestion.rss_ingestor:86 — [rss:fda] Fetching https://www.fda.gov/about-fda/contact-fda/stay-informed/rss-feeds/press-releases/rss.xml
2026-06-29 02:15:04 | INFO     | sentiment_analysis.ingestion.rss_ingestor:184 — [rss:fda] Stored 0/20 new articles.
2026-06-29 02:16:49 | INFO     | sentiment_analysis.ingestion.rss_ingestor:86 — [rss:pr_newswire] Fetching https://www.prnewswire.com/rss/news-releases-list.rss
2026-06-29 02:16:50 | INFO     | sentiment_analysis.ingestion.rss_ingestor:184 — [rss:pr_newswire] Stored 0/20 new articles.
2026-06-29 02:16:50 | INFO     | sentiment_analysis.ingestion.rss_ingestor:86 — [rss:globe_newswire_finance] Fetching https://www.globenewswire.com/RssFeed/subjectcode/15-Financial%20Services
2026-06-29 02:16:50 | INFO     | sentiment_analysis.ingestion.rss_ingestor:184 — [rss:globe_newswire_finance] Stored 0/20 new articles.
2026-06-29 02:16:50 | INFO     | sentiment_analysis.ingestion.rss_ingestor:86 — [rss:globe_newswire_ma] Fetching https://www.globenewswire.com/RssFeed/subjectcode/14-Mergers%20and%20Acquisitions
2026-06-29 02:16:50 | INFO     | sentiment_analysis.ingestion.rss_ingestor:184 — [rss:globe_newswire_ma] Stored 0/20 new articles.
2026-06-29 02:16:50 | INFO     | sentiment_analysis.ingestion.rss_ingestor:86 — [rss:sec_edgar] Fetching https://www.sec.gov/cgi-bin/browse-edgar?action=getcurrent&type=8-K&dateb=&owner=include&count=40&output=atom
2026-06-29 02:16:50 | INFO     | sentiment_analysis.ingestion.rss_ingestor:184 — [rss:sec_edgar] Stored 0/40 new articles.
2026-06-29 02:16:50 | INFO     | sentiment_analysis.ingestion.rss_ingestor:86 — [rss:fda] Fetching https://www.fda.gov/about-fda/contact-fda/stay-informed/rss-feeds/press-releases/rss.xml
2026-06-29 02:16:50 | INFO     | sentiment_analysis.ingestion.rss_ingestor:184 — [rss:fda] Stored 0/20 new articles.
2026-06-29 02:17:59 | INFO     | sentiment_analysis.ingestion.rss_ingestor:86 — [rss:pr_newswire] Fetching https://www.prnewswire.com/rss/news-releases-list.rss
2026-06-29 02:17:59 | INFO     | sentiment_analysis.ingestion.rss_ingestor:184 — [rss:pr_newswire] Stored 2/20 new articles.
2026-06-29 02:17:59 | INFO     | sentiment_analysis.ingestion.rss_ingestor:86 — [rss:globe_newswire_finance] Fetching https://www.globenewswire.com/RssFeed/subjectcode/15-Financial%20Services
2026-06-29 02:18:00 | INFO     | sentiment_analysis.ingestion.rss_ingestor:184 — [rss:globe_newswire_finance] Stored 0/20 new articles.
2026-06-29 02:18:00 | INFO     | sentiment_analysis.ingestion.rss_ingestor:86 — [rss:globe_newswire_ma] Fetching https://www.globenewswire.com/RssFeed/subjectcode/14-Mergers%20and%20Acquisitions
2026-06-29 02:18:00 | INFO     | sentiment_analysis.ingestion.rss_ingestor:184 — [rss:globe_newswire_ma] Stored 0/20 new articles.
2026-06-29 02:18:00 | INFO     | sentiment_analysis.ingestion.rss_ingestor:86 — [rss:sec_edgar] Fetching https://www.sec.gov/cgi-bin/browse-edgar?action=getcurrent&type=8-K&dateb=&owner=include&count=40&output=atom
2026-06-29 02:18:00 | INFO     | sentiment_analysis.ingestion.rss_ingestor:184 — [rss:sec_edgar] Stored 0/40 new articles.
2026-06-29 02:18:00 | INFO     | sentiment_analysis.ingestion.rss_ingestor:86 — [rss:fda] Fetching https://www.fda.gov/about-fda/contact-fda/stay-informed/rss-feeds/press-releases/rss.xml
2026-06-29 02:18:00 | INFO     | sentiment_analysis.ingestion.rss_ingestor:184 — [rss:fda] Stored 0/20 new articles.
2026-06-29 02:18:26 | INFO     | sentiment_analysis.ingestion.rss_ingestor:74 — [rss:pr_newswire] Fetching https://www.prnewswire.com/rss/news-releases-list.rss
2026-06-29 02:18:26 | WARNING  | sentiment_analysis.ingestion.rss_ingestor:83 — [rss:pr_newswire] Parse error: <urlopen error [SSL: CERTIFICATE_VERIFY_FAILED] certificate verify failed: Basic Constraints of CA cert not marked critical (_ssl.c:1032)>
2026-06-29 02:18:26 | INFO     | sentiment_analysis.ingestion.rss_ingestor:74 — [rss:globe_newswire] Fetching https://www.globenewswire.com/RssFeed/subjectcode/15-Financial%20Services
2026-06-29 02:18:26 | WARNING  | sentiment_analysis.ingestion.rss_ingestor:83 — [rss:globe_newswire] Parse error: <urlopen error [SSL: CERTIFICATE_VERIFY_FAILED] certificate verify failed: Basic Constraints of CA cert not marked critical (_ssl.c:1032)>
2026-06-29 02:18:26 | INFO     | sentiment_analysis.ingestion.rss_ingestor:74 — [rss:access_newswire] Fetching https://www.accessnewswire.com/rss
2026-06-29 02:18:26 | WARNING  | sentiment_analysis.ingestion.rss_ingestor:83 — [rss:access_newswire] Parse error: <urlopen error [SSL: CERTIFICATE_VERIFY_FAILED] certificate verify failed: Basic Constraints of CA cert not marked critical (_ssl.c:1032)>
2026-06-29 02:18:26 | INFO     | sentiment_analysis.ingestion.rss_ingestor:74 — [rss:sec_edgar] Fetching https://www.sec.gov/cgi-bin/browse-edgar?action=getcurrent&type=8-K&dateb=&owner=include&count=40&output=atom
2026-06-29 02:18:26 | WARNING  | sentiment_analysis.ingestion.rss_ingestor:83 — [rss:sec_edgar] Parse error: <urlopen error [SSL: CERTIFICATE_VERIFY_FAILED] certificate verify failed: Basic Constraints of CA cert not marked critical (_ssl.c:1032)>
2026-06-29 02:18:26 | INFO     | sentiment_analysis.ingestion.rss_ingestor:74 — [rss:fda] Fetching https://www.fda.gov/about-fda/contact-fda/stay-informed/rss-feeds/press-releases/rss.xml
2026-06-29 02:18:26 | WARNING  | sentiment_analysis.ingestion.rss_ingestor:83 — [rss:fda] Parse error: <urlopen error [SSL: CERTIFICATE_VERIFY_FAILED] certificate verify failed: Basic Constraints of CA cert not marked critical (_ssl.c:1032)>
2026-06-29 02:19:52 | INFO     | sentiment_analysis.ingestion.rss_ingestor:84 — [rss:pr_newswire] Fetching https://www.prnewswire.com/rss/news-releases-list.rss
2026-06-29 02:19:52 | INFO     | sentiment_analysis.ingestion.rss_ingestor:172 — [rss:pr_newswire] Stored 0/20 new articles.
2026-06-29 02:19:52 | INFO     | sentiment_analysis.ingestion.rss_ingestor:84 — [rss:globe_newswire] Fetching https://www.globenewswire.com/RssFeed/subjectcode/15-Financial%20Services
2026-06-29 02:19:52 | INFO     | sentiment_analysis.ingestion.rss_ingestor:172 — [rss:globe_newswire] Stored 0/20 new articles.
2026-06-29 02:19:52 | INFO     | sentiment_analysis.ingestion.rss_ingestor:84 — [rss:access_newswire] Fetching https://www.accessnewswire.com/rss
2026-06-29 02:19:52 | WARNING  | sentiment_analysis.ingestion.rss_ingestor:93 — [rss:access_newswire] Parse error: <unknown>:113:48: not well-formed (invalid token)
2026-06-29 02:19:52 | INFO     | sentiment_analysis.ingestion.rss_ingestor:84 — [rss:sec_edgar] Fetching https://www.sec.gov/cgi-bin/browse-edgar?action=getcurrent&type=8-K&dateb=&owner=include&count=40&output=atom
2026-06-29 02:19:52 | WARNING  | sentiment_analysis.ingestion.rss_ingestor:93 — [rss:sec_edgar] Parse error: <unknown>:51:124: mismatched tag
2026-06-29 02:19:52 | INFO     | sentiment_analysis.ingestion.rss_ingestor:84 — [rss:fda] Fetching https://www.fda.gov/about-fda/contact-fda/stay-informed/rss-feeds/press-releases/rss.xml
2026-06-29 02:19:53 | INFO     | sentiment_analysis.ingestion.rss_ingestor:172 — [rss:fda] Stored 0/20 new articles.
2026-06-29 02:20:02 | INFO     | sentiment_analysis.ingestion.rss_ingestor:86 — [rss:pr_newswire] Fetching https://www.prnewswire.com/rss/news-releases-list.rss
2026-06-29 02:20:03 | INFO     | sentiment_analysis.ingestion.rss_ingestor:184 — [rss:pr_newswire] Stored 0/20 new articles.
2026-06-29 02:20:03 | INFO     | sentiment_analysis.ingestion.rss_ingestor:86 — [rss:globe_newswire_finance] Fetching https://www.globenewswire.com/RssFeed/subjectcode/15-Financial%20Services
2026-06-29 02:20:03 | INFO     | sentiment_analysis.ingestion.rss_ingestor:184 — [rss:globe_newswire_finance] Stored 0/20 new articles.
2026-06-29 02:20:03 | INFO     | sentiment_analysis.ingestion.rss_ingestor:86 — [rss:globe_newswire_ma] Fetching https://www.globenewswire.com/RssFeed/subjectcode/14-Mergers%20and%20Acquisitions
2026-06-29 02:20:03 | INFO     | sentiment_analysis.ingestion.rss_ingestor:184 — [rss:globe_newswire_ma] Stored 0/20 new articles.
2026-06-29 02:20:03 | INFO     | sentiment_analysis.ingestion.rss_ingestor:86 — [rss:sec_edgar] Fetching https://www.sec.gov/cgi-bin/browse-edgar?action=getcurrent&type=8-K&dateb=&owner=include&count=40&output=atom
2026-06-29 02:20:03 | ERROR    | sentiment_analysis.ingestion.rss_ingestor:191 — [rss:sec_edgar] Unexpected error: HTTP Error 403: Forbidden
Traceback (most recent call last):

  File "<frozen runpy>", line 198, in _run_module_as_main
  File "<frozen runpy>", line 88, in _run_code

  File "C:\Users\talak\Downloads\Stock Sentiment\sentiment_analysis\main.py", line 166, in <module>
    main()
    └ <function main at 0x0000028686300CC0>

  File "C:\Users\talak\Downloads\Stock Sentiment\sentiment_analysis\main.py", line 154, in main
    asyncio.run(_run_pipeline())
    │       │   └ <function _run_pipeline at 0x000002868483EDE0>
    │       └ <function run at 0x00000286841125C0>
    └ <module 'asyncio' from 'C:\\Users\\talak\\AppData\\Local\\Programs\\Python\\Python313\\Lib\\asyncio\\__init__.py'>

  File "C:\Users\talak\AppData\Local\Programs\Python\Python313\Lib\asyncio\runners.py", line 195, in run
    return runner.run(main)
           │      │   └ <coroutine object _run_pipeline at 0x00000286862FF760>
           │      └ <function Runner.run at 0x0000028684592020>
           └ <asyncio.runners.Runner object at 0x0000028684755E80>
  File "C:\Users\talak\AppData\Local\Programs\Python\Python313\Lib\asyncio\runners.py", line 118, in run
    return self._loop.run_until_complete(task)
           │    │     │                  └ <Task pending name='Task-1' coro=<_run_pipeline() running at C:\Users\talak\Downloads\Stock Sentiment\sentiment_analysis\main...
           │    │     └ <function BaseEventLoop.run_until_complete at 0x000002868417BBA0>
           │    └ <ProactorEventLoop running=True closed=False debug=False>
           └ <asyncio.runners.Runner object at 0x0000028684755E80>
  File "C:\Users\talak\AppData\Local\Programs\Python\Python313\Lib\asyncio\base_events.py", line 712, in run_until_complete
    self.run_forever()
    │    └ <function BaseEventLoop.run_forever at 0x000002868417BB00>
    └ <ProactorEventLoop running=True closed=False debug=False>
  File "C:\Users\talak\AppData\Local\Programs\Python\Python313\Lib\asyncio\base_events.py", line 683, in run_forever
    self._run_once()
    │    └ <function BaseEventLoop._run_once at 0x0000028684591940>
    └ <ProactorEventLoop running=True closed=False debug=False>
  File "C:\Users\talak\AppData\Local\Programs\Python\Python313\Lib\asyncio\base_events.py", line 2061, in _run_once
    handle._run()
    │      └ <function Handle._run at 0x0000028684113420>
    └ <Handle Task.task_wakeup()>
  File "C:\Users\talak\AppData\Local\Programs\Python\Python313\Lib\asyncio\events.py", line 89, in _run
    self._context.run(self._callback, *self._args)
    │    │            │    │           │    └ <member '_args' of 'Handle' objects>
    │    │            │    │           └ <Handle Task.task_wakeup()>
    │    │            │    └ <member '_callback' of 'Handle' objects>
    │    │            └ <Handle Task.task_wakeup()>
    │    └ <member '_context' of 'Handle' objects>
    └ <Handle Task.task_wakeup()>
  File "C:\Users\talak\Downloads\Stock Sentiment\venv\Lib\site-packages\apscheduler\executors\base.py", line 181, in run_coroutine_job
    retval = await job.func(*job.args, **job.kwargs)
                   │   │     │   │       │   └ <member 'kwargs' of 'Job' objects>
                   │   │     │   │       └ <Job (id=rss_ingestor name=RSS Feed Ingestion)>
                   │   │     │   └ <member 'args' of 'Job' objects>
                   │   │     └ <Job (id=rss_ingestor name=RSS Feed Ingestion)>
                   │   └ <member 'func' of 'Job' objects>
                   └ <Job (id=rss_ingestor name=RSS Feed Ingestion)>

  File "C:\Users\talak\Downloads\Stock Sentiment\sentiment_analysis\ingestion\scheduler.py", line 33, in _job_rss
    await _get_rss().run()
          └ <function _get_rss at 0x000002868483ED40>

  File "C:\Users\talak\Downloads\Stock Sentiment\sentiment_analysis\ingestion\rss_ingestor.py", line 68, in run
    _HTML_TAGS  = re.compile(r'<[^>]+>')

> File "C:\Users\talak\Downloads\Stock Sentiment\sentiment_analysis\ingestion\rss_ingestor.py", line 95, in _process_feed
    "4 - Microsoft Corp (0000789019) (Issuer)"  → "Form 4 — Microsoft Corp (Insider Trading)"

  File "C:\Users\talak\AppData\Local\Programs\Python\Python313\Lib\urllib\request.py", line 495, in open
    response = meth(req, response)
               │    │    └ <http.client.HTTPResponse object at 0x0000028687643640>
               │    └ <urllib.request.Request object at 0x000002868769DE90>
               └ <bound method HTTPErrorProcessor.http_response of <urllib.request.HTTPErrorProcessor object at 0x00000286862D56A0>>
  File "C:\Users\talak\AppData\Local\Programs\Python\Python313\Lib\urllib\request.py", line 604, in http_response
    response = self.parent.error(
               │    │      └ <function OpenerDirector.error at 0x0000028684AD6E80>
               │    └ <urllib.request.OpenerDirector object at 0x00000286862D4D70>
               └ <urllib.request.HTTPErrorProcessor object at 0x00000286862D56A0>
  File "C:\Users\talak\AppData\Local\Programs\Python\Python313\Lib\urllib\request.py", line 533, in error
    return self._call_chain(*args)
           │    │            └ ({'default': [<urllib.request.HTTPDefaultErrorHandler object at 0x00000286862D5160>], 301: [<urllib.request.HTTPRedirectHandl...
           │    └ <function OpenerDirector._call_chain at 0x0000028684AD6CA0>
           └ <urllib.request.OpenerDirector object at 0x00000286862D4D70>
  File "C:\Users\talak\AppData\Local\Programs\Python\Python313\Lib\urllib\request.py", line 466, in _call_chain
    result = func(*args)
             │     └ (<urllib.request.Request object at 0x000002868769DE90>, <http.client.HTTPResponse object at 0x0000028687643640>, 403, 'Forbid...
             └ <bound method HTTPDefaultErrorHandler.http_error_default of <urllib.request.HTTPDefaultErrorHandler object at 0x00000286862D5...
  File "C:\Users\talak\AppData\Local\Programs\Python\Python313\Lib\urllib\request.py", line 613, in http_error_default
    raise HTTPError(req.full_url, code, msg, hdrs, fp)
          │         │   │         │     │    │     └ <http.client.HTTPResponse object at 0x0000028687643640>
          │         │   │         │     │    └ <http.client.HTTPMessage object at 0x00000286876599F0>
          │         │   │         │     └ 'Forbidden'
          │         │   │         └ 403
          │         │   └ <property object at 0x0000028684AB7EC0>
          │         └ <urllib.request.Request object at 0x000002868769DE90>
          └ <class 'urllib.error.HTTPError'>

urllib.error.HTTPError: HTTP Error 403: Forbidden
2026-06-29 02:20:03 | INFO     | sentiment_analysis.ingestion.rss_ingestor:86 — [rss:fda] Fetching https://www.fda.gov/about-fda/contact-fda/stay-informed/rss-feeds/press-releases/rss.xml
2026-06-29 02:20:03 | INFO     | sentiment_analysis.ingestion.rss_ingestor:184 — [rss:fda] Stored 0/20 new articles.
2026-06-29 02:21:49 | INFO     | sentiment_analysis.ingestion.rss_ingestor:86 — [rss:pr_newswire] Fetching https://www.prnewswire.com/rss/news-releases-list.rss
2026-06-29 02:21:50 | INFO     | sentiment_analysis.ingestion.rss_ingestor:184 — [rss:pr_newswire] Stored 0/20 new articles.
2026-06-29 02:21:50 | INFO     | sentiment_analysis.ingestion.rss_ingestor:86 — [rss:globe_newswire_finance] Fetching https://www.globenewswire.com/RssFeed/subjectcode/15-Financial%20Services
2026-06-29 02:21:50 | INFO     | sentiment_analysis.ingestion.rss_ingestor:184 — [rss:globe_newswire_finance] Stored 0/20 new articles.
2026-06-29 02:21:50 | INFO     | sentiment_analysis.ingestion.rss_ingestor:86 — [rss:globe_newswire_ma] Fetching https://www.globenewswire.com/RssFeed/subjectcode/14-Mergers%20and%20Acquisitions
2026-06-29 02:21:50 | INFO     | sentiment_analysis.ingestion.rss_ingestor:184 — [rss:globe_newswire_ma] Stored 0/20 new articles.
2026-06-29 02:21:50 | INFO     | sentiment_analysis.ingestion.rss_ingestor:86 — [rss:sec_edgar] Fetching https://www.sec.gov/cgi-bin/browse-edgar?action=getcurrent&type=8-K&dateb=&owner=include&count=40&output=atom
2026-06-29 02:21:50 | INFO     | sentiment_analysis.ingestion.rss_ingestor:184 — [rss:sec_edgar] Stored 0/40 new articles.
2026-06-29 02:21:50 | INFO     | sentiment_analysis.ingestion.rss_ingestor:86 — [rss:fda] Fetching https://www.fda.gov/about-fda/contact-fda/stay-informed/rss-feeds/press-releases/rss.xml
2026-06-29 02:21:50 | INFO     | sentiment_analysis.ingestion.rss_ingestor:184 — [rss:fda] Stored 0/20 new articles.
2026-06-29 02:22:59 | INFO     | sentiment_analysis.ingestion.rss_ingestor:86 — [rss:pr_newswire] Fetching https://www.prnewswire.com/rss/news-releases-list.rss
2026-06-29 02:22:59 | INFO     | sentiment_analysis.ingestion.rss_ingestor:184 — [rss:pr_newswire] Stored 0/20 new articles.
2026-06-29 02:22:59 | INFO     | sentiment_analysis.ingestion.rss_ingestor:86 — [rss:globe_newswire_finance] Fetching https://www.globenewswire.com/RssFeed/subjectcode/15-Financial%20Services
2026-06-29 02:23:00 | INFO     | sentiment_analysis.ingestion.rss_ingestor:184 — [rss:globe_newswire_finance] Stored 0/20 new articles.
2026-06-29 02:23:00 | INFO     | sentiment_analysis.ingestion.rss_ingestor:86 — [rss:globe_newswire_ma] Fetching https://www.globenewswire.com/RssFeed/subjectcode/14-Mergers%20and%20Acquisitions
2026-06-29 02:23:00 | INFO     | sentiment_analysis.ingestion.rss_ingestor:184 — [rss:globe_newswire_ma] Stored 0/20 new articles.
2026-06-29 02:23:00 | INFO     | sentiment_analysis.ingestion.rss_ingestor:86 — [rss:sec_edgar] Fetching https://www.sec.gov/cgi-bin/browse-edgar?action=getcurrent&type=8-K&dateb=&owner=include&count=40&output=atom
2026-06-29 02:23:00 | INFO     | sentiment_analysis.ingestion.rss_ingestor:184 — [rss:sec_edgar] Stored 0/40 new articles.
2026-06-29 02:23:00 | INFO     | sentiment_analysis.ingestion.rss_ingestor:86 — [rss:fda] Fetching https://www.fda.gov/about-fda/contact-fda/stay-informed/rss-feeds/press-releases/rss.xml
2026-06-29 02:23:00 | INFO     | sentiment_analysis.ingestion.rss_ingestor:184 — [rss:fda] Stored 0/20 new articles.
2026-06-29 02:23:00 | INFO     | sentiment_analysis.nlp.pipeline:130 — [nlp] Batch complete — processed 2/2 articles
2026-06-29 02:23:26 | INFO     | sentiment_analysis.ingestion.rss_ingestor:74 — [rss:pr_newswire] Fetching https://www.prnewswire.com/rss/news-releases-list.rss
2026-06-29 02:23:26 | WARNING  | sentiment_analysis.ingestion.rss_ingestor:83 — [rss:pr_newswire] Parse error: <urlopen error [SSL: CERTIFICATE_VERIFY_FAILED] certificate verify failed: Basic Constraints of CA cert not marked critical (_ssl.c:1032)>
2026-06-29 02:23:26 | INFO     | sentiment_analysis.ingestion.rss_ingestor:74 — [rss:globe_newswire] Fetching https://www.globenewswire.com/RssFeed/subjectcode/15-Financial%20Services
2026-06-29 02:23:26 | WARNING  | sentiment_analysis.ingestion.rss_ingestor:83 — [rss:globe_newswire] Parse error: <urlopen error [SSL: CERTIFICATE_VERIFY_FAILED] certificate verify failed: Basic Constraints of CA cert not marked critical (_ssl.c:1032)>
2026-06-29 02:23:26 | INFO     | sentiment_analysis.ingestion.rss_ingestor:74 — [rss:access_newswire] Fetching https://www.accessnewswire.com/rss
2026-06-29 02:23:26 | WARNING  | sentiment_analysis.ingestion.rss_ingestor:83 — [rss:access_newswire] Parse error: <urlopen error [SSL: CERTIFICATE_VERIFY_FAILED] certificate verify failed: Basic Constraints of CA cert not marked critical (_ssl.c:1032)>
2026-06-29 02:23:26 | INFO     | sentiment_analysis.ingestion.rss_ingestor:74 — [rss:sec_edgar] Fetching https://www.sec.gov/cgi-bin/browse-edgar?action=getcurrent&type=8-K&dateb=&owner=include&count=40&output=atom
2026-06-29 02:23:26 | WARNING  | sentiment_analysis.ingestion.rss_ingestor:83 — [rss:sec_edgar] Parse error: <urlopen error [SSL: CERTIFICATE_VERIFY_FAILED] certificate verify failed: Basic Constraints of CA cert not marked critical (_ssl.c:1032)>
2026-06-29 02:23:26 | INFO     | sentiment_analysis.ingestion.rss_ingestor:74 — [rss:fda] Fetching https://www.fda.gov/about-fda/contact-fda/stay-informed/rss-feeds/press-releases/rss.xml
2026-06-29 02:23:26 | WARNING  | sentiment_analysis.ingestion.rss_ingestor:83 — [rss:fda] Parse error: <urlopen error [SSL: CERTIFICATE_VERIFY_FAILED] certificate verify failed: Basic Constraints of CA cert not marked critical (_ssl.c:1032)>
2026-06-29 02:24:52 | INFO     | sentiment_analysis.ingestion.rss_ingestor:84 — [rss:pr_newswire] Fetching https://www.prnewswire.com/rss/news-releases-list.rss
2026-06-29 02:24:52 | INFO     | sentiment_analysis.ingestion.rss_ingestor:172 — [rss:pr_newswire] Stored 2/20 new articles.
2026-06-29 02:24:52 | INFO     | sentiment_analysis.ingestion.rss_ingestor:84 — [rss:globe_newswire] Fetching https://www.globenewswire.com/RssFeed/subjectcode/15-Financial%20Services
2026-06-29 02:24:52 | INFO     | sentiment_analysis.ingestion.rss_ingestor:172 — [rss:globe_newswire] Stored 0/20 new articles.
2026-06-29 02:24:52 | INFO     | sentiment_analysis.ingestion.rss_ingestor:84 — [rss:access_newswire] Fetching https://www.accessnewswire.com/rss
2026-06-29 02:24:52 | WARNING  | sentiment_analysis.ingestion.rss_ingestor:93 — [rss:access_newswire] Parse error: <unknown>:113:48: not well-formed (invalid token)
2026-06-29 02:24:52 | INFO     | sentiment_analysis.ingestion.rss_ingestor:84 — [rss:sec_edgar] Fetching https://www.sec.gov/cgi-bin/browse-edgar?action=getcurrent&type=8-K&dateb=&owner=include&count=40&output=atom
2026-06-29 02:24:52 | WARNING  | sentiment_analysis.ingestion.rss_ingestor:93 — [rss:sec_edgar] Parse error: <unknown>:51:124: mismatched tag
2026-06-29 02:24:52 | INFO     | sentiment_analysis.ingestion.rss_ingestor:84 — [rss:fda] Fetching https://www.fda.gov/about-fda/contact-fda/stay-informed/rss-feeds/press-releases/rss.xml
2026-06-29 02:24:53 | INFO     | sentiment_analysis.ingestion.rss_ingestor:172 — [rss:fda] Stored 0/20 new articles.
2026-06-29 02:25:02 | INFO     | sentiment_analysis.ingestion.rss_ingestor:86 — [rss:pr_newswire] Fetching https://www.prnewswire.com/rss/news-releases-list.rss
2026-06-29 02:25:03 | INFO     | sentiment_analysis.ingestion.rss_ingestor:184 — [rss:pr_newswire] Stored 0/20 new articles.
2026-06-29 02:25:03 | INFO     | sentiment_analysis.ingestion.rss_ingestor:86 — [rss:globe_newswire_finance] Fetching https://www.globenewswire.com/RssFeed/subjectcode/15-Financial%20Services
2026-06-29 02:25:03 | INFO     | sentiment_analysis.ingestion.rss_ingestor:184 — [rss:globe_newswire_finance] Stored 0/20 new articles.
2026-06-29 02:25:03 | INFO     | sentiment_analysis.ingestion.rss_ingestor:86 — [rss:globe_newswire_ma] Fetching https://www.globenewswire.com/RssFeed/subjectcode/14-Mergers%20and%20Acquisitions
2026-06-29 02:25:03 | INFO     | sentiment_analysis.ingestion.rss_ingestor:184 — [rss:globe_newswire_ma] Stored 0/20 new articles.
2026-06-29 02:25:03 | INFO     | sentiment_analysis.ingestion.rss_ingestor:86 — [rss:sec_edgar] Fetching https://www.sec.gov/cgi-bin/browse-edgar?action=getcurrent&type=8-K&dateb=&owner=include&count=40&output=atom
2026-06-29 02:25:03 | ERROR    | sentiment_analysis.ingestion.rss_ingestor:191 — [rss:sec_edgar] Unexpected error: HTTP Error 403: Forbidden
Traceback (most recent call last):

  File "<frozen runpy>", line 198, in _run_module_as_main
  File "<frozen runpy>", line 88, in _run_code

  File "C:\Users\talak\Downloads\Stock Sentiment\sentiment_analysis\main.py", line 166, in <module>
    main()
    └ <function main at 0x0000028686300CC0>

  File "C:\Users\talak\Downloads\Stock Sentiment\sentiment_analysis\main.py", line 154, in main
    asyncio.run(_run_pipeline())
    │       │   └ <function _run_pipeline at 0x000002868483EDE0>
    │       └ <function run at 0x00000286841125C0>
    └ <module 'asyncio' from 'C:\\Users\\talak\\AppData\\Local\\Programs\\Python\\Python313\\Lib\\asyncio\\__init__.py'>

  File "C:\Users\talak\AppData\Local\Programs\Python\Python313\Lib\asyncio\runners.py", line 195, in run
    return runner.run(main)
           │      │   └ <coroutine object _run_pipeline at 0x00000286862FF760>
           │      └ <function Runner.run at 0x0000028684592020>
           └ <asyncio.runners.Runner object at 0x0000028684755E80>
  File "C:\Users\talak\AppData\Local\Programs\Python\Python313\Lib\asyncio\runners.py", line 118, in run
    return self._loop.run_until_complete(task)
           │    │     │                  └ <Task pending name='Task-1' coro=<_run_pipeline() running at C:\Users\talak\Downloads\Stock Sentiment\sentiment_analysis\main...
           │    │     └ <function BaseEventLoop.run_until_complete at 0x000002868417BBA0>
           │    └ <ProactorEventLoop running=True closed=False debug=False>
           └ <asyncio.runners.Runner object at 0x0000028684755E80>
  File "C:\Users\talak\AppData\Local\Programs\Python\Python313\Lib\asyncio\base_events.py", line 712, in run_until_complete
    self.run_forever()
    │    └ <function BaseEventLoop.run_forever at 0x000002868417BB00>
    └ <ProactorEventLoop running=True closed=False debug=False>
  File "C:\Users\talak\AppData\Local\Programs\Python\Python313\Lib\asyncio\base_events.py", line 683, in run_forever
    self._run_once()
    │    └ <function BaseEventLoop._run_once at 0x0000028684591940>
    └ <ProactorEventLoop running=True closed=False debug=False>
  File "C:\Users\talak\AppData\Local\Programs\Python\Python313\Lib\asyncio\base_events.py", line 2061, in _run_once
    handle._run()
    │      └ <function Handle._run at 0x0000028684113420>
    └ <Handle Task.task_wakeup()>
  File "C:\Users\talak\AppData\Local\Programs\Python\Python313\Lib\asyncio\events.py", line 89, in _run
    self._context.run(self._callback, *self._args)
    │    │            │    │           │    └ <member '_args' of 'Handle' objects>
    │    │            │    │           └ <Handle Task.task_wakeup()>
    │    │            │    └ <member '_callback' of 'Handle' objects>
    │    │            └ <Handle Task.task_wakeup()>
    │    └ <member '_context' of 'Handle' objects>
    └ <Handle Task.task_wakeup()>
  File "C:\Users\talak\Downloads\Stock Sentiment\venv\Lib\site-packages\apscheduler\executors\base.py", line 181, in run_coroutine_job
    retval = await job.func(*job.args, **job.kwargs)
                   │   │     │   │       │   └ <member 'kwargs' of 'Job' objects>
                   │   │     │   │       └ <Job (id=rss_ingestor name=RSS Feed Ingestion)>
                   │   │     │   └ <member 'args' of 'Job' objects>
                   │   │     └ <Job (id=rss_ingestor name=RSS Feed Ingestion)>
                   │   └ <member 'func' of 'Job' objects>
                   └ <Job (id=rss_ingestor name=RSS Feed Ingestion)>

  File "C:\Users\talak\Downloads\Stock Sentiment\sentiment_analysis\ingestion\scheduler.py", line 33, in _job_rss
    await _get_rss().run()
          └ <function _get_rss at 0x000002868483ED40>

  File "C:\Users\talak\Downloads\Stock Sentiment\sentiment_analysis\ingestion\rss_ingestor.py", line 68, in run
    _HTML_TAGS  = re.compile(r'<[^>]+>')

> File "C:\Users\talak\Downloads\Stock Sentiment\sentiment_analysis\ingestion\rss_ingestor.py", line 95, in _process_feed
    "4 - Microsoft Corp (0000789019) (Issuer)"  → "Form 4 — Microsoft Corp (Insider Trading)"

  File "C:\Users\talak\AppData\Local\Programs\Python\Python313\Lib\urllib\request.py", line 495, in open
    response = meth(req, response)
               │    │    └ <http.client.HTTPResponse object at 0x000002868634CF10>
               │    └ <urllib.request.Request object at 0x000002868769DE90>
               └ <bound method HTTPErrorProcessor.http_response of <urllib.request.HTTPErrorProcessor object at 0x00000286862D56A0>>
  File "C:\Users\talak\AppData\Local\Programs\Python\Python313\Lib\urllib\request.py", line 604, in http_response
    response = self.parent.error(
               │    │      └ <function OpenerDirector.error at 0x0000028684AD6E80>
               │    └ <urllib.request.OpenerDirector object at 0x00000286862D4D70>
               └ <urllib.request.HTTPErrorProcessor object at 0x00000286862D56A0>
  File "C:\Users\talak\AppData\Local\Programs\Python\Python313\Lib\urllib\request.py", line 533, in error
    return self._call_chain(*args)
           │    │            └ ({'default': [<urllib.request.HTTPDefaultErrorHandler object at 0x00000286862D5160>], 301: [<urllib.request.HTTPRedirectHandl...
           │    └ <function OpenerDirector._call_chain at 0x0000028684AD6CA0>
           └ <urllib.request.OpenerDirector object at 0x00000286862D4D70>
  File "C:\Users\talak\AppData\Local\Programs\Python\Python313\Lib\urllib\request.py", line 466, in _call_chain
    result = func(*args)
             │     └ (<urllib.request.Request object at 0x000002868769DE90>, <http.client.HTTPResponse object at 0x000002868634CF10>, 403, 'Forbid...
             └ <bound method HTTPDefaultErrorHandler.http_error_default of <urllib.request.HTTPDefaultErrorHandler object at 0x00000286862D5...
  File "C:\Users\talak\AppData\Local\Programs\Python\Python313\Lib\urllib\request.py", line 613, in http_error_default
    raise HTTPError(req.full_url, code, msg, hdrs, fp)
          │         │   │         │     │    │     └ <http.client.HTTPResponse object at 0x000002868634CF10>
          │         │   │         │     │    └ <http.client.HTTPMessage object at 0x0000028687658B90>
          │         │   │         │     └ 'Forbidden'
          │         │   │         └ 403
          │         │   └ <property object at 0x0000028684AB7EC0>
          │         └ <urllib.request.Request object at 0x000002868769DE90>
          └ <class 'urllib.error.HTTPError'>

urllib.error.HTTPError: HTTP Error 403: Forbidden
2026-06-29 02:25:03 | INFO     | sentiment_analysis.ingestion.rss_ingestor:86 — [rss:fda] Fetching https://www.fda.gov/about-fda/contact-fda/stay-informed/rss-feeds/press-releases/rss.xml
2026-06-29 02:25:03 | INFO     | sentiment_analysis.ingestion.rss_ingestor:184 — [rss:fda] Stored 0/20 new articles.
2026-06-29 02:26:49 | INFO     | sentiment_analysis.ingestion.rss_ingestor:86 — [rss:pr_newswire] Fetching https://www.prnewswire.com/rss/news-releases-list.rss
2026-06-29 02:26:50 | INFO     | sentiment_analysis.ingestion.rss_ingestor:184 — [rss:pr_newswire] Stored 0/20 new articles.
2026-06-29 02:26:50 | INFO     | sentiment_analysis.ingestion.rss_ingestor:86 — [rss:globe_newswire_finance] Fetching https://www.globenewswire.com/RssFeed/subjectcode/15-Financial%20Services
2026-06-29 02:26:50 | INFO     | sentiment_analysis.ingestion.rss_ingestor:184 — [rss:globe_newswire_finance] Stored 0/20 new articles.
2026-06-29 02:26:50 | INFO     | sentiment_analysis.ingestion.rss_ingestor:86 — [rss:globe_newswire_ma] Fetching https://www.globenewswire.com/RssFeed/subjectcode/14-Mergers%20and%20Acquisitions
2026-06-29 02:26:50 | INFO     | sentiment_analysis.ingestion.rss_ingestor:184 — [rss:globe_newswire_ma] Stored 0/20 new articles.
2026-06-29 02:26:50 | INFO     | sentiment_analysis.ingestion.rss_ingestor:86 — [rss:sec_edgar] Fetching https://www.sec.gov/cgi-bin/browse-edgar?action=getcurrent&type=8-K&dateb=&owner=include&count=40&output=atom
2026-06-29 02:26:50 | INFO     | sentiment_analysis.ingestion.rss_ingestor:184 — [rss:sec_edgar] Stored 0/40 new articles.
2026-06-29 02:26:50 | INFO     | sentiment_analysis.ingestion.rss_ingestor:86 — [rss:fda] Fetching https://www.fda.gov/about-fda/contact-fda/stay-informed/rss-feeds/press-releases/rss.xml
2026-06-29 02:26:50 | INFO     | sentiment_analysis.ingestion.rss_ingestor:184 — [rss:fda] Stored 0/20 new articles.
2026-06-29 02:27:59 | INFO     | sentiment_analysis.ingestion.rss_ingestor:86 — [rss:pr_newswire] Fetching https://www.prnewswire.com/rss/news-releases-list.rss
2026-06-29 02:27:59 | INFO     | sentiment_analysis.ingestion.rss_ingestor:184 — [rss:pr_newswire] Stored 0/20 new articles.
2026-06-29 02:27:59 | INFO     | sentiment_analysis.ingestion.rss_ingestor:86 — [rss:globe_newswire_finance] Fetching https://www.globenewswire.com/RssFeed/subjectcode/15-Financial%20Services
2026-06-29 02:28:00 | INFO     | sentiment_analysis.ingestion.rss_ingestor:184 — [rss:globe_newswire_finance] Stored 0/20 new articles.
2026-06-29 02:28:00 | INFO     | sentiment_analysis.ingestion.rss_ingestor:86 — [rss:globe_newswire_ma] Fetching https://www.globenewswire.com/RssFeed/subjectcode/14-Mergers%20and%20Acquisitions
2026-06-29 02:28:00 | INFO     | sentiment_analysis.ingestion.rss_ingestor:184 — [rss:globe_newswire_ma] Stored 0/20 new articles.
2026-06-29 02:28:00 | INFO     | sentiment_analysis.ingestion.rss_ingestor:86 — [rss:sec_edgar] Fetching https://www.sec.gov/cgi-bin/browse-edgar?action=getcurrent&type=8-K&dateb=&owner=include&count=40&output=atom
2026-06-29 02:28:00 | INFO     | sentiment_analysis.ingestion.rss_ingestor:184 — [rss:sec_edgar] Stored 0/40 new articles.
2026-06-29 02:28:00 | INFO     | sentiment_analysis.ingestion.rss_ingestor:86 — [rss:fda] Fetching https://www.fda.gov/about-fda/contact-fda/stay-informed/rss-feeds/press-releases/rss.xml
2026-06-29 02:28:00 | INFO     | sentiment_analysis.ingestion.rss_ingestor:184 — [rss:fda] Stored 0/20 new articles.
2026-06-29 02:28:26 | INFO     | sentiment_analysis.ingestion.rss_ingestor:74 — [rss:pr_newswire] Fetching https://www.prnewswire.com/rss/news-releases-list.rss
2026-06-29 02:28:26 | WARNING  | sentiment_analysis.ingestion.rss_ingestor:83 — [rss:pr_newswire] Parse error: <urlopen error [SSL: CERTIFICATE_VERIFY_FAILED] certificate verify failed: Basic Constraints of CA cert not marked critical (_ssl.c:1032)>
2026-06-29 02:28:26 | INFO     | sentiment_analysis.ingestion.rss_ingestor:74 — [rss:globe_newswire] Fetching https://www.globenewswire.com/RssFeed/subjectcode/15-Financial%20Services
2026-06-29 02:28:26 | WARNING  | sentiment_analysis.ingestion.rss_ingestor:83 — [rss:globe_newswire] Parse error: <urlopen error [SSL: CERTIFICATE_VERIFY_FAILED] certificate verify failed: Basic Constraints of CA cert not marked critical (_ssl.c:1032)>
2026-06-29 02:28:26 | INFO     | sentiment_analysis.ingestion.rss_ingestor:74 — [rss:access_newswire] Fetching https://www.accessnewswire.com/rss
2026-06-29 02:28:26 | WARNING  | sentiment_analysis.ingestion.rss_ingestor:83 — [rss:access_newswire] Parse error: <urlopen error [SSL: CERTIFICATE_VERIFY_FAILED] certificate verify failed: Basic Constraints of CA cert not marked critical (_ssl.c:1032)>
2026-06-29 02:28:26 | INFO     | sentiment_analysis.ingestion.rss_ingestor:74 — [rss:sec_edgar] Fetching https://www.sec.gov/cgi-bin/browse-edgar?action=getcurrent&type=8-K&dateb=&owner=include&count=40&output=atom
2026-06-29 02:28:26 | WARNING  | sentiment_analysis.ingestion.rss_ingestor:83 — [rss:sec_edgar] Parse error: <urlopen error [SSL: CERTIFICATE_VERIFY_FAILED] certificate verify failed: Basic Constraints of CA cert not marked critical (_ssl.c:1032)>
2026-06-29 02:28:26 | INFO     | sentiment_analysis.ingestion.rss_ingestor:74 — [rss:fda] Fetching https://www.fda.gov/about-fda/contact-fda/stay-informed/rss-feeds/press-releases/rss.xml
2026-06-29 02:28:26 | WARNING  | sentiment_analysis.ingestion.rss_ingestor:83 — [rss:fda] Parse error: <urlopen error [SSL: CERTIFICATE_VERIFY_FAILED] certificate verify failed: Basic Constraints of CA cert not marked critical (_ssl.c:1032)>
2026-06-29 02:29:52 | INFO     | sentiment_analysis.ingestion.rss_ingestor:84 — [rss:pr_newswire] Fetching https://www.prnewswire.com/rss/news-releases-list.rss
2026-06-29 02:29:52 | INFO     | sentiment_analysis.ingestion.rss_ingestor:172 — [rss:pr_newswire] Stored 0/20 new articles.
2026-06-29 02:29:52 | INFO     | sentiment_analysis.ingestion.rss_ingestor:84 — [rss:globe_newswire] Fetching https://www.globenewswire.com/RssFeed/subjectcode/15-Financial%20Services
2026-06-29 02:29:52 | INFO     | sentiment_analysis.ingestion.rss_ingestor:172 — [rss:globe_newswire] Stored 0/20 new articles.
2026-06-29 02:29:52 | INFO     | sentiment_analysis.ingestion.rss_ingestor:84 — [rss:access_newswire] Fetching https://www.accessnewswire.com/rss
2026-06-29 02:29:53 | WARNING  | sentiment_analysis.ingestion.rss_ingestor:93 — [rss:access_newswire] Parse error: <unknown>:113:48: not well-formed (invalid token)
2026-06-29 02:29:53 | INFO     | sentiment_analysis.ingestion.rss_ingestor:84 — [rss:sec_edgar] Fetching https://www.sec.gov/cgi-bin/browse-edgar?action=getcurrent&type=8-K&dateb=&owner=include&count=40&output=atom
2026-06-29 02:29:53 | WARNING  | sentiment_analysis.ingestion.rss_ingestor:93 — [rss:sec_edgar] Parse error: <unknown>:51:124: mismatched tag
2026-06-29 02:29:53 | INFO     | sentiment_analysis.ingestion.rss_ingestor:84 — [rss:fda] Fetching https://www.fda.gov/about-fda/contact-fda/stay-informed/rss-feeds/press-releases/rss.xml
2026-06-29 02:29:53 | INFO     | sentiment_analysis.ingestion.rss_ingestor:172 — [rss:fda] Stored 0/20 new articles.
2026-06-29 02:30:02 | INFO     | sentiment_analysis.ingestion.rss_ingestor:86 — [rss:pr_newswire] Fetching https://www.prnewswire.com/rss/news-releases-list.rss
2026-06-29 02:30:03 | INFO     | sentiment_analysis.ingestion.rss_ingestor:184 — [rss:pr_newswire] Stored 0/20 new articles.
2026-06-29 02:30:03 | INFO     | sentiment_analysis.ingestion.rss_ingestor:86 — [rss:globe_newswire_finance] Fetching https://www.globenewswire.com/RssFeed/subjectcode/15-Financial%20Services
2026-06-29 02:30:03 | INFO     | sentiment_analysis.ingestion.rss_ingestor:184 — [rss:globe_newswire_finance] Stored 0/20 new articles.
2026-06-29 02:30:03 | INFO     | sentiment_analysis.ingestion.rss_ingestor:86 — [rss:globe_newswire_ma] Fetching https://www.globenewswire.com/RssFeed/subjectcode/14-Mergers%20and%20Acquisitions
2026-06-29 02:30:03 | INFO     | sentiment_analysis.ingestion.rss_ingestor:184 — [rss:globe_newswire_ma] Stored 0/20 new articles.
2026-06-29 02:30:03 | INFO     | sentiment_analysis.ingestion.rss_ingestor:86 — [rss:sec_edgar] Fetching https://www.sec.gov/cgi-bin/browse-edgar?action=getcurrent&type=8-K&dateb=&owner=include&count=40&output=atom
2026-06-29 02:30:03 | ERROR    | sentiment_analysis.ingestion.rss_ingestor:191 — [rss:sec_edgar] Unexpected error: HTTP Error 403: Forbidden
Traceback (most recent call last):

  File "<frozen runpy>", line 198, in _run_module_as_main
  File "<frozen runpy>", line 88, in _run_code

  File "C:\Users\talak\Downloads\Stock Sentiment\sentiment_analysis\main.py", line 166, in <module>
    main()
    └ <function main at 0x0000028686300CC0>

  File "C:\Users\talak\Downloads\Stock Sentiment\sentiment_analysis\main.py", line 154, in main
    asyncio.run(_run_pipeline())
    │       │   └ <function _run_pipeline at 0x000002868483EDE0>
    │       └ <function run at 0x00000286841125C0>
    └ <module 'asyncio' from 'C:\\Users\\talak\\AppData\\Local\\Programs\\Python\\Python313\\Lib\\asyncio\\__init__.py'>

  File "C:\Users\talak\AppData\Local\Programs\Python\Python313\Lib\asyncio\runners.py", line 195, in run
    return runner.run(main)
           │      │   └ <coroutine object _run_pipeline at 0x00000286862FF760>
           │      └ <function Runner.run at 0x0000028684592020>
           └ <asyncio.runners.Runner object at 0x0000028684755E80>
  File "C:\Users\talak\AppData\Local\Programs\Python\Python313\Lib\asyncio\runners.py", line 118, in run
    return self._loop.run_until_complete(task)
           │    │     │                  └ <Task pending name='Task-1' coro=<_run_pipeline() running at C:\Users\talak\Downloads\Stock Sentiment\sentiment_analysis\main...
           │    │     └ <function BaseEventLoop.run_until_complete at 0x000002868417BBA0>
           │    └ <ProactorEventLoop running=True closed=False debug=False>
           └ <asyncio.runners.Runner object at 0x0000028684755E80>
  File "C:\Users\talak\AppData\Local\Programs\Python\Python313\Lib\asyncio\base_events.py", line 712, in run_until_complete
    self.run_forever()
    │    └ <function BaseEventLoop.run_forever at 0x000002868417BB00>
    └ <ProactorEventLoop running=True closed=False debug=False>
  File "C:\Users\talak\AppData\Local\Programs\Python\Python313\Lib\asyncio\base_events.py", line 683, in run_forever
    self._run_once()
    │    └ <function BaseEventLoop._run_once at 0x0000028684591940>
    └ <ProactorEventLoop running=True closed=False debug=False>
  File "C:\Users\talak\AppData\Local\Programs\Python\Python313\Lib\asyncio\base_events.py", line 2061, in _run_once
    handle._run()
    │      └ <function Handle._run at 0x0000028684113420>
    └ <Handle Task.task_wakeup()>
  File "C:\Users\talak\AppData\Local\Programs\Python\Python313\Lib\asyncio\events.py", line 89, in _run
    self._context.run(self._callback, *self._args)
    │    │            │    │           │    └ <member '_args' of 'Handle' objects>
    │    │            │    │           └ <Handle Task.task_wakeup()>
    │    │            │    └ <member '_callback' of 'Handle' objects>
    │    │            └ <Handle Task.task_wakeup()>
    │    └ <member '_context' of 'Handle' objects>
    └ <Handle Task.task_wakeup()>
  File "C:\Users\talak\Downloads\Stock Sentiment\venv\Lib\site-packages\apscheduler\executors\base.py", line 181, in run_coroutine_job
    retval = await job.func(*job.args, **job.kwargs)
                   │   │     │   │       │   └ <member 'kwargs' of 'Job' objects>
                   │   │     │   │       └ <Job (id=rss_ingestor name=RSS Feed Ingestion)>
                   │   │     │   └ <member 'args' of 'Job' objects>
                   │   │     └ <Job (id=rss_ingestor name=RSS Feed Ingestion)>
                   │   └ <member 'func' of 'Job' objects>
                   └ <Job (id=rss_ingestor name=RSS Feed Ingestion)>

  File "C:\Users\talak\Downloads\Stock Sentiment\sentiment_analysis\ingestion\scheduler.py", line 33, in _job_rss
    await _get_rss().run()
          └ <function _get_rss at 0x000002868483ED40>

  File "C:\Users\talak\Downloads\Stock Sentiment\sentiment_analysis\ingestion\rss_ingestor.py", line 68, in run
    _HTML_TAGS  = re.compile(r'<[^>]+>')

> File "C:\Users\talak\Downloads\Stock Sentiment\sentiment_analysis\ingestion\rss_ingestor.py", line 95, in _process_feed
    "4 - Microsoft Corp (0000789019) (Issuer)"  → "Form 4 — Microsoft Corp (Insider Trading)"

  File "C:\Users\talak\AppData\Local\Programs\Python\Python313\Lib\urllib\request.py", line 495, in open
    response = meth(req, response)
               │    │    └ <http.client.HTTPResponse object at 0x0000028687546D40>
               │    └ <urllib.request.Request object at 0x000002868769DE90>
               └ <bound method HTTPErrorProcessor.http_response of <urllib.request.HTTPErrorProcessor object at 0x00000286862D56A0>>
  File "C:\Users\talak\AppData\Local\Programs\Python\Python313\Lib\urllib\request.py", line 604, in http_response
    response = self.parent.error(
               │    │      └ <function OpenerDirector.error at 0x0000028684AD6E80>
               │    └ <urllib.request.OpenerDirector object at 0x00000286862D4D70>
               └ <urllib.request.HTTPErrorProcessor object at 0x00000286862D56A0>
  File "C:\Users\talak\AppData\Local\Programs\Python\Python313\Lib\urllib\request.py", line 533, in error
    return self._call_chain(*args)
           │    │            └ ({'default': [<urllib.request.HTTPDefaultErrorHandler object at 0x00000286862D5160>], 301: [<urllib.request.HTTPRedirectHandl...
           │    └ <function OpenerDirector._call_chain at 0x0000028684AD6CA0>
           └ <urllib.request.OpenerDirector object at 0x00000286862D4D70>
  File "C:\Users\talak\AppData\Local\Programs\Python\Python313\Lib\urllib\request.py", line 466, in _call_chain
    result = func(*args)
             │     └ (<urllib.request.Request object at 0x000002868769DE90>, <http.client.HTTPResponse object at 0x0000028687546D40>, 403, 'Forbid...
             └ <bound method HTTPDefaultErrorHandler.http_error_default of <urllib.request.HTTPDefaultErrorHandler object at 0x00000286862D5...
  File "C:\Users\talak\AppData\Local\Programs\Python\Python313\Lib\urllib\request.py", line 613, in http_error_default
    raise HTTPError(req.full_url, code, msg, hdrs, fp)
          │         │   │         │     │    │     └ <http.client.HTTPResponse object at 0x0000028687546D40>
          │         │   │         │     │    └ <http.client.HTTPMessage object at 0x0000028687659310>
          │         │   │         │     └ 'Forbidden'
          │         │   │         └ 403
          │         │   └ <property object at 0x0000028684AB7EC0>
          │         └ <urllib.request.Request object at 0x000002868769DE90>
          └ <class 'urllib.error.HTTPError'>

urllib.error.HTTPError: HTTP Error 403: Forbidden
2026-06-29 02:30:03 | INFO     | sentiment_analysis.ingestion.rss_ingestor:86 — [rss:fda] Fetching https://www.fda.gov/about-fda/contact-fda/stay-informed/rss-feeds/press-releases/rss.xml
2026-06-29 02:30:03 | INFO     | sentiment_analysis.ingestion.rss_ingestor:184 — [rss:fda] Stored 0/20 new articles.
2026-06-29 02:31:49 | INFO     | sentiment_analysis.ingestion.rss_ingestor:86 — [rss:pr_newswire] Fetching https://www.prnewswire.com/rss/news-releases-list.rss
2026-06-29 02:31:50 | INFO     | sentiment_analysis.ingestion.rss_ingestor:184 — [rss:pr_newswire] Stored 0/20 new articles.
2026-06-29 02:31:50 | INFO     | sentiment_analysis.ingestion.rss_ingestor:86 — [rss:globe_newswire_finance] Fetching https://www.globenewswire.com/RssFeed/subjectcode/15-Financial%20Services
2026-06-29 02:31:50 | INFO     | sentiment_analysis.ingestion.rss_ingestor:184 — [rss:globe_newswire_finance] Stored 0/20 new articles.
2026-06-29 02:31:50 | INFO     | sentiment_analysis.ingestion.rss_ingestor:86 — [rss:globe_newswire_ma] Fetching https://www.globenewswire.com/RssFeed/subjectcode/14-Mergers%20and%20Acquisitions
2026-06-29 02:31:50 | INFO     | sentiment_analysis.ingestion.rss_ingestor:184 — [rss:globe_newswire_ma] Stored 0/20 new articles.
2026-06-29 02:31:50 | INFO     | sentiment_analysis.ingestion.rss_ingestor:86 — [rss:sec_edgar] Fetching https://www.sec.gov/cgi-bin/browse-edgar?action=getcurrent&type=8-K&dateb=&owner=include&count=40&output=atom
2026-06-29 02:31:50 | INFO     | sentiment_analysis.ingestion.rss_ingestor:184 — [rss:sec_edgar] Stored 0/40 new articles.
2026-06-29 02:31:50 | INFO     | sentiment_analysis.ingestion.rss_ingestor:86 — [rss:fda] Fetching https://www.fda.gov/about-fda/contact-fda/stay-informed/rss-feeds/press-releases/rss.xml
2026-06-29 02:31:50 | INFO     | sentiment_analysis.ingestion.rss_ingestor:184 — [rss:fda] Stored 0/20 new articles.
2026-07-03 17:50:16 | INFO     | __main__:127 — ============================================================
2026-07-03 17:50:16 | INFO     | __main__:128 — Stock Sentiment Analysis — Phase 2 starting
2026-07-03 17:50:16 | INFO     | __main__:129 —   DB URL   : postgresql+asyncpg://postgres:1074@localhost:5432/…
2026-07-03 17:50:16 | INFO     | __main__:130 —   Log level: INFO
2026-07-03 17:50:16 | INFO     | __main__:131 —   Watchlist: A, AAL, AAP, AAPL, ABBV, ABC, ABMD, ABT, ACN, ACGL, ADBE, ADI, ADM, ADP, ADSK, AEE, AEP, AES, AFL, AIG, AIZ, AJG, AKAM, ALB, ALGN, ALK, ALL, ALLE, AMAT, AMCR, AMD, AME, AMGN, AMP, AMT, AMZN, ANET, ANSS, AON, AOS, APA, APD, APH, APTV, ARE, ATO, AVB, AVGO, AVY, AWK, AXP, AXON, AZO, BA, BAC, BALL, BAX, BBWI, BBY, BCR, BDX, BEN, BF.B, BG, BIIB, BIO, BK, BKNG, BKR, BLK, BLDR, BMY, BR, BRO, BSX, BWA, BX, BXP, C, CAG, CAH, CARR, CAT, CB, CBOE, CBRE, CCI, CCL, CDNS, CDW, CE, CEG, CF, CFG, CHD, CHRW, CHTR, CI, CINF, CL, CLX, CMA, CMCSA, CME, CMG, CMI, CMS, CNC, CNP, COF, COO, COP, COR, COST, CPB, CPRT, CPT, CRL, CRM, CSCO, CSGP, CSX, CTAS, CTLT, CTRA, CTSH, CTVA, CVS, CVX, CZR, D, DAL, DAY, DD, DE, DECK, DFS, DG, DGX, DHI, DHR, DIS, DISH, DLR, DLTR, DOC, DOV, DOW, DPZ, DRI, DTE, DUK, DVA, DVN, DXC, DXCM, EA, EBAY, ECL, ED, EFX, EG, EIX, EL, ELV, EMN, EMR, ENPH, EOG, EPAM, EQIX, EQR, EQT, ES, ESS, ETN, ETR, ETSY, EVRG, EW, EXC, EXPD, EXPE, EXR, F, FANG, FAST, FCX, FDS, FDX, FE, FFIV, FI, FICO, FIS, FISV, FITB, FLT, FMC, FOX, FOXA, FRT, FSLR, FTNT, FTV, GD, GE, GDDY, GEHC, GEN, GEV, GILD, GIS, GL, GLW, GM, GNRC, GOOG, GOOGL, GPC, GPN, GPS, GRMN, GS, GWW, HAL, HAS, HBAN, HCA, HD, HES, HIG, HII, HLT, HOLX, HON, HPE, HPQ, HRL, HSIC, HST, HSY, HUBB, HUM, HWM, IBM, ICE, IDXX, IEX, IFF, ILMN, INCY, INTC, INTU, INVH, IP, IPG, IQV, IR, IRM, ISRG, IT, ITW, IVZ, J, JBL, JBHT, JCI, JKHY, JNJ, JNPR, JPM, K, KDP, KEY, KEYS, KHC, KIM, KLAC, KMB, KMI, KMX, KO, KR, KVUE, L, LDOS, LEN, LH, LHX, LIN, LKQ, LLY, LMT, LNC, LNT, LOW, LRCX, LULU, LUMN, LUV, LVS, LW, LYB, LYV, MA, MAA, MAR, MAS, MCD, MCHP, MCK, MCO, MDLZ, MDT, MET, META, MGM, MHK, MKC, MKTX, MLM, MMC, MMM, MNST, MO, MOH, MOS, MPC, MPWR, MRK, MRO, MRNA, MS, MSCI, MSFT, MSI, MTB, MTCH, MTD, MU, NCLH, NDAQ, NDSN, NEE, NEM, NFLX, NI, NKE, NOC, NOW, NRG, NSC, NTAP, NTRS, NUE, NVDA, NVR, NWL, NWS, NWSA, NXPI, O, ODFL, OKE, OMC, ON, ORCL, ORLY, OTIS, OXY, PANW, PARA, PAYC, PAYX, PCAR, PCG, PEAK, PEG, PEP, PFE, PFG, PG, PGR, PH, PHM, PKG, PKI, PLD, PM, PNC, PNR, PNW, PODD, POOL, PPG, PPL, PRU, PSA, PSX, PTC, PTVE, PWR, PXD, PYPL, QCOM, QRVO, RCL, RE, REG, REGN, RF, RHI, RJF, RL, RMD, ROK, ROL, ROP, ROST, RSG, RTX, RVTY, SBAC, SBUX, SCHW, SEE, SHW, SJM, SLB, SNA, SNPS, SO, SOLV, SPG, SPGI, SRE, STE, STLD, STT, STX, STZ, SWK, SWKS, SYF, SYK, SYY, T, TAP, TDG, TDY, TECH, TEL, TER, TFC, TFX, TGT, TJX, TMO, TMUS, TPR, TRGP, TRMB, TROW, TRV, TSCO, TSLA, TSN, TT, TTWO, TXN, TXT, TYL, UA, UAA, UAL, UDR, UHS, ULTA, UNH, UNP, UPS, URI, USB, V, VFC, VICI, VLO, VMC, VNO, VRSK, VRSN, VRTX, VST, VTR, VTRS, VZ, WAB, WAT, WBA, WBD, WDAY, WDC, WEC, WELL, WFC, WHR, WLK, WM, WMB, WMT, WRB, WRK, WST, WTW, WY, WYNN, XEL, XOM, XRAY, XYL, YUM, ZBH, ZBRA, ZION, ZTS, SPY, QQQ, IWM, DIA, GLD, SLV, TLT, HYG, LQD, VTI, VOO, VEA, VWO, EFA, EEM, XLF, XLK, XLE, XLV, XLI, XLY, XLP, XLU, XLB, XLRE, PLTR, RIVN, LCID, SOFI, GME, AMC, BB, NOK, COIN, HOOD, ROKU, SNAP, UBER, LYFT, ABNB, DASH, PINS, TWTR, SHOP, SQ, PYPL, AFRM, UPST
2026-07-03 17:50:16 | INFO     | __main__:132 — ============================================================
2026-07-03 17:50:16 | INFO     | __main__:87 — Dashboard started (PID 28452)  →  http://localhost:8050
2026-07-03 17:50:16 | INFO     | __main__:50 — Database schema verified / created.
2026-07-03 17:50:16 | INFO     | sentiment_analysis.ingestion.scheduler:191 — Scheduler configured — RSS every 5m, NLP every 10m, Sentiment every 5m, Finviz prices every 1m, Cleanup daily at midnight ET
2026-07-03 17:50:16 | INFO     | sentiment_analysis.ingestion.scheduler:203 — Scheduler started — running initial ingestion pass.
2026-07-03 17:50:16 | INFO     | sentiment_analysis.ingestion.rss_ingestor:296 — [rss:pr_newswire] Fetching https://www.prnewswire.com/rss/news-releases-list.rss
2026-07-03 17:50:16 | INFO     | sentiment_analysis.ingestion.rss_ingestor:355 — [rss:pr_newswire] Skipped non-English article: Hisense приносит в европейские дома более интеллек
2026-07-03 17:50:16 | INFO     | sentiment_analysis.ingestion.rss_ingestor:416 — [rss:pr_newswire] Stored 19/20 new articles.
2026-07-03 17:50:16 | INFO     | sentiment_analysis.ingestion.rss_ingestor:296 — [rss:globe_newswire_finance] Fetching https://www.globenewswire.com/RssFeed/subjectcode/15-Financial%20Services
2026-07-03 17:50:16 | INFO     | sentiment_analysis.ingestion.rss_ingestor:416 — [rss:globe_newswire_finance] Stored 1/20 new articles.
2026-07-03 17:50:16 | INFO     | sentiment_analysis.ingestion.rss_ingestor:296 — [rss:globe_newswire_ma] Fetching https://www.globenewswire.com/RssFeed/subjectcode/14-Mergers%20and%20Acquisitions
2026-07-03 17:50:17 | INFO     | sentiment_analysis.ingestion.rss_ingestor:416 — [rss:globe_newswire_ma] Stored 20/20 new articles.
2026-07-03 17:50:17 | INFO     | sentiment_analysis.ingestion.rss_ingestor:296 — [rss:sec_edgar] Fetching https://www.sec.gov/cgi-bin/browse-edgar?action=getcurrent&type=8-K&dateb=&owner=include&count=40&output=atom
2026-07-03 17:50:18 | DEBUG    | sentiment_analysis.ingestion.rss_ingestor:368 — [rss:sec_edgar] SEC enriched: AppTech Payments Corp. filed 8-K on 2026-07-02.
2026-07-03 17:50:19 | DEBUG    | sentiment_analysis.ingestion.rss_ingestor:368 — [rss:sec_edgar] SEC enriched: Seer, Inc. filed 8-K on 2026-07-02.
2026-07-03 17:50:20 | DEBUG    | sentiment_analysis.ingestion.rss_ingestor:368 — [rss:sec_edgar] SEC enriched: Picard Medical, Inc. filed 8-K on 2026-07-02.
2026-07-03 17:50:21 | DEBUG    | sentiment_analysis.ingestion.rss_ingestor:368 — [rss:sec_edgar] SEC enriched: Bluerock Private Real Estate Fund filed 8-K on 2026-07-02.
2026-07-03 17:50:23 | DEBUG    | sentiment_analysis.ingestion.rss_ingestor:368 — [rss:sec_edgar] SEC enriched: Chiron Real Estate Inc. filed 8-K on 2026-07-02.
2026-07-03 17:50:23 | DEBUG    | sentiment_analysis.ingestion.rss_ingestor:368 — [rss:sec_edgar] SEC enriched: Akari Therapeutics Plc filed 8-K on 2026-07-02.
2026-07-03 17:50:24 | DEBUG    | sentiment_analysis.ingestion.rss_ingestor:368 — [rss:sec_edgar] SEC enriched: Beeline Holdings, Inc. filed 8-K on 2026-07-02.
2026-07-03 17:50:25 | DEBUG    | sentiment_analysis.ingestion.rss_ingestor:368 — [rss:sec_edgar] SEC enriched: Fatpipe Inc/UT filed 8-K on 2026-07-02.
2026-07-03 17:50:26 | DEBUG    | sentiment_analysis.ingestion.rss_ingestor:368 — [rss:sec_edgar] SEC enriched: Terra Innovatum Global N.V. filed 8-K on 2026-07-02.
2026-07-03 17:50:27 | DEBUG    | sentiment_analysis.ingestion.rss_ingestor:368 — [rss:sec_edgar] SEC enriched: Core & Main, Inc. filed 8-K on 2026-07-02.
2026-07-03 17:50:28 | DEBUG    | sentiment_analysis.ingestion.rss_ingestor:368 — [rss:sec_edgar] SEC enriched: MV Oil Trust filed 8-K on 2026-07-02 reporting Item 2.02 Results of Operations a
2026-07-03 17:50:29 | DEBUG    | sentiment_analysis.ingestion.rss_ingestor:368 — [rss:sec_edgar] SEC enriched: LIFECORE BIOMEDICAL, INC. \DE\ filed 8-K on 2026-07-02.
2026-07-03 17:50:29 | DEBUG    | sentiment_analysis.ingestion.rss_ingestor:368 — [rss:sec_edgar] SEC enriched: Nixxy, Inc. filed 8-K on 2026-07-02.
2026-07-03 17:50:30 | DEBUG    | sentiment_analysis.ingestion.rss_ingestor:368 — [rss:sec_edgar] SEC enriched: NEXGEL, INC. filed 8-K on 2026-07-02.
2026-07-03 17:50:31 | DEBUG    | sentiment_analysis.ingestion.rss_ingestor:368 — [rss:sec_edgar] SEC enriched: 22nd Century Group, Inc. filed 8-K on 2026-07-02.
2026-07-03 17:50:31 | DEBUG    | sentiment_analysis.ingestion.rss_ingestor:368 — [rss:sec_edgar] SEC enriched: CALLAN JMB INC. filed 8-K on 2026-07-02.
2026-07-03 17:50:32 | DEBUG    | sentiment_analysis.ingestion.rss_ingestor:368 — [rss:sec_edgar] SEC enriched: Avalon GloboCare Corp. filed 8-K on 2026-07-02.
2026-07-03 17:50:33 | DEBUG    | sentiment_analysis.ingestion.rss_ingestor:368 — [rss:sec_edgar] SEC enriched: PROCORE TECHNOLOGIES, INC. filed 8-K on 2026-07-02.
2026-07-03 17:50:34 | DEBUG    | sentiment_analysis.ingestion.rss_ingestor:368 — [rss:sec_edgar] SEC enriched: SOUNDHOUND AI, INC. filed 8-K on 2026-07-02.
2026-07-03 17:50:35 | DEBUG    | sentiment_analysis.ingestion.rss_ingestor:368 — [rss:sec_edgar] SEC enriched: LIVEPERSON INC filed 8-K on 2026-07-02.
2026-07-03 17:50:37 | DEBUG    | sentiment_analysis.ingestion.rss_ingestor:368 — [rss:sec_edgar] SEC enriched: STANDEX INTERNATIONAL CORP/DE/ filed 8-K on 2026-07-02.
2026-07-03 17:50:38 | DEBUG    | sentiment_analysis.ingestion.rss_ingestor:368 — [rss:sec_edgar] SEC enriched: Peraso Inc. filed 8-K on 2026-07-02.
2026-07-03 17:50:38 | DEBUG    | sentiment_analysis.ingestion.rss_ingestor:368 — [rss:sec_edgar] SEC enriched: NEONC TECHNOLOGIES HOLDINGS, INC. filed 8-K on 2026-07-02.
2026-07-03 17:50:39 | DEBUG    | sentiment_analysis.ingestion.rss_ingestor:368 — [rss:sec_edgar] SEC enriched: SpringBig Holdings, Inc. filed 8-K on 2026-07-02.
2026-07-03 17:50:39 | DEBUG    | sentiment_analysis.ingestion.rss_ingestor:368 — [rss:sec_edgar] SEC enriched: ADC Therapeutics SA filed 8-K on 2026-07-02.
2026-07-03 17:50:41 | DEBUG    | sentiment_analysis.ingestion.rss_ingestor:368 — [rss:sec_edgar] SEC enriched: UPAY filed 8-K on 2026-07-02.
2026-07-03 17:50:41 | DEBUG    | sentiment_analysis.ingestion.rss_ingestor:368 — [rss:sec_edgar] SEC enriched: Trulieve Cannabis Corp. filed 8-K on 2026-07-02.
2026-07-03 17:50:42 | DEBUG    | sentiment_analysis.ingestion.rss_ingestor:368 — [rss:sec_edgar] SEC enriched: AMERICAN REBEL HOLDINGS INC filed 8-K on 2026-07-02.
2026-07-03 17:50:43 | DEBUG    | sentiment_analysis.ingestion.rss_ingestor:368 — [rss:sec_edgar] SEC enriched: Circle Internet Group, Inc. filed 8-K on 2026-07-02.
2026-07-03 17:50:44 | DEBUG    | sentiment_analysis.ingestion.rss_ingestor:368 — [rss:sec_edgar] SEC enriched: AXT INC filed 8-K on 2026-07-02.
2026-07-03 17:50:45 | DEBUG    | sentiment_analysis.ingestion.rss_ingestor:368 — [rss:sec_edgar] SEC enriched: Home Federal Bancorp, Inc. of Louisiana filed 8-K on 2026-07-02.
2026-07-03 17:50:45 | DEBUG    | sentiment_analysis.ingestion.rss_ingestor:368 — [rss:sec_edgar] SEC enriched: CONDUENT Inc filed 8-K on 2026-07-02.
2026-07-03 17:50:47 | DEBUG    | sentiment_analysis.ingestion.rss_ingestor:368 — [rss:sec_edgar] SEC enriched: IOVANCE BIOTHERAPEUTICS, INC. filed 8-K on 2026-07-02.
2026-07-03 17:50:47 | DEBUG    | sentiment_analysis.ingestion.rss_ingestor:368 — [rss:sec_edgar] SEC enriched: ARDELYX, INC. filed 8-K on 2026-07-02.
2026-07-03 17:50:48 | DEBUG    | sentiment_analysis.ingestion.rss_ingestor:368 — [rss:sec_edgar] SEC enriched: Terra Property Trust, Inc. filed 8-K on 2026-07-02.
2026-07-03 17:50:49 | DEBUG    | sentiment_analysis.ingestion.rss_ingestor:368 — [rss:sec_edgar] SEC enriched: Bank7 Corp. filed 8-K on 2026-07-02.
2026-07-03 17:50:50 | DEBUG    | sentiment_analysis.ingestion.rss_ingestor:368 — [rss:sec_edgar] SEC enriched: Stardust Power Inc. filed 8-K on 2026-07-02.
2026-07-03 17:50:51 | DEBUG    | sentiment_analysis.ingestion.rss_ingestor:368 — [rss:sec_edgar] SEC enriched: Q/C TECHNOLOGIES, INC. filed 8-K on 2026-07-02.
2026-07-03 17:50:52 | DEBUG    | sentiment_analysis.ingestion.rss_ingestor:368 — [rss:sec_edgar] SEC enriched: Sintx Technologies, Inc. filed 8-K on 2026-07-02.
2026-07-03 17:50:52 | DEBUG    | sentiment_analysis.ingestion.rss_ingestor:368 — [rss:sec_edgar] SEC enriched: InspireMD, Inc. filed 8-K on 2026-07-02.
2026-07-03 17:50:52 | INFO     | sentiment_analysis.ingestion.rss_ingestor:416 — [rss:sec_edgar] Stored 40/40 new articles.
2026-07-03 17:50:52 | INFO     | sentiment_analysis.ingestion.rss_ingestor:296 — [rss:sec_form4] Fetching https://www.sec.gov/cgi-bin/browse-edgar?action=getcurrent&type=4&dateb=&owner=include&count=40&output=atom
2026-07-03 17:50:54 | DEBUG    | sentiment_analysis.ingestion.rss_ingestor:368 — [rss:sec_form4] SEC enriched: Insider An insider transacted in of Richard Christian M.
2026-07-03 17:50:55 | DEBUG    | sentiment_analysis.ingestion.rss_ingestor:368 — [rss:sec_form4] SEC enriched: Insider An insider transacted in of CYPHERPUNK TECHNOLOGIES INC..
2026-07-03 17:50:56 | DEBUG    | sentiment_analysis.ingestion.rss_ingestor:368 — [rss:sec_form4] SEC enriched: Insider An insider transacted in of Oei Khing Djien.
2026-07-03 17:50:57 | DEBUG    | sentiment_analysis.ingestion.rss_ingestor:368 — [rss:sec_form4] SEC enriched: Insider An insider transacted in of CYPHERPUNK TECHNOLOGIES INC..
2026-07-03 17:50:58 | DEBUG    | sentiment_analysis.ingestion.rss_ingestor:368 — [rss:sec_form4] SEC enriched: Insider An insider transacted in of Corvex, Inc..
2026-07-03 17:50:59 | DEBUG    | sentiment_analysis.ingestion.rss_ingestor:368 — [rss:sec_form4] SEC enriched: Insider An insider transacted in of FAIRBAIRN EMILY.
2026-07-03 17:51:00 | DEBUG    | sentiment_analysis.ingestion.rss_ingestor:368 — [rss:sec_form4] SEC enriched: Insider An insider transacted in of Moreland Christopher.
2026-07-03 17:51:02 | DEBUG    | sentiment_analysis.ingestion.rss_ingestor:368 — [rss:sec_form4] SEC enriched: Insider An insider transacted in of Corvex, Inc..
2026-07-03 17:51:03 | DEBUG    | sentiment_analysis.ingestion.rss_ingestor:368 — [rss:sec_form4] SEC enriched: Insider An insider transacted in of Corvex, Inc..
2026-07-03 17:51:04 | DEBUG    | sentiment_analysis.ingestion.rss_ingestor:368 — [rss:sec_form4] SEC enriched: Insider An insider transacted in of Fleury Patrick.
2026-07-03 17:51:05 | DEBUG    | sentiment_analysis.ingestion.rss_ingestor:368 — [rss:sec_form4] SEC enriched: Insider An insider transacted in of Dietz Thomas John.
2026-07-03 17:51:06 | DEBUG    | sentiment_analysis.ingestion.rss_ingestor:368 — [rss:sec_form4] SEC enriched: Insider An insider transacted in of CYPHERPUNK TECHNOLOGIES INC..
2026-07-03 17:51:07 | DEBUG    | sentiment_analysis.ingestion.rss_ingestor:368 — [rss:sec_form4] SEC enriched: Insider An insider transacted in of Corvex, Inc..
2026-07-03 17:51:08 | DEBUG    | sentiment_analysis.ingestion.rss_ingestor:368 — [rss:sec_form4] SEC enriched: Insider An insider transacted in of DONOFRIO NICHOLAS M.
2026-07-03 17:51:09 | DEBUG    | sentiment_analysis.ingestion.rss_ingestor:368 — [rss:sec_form4] SEC enriched: Insider An insider transacted in of Cullinan Brian.
2026-07-03 17:51:11 | DEBUG    | sentiment_analysis.ingestion.rss_ingestor:368 — [rss:sec_form4] SEC enriched: Insider An insider transacted in of Corvex, Inc..
2026-07-03 17:51:12 | DEBUG    | sentiment_analysis.ingestion.rss_ingestor:368 — [rss:sec_form4] SEC enriched: Insider An insider transacted in of Martin Patricia A..
2026-07-03 17:51:13 | DEBUG    | sentiment_analysis.ingestion.rss_ingestor:368 — [rss:sec_form4] SEC enriched: Insider An insider transacted in of CYPHERPUNK TECHNOLOGIES INC..
2026-07-03 17:51:14 | DEBUG    | sentiment_analysis.ingestion.rss_ingestor:368 — [rss:sec_form4] SEC enriched: Insider An insider transacted in of CYPHERPUNK TECHNOLOGIES INC..
2026-07-03 17:51:15 | DEBUG    | sentiment_analysis.ingestion.rss_ingestor:368 — [rss:sec_form4] SEC enriched: Insider An insider transacted in of LI WILLIAM.
2026-07-03 17:51:16 | DEBUG    | sentiment_analysis.ingestion.rss_ingestor:368 — [rss:sec_form4] SEC enriched: Insider An insider transacted in of CYPHERPUNK TECHNOLOGIES INC..
2026-07-03 17:51:17 | DEBUG    | sentiment_analysis.ingestion.rss_ingestor:368 — [rss:sec_form4] SEC enriched: Insider An insider transacted in of ONSI DOUGLAS E.
2026-07-03 17:51:19 | DEBUG    | sentiment_analysis.ingestion.rss_ingestor:368 — [rss:sec_form4] SEC enriched: Insider An insider transacted in of McEvoy William Patrick III.
2026-07-03 17:51:20 | DEBUG    | sentiment_analysis.ingestion.rss_ingestor:368 — [rss:sec_form4] SEC enriched: Insider An insider transacted in of CYPHERPUNK TECHNOLOGIES INC..
2026-07-03 17:51:21 | DEBUG    | sentiment_analysis.ingestion.rss_ingestor:368 — [rss:sec_form4] SEC enriched: Insider An insider transacted in of CYPHERPUNK TECHNOLOGIES INC..
2026-07-03 17:51:22 | DEBUG    | sentiment_analysis.ingestion.rss_ingestor:368 — [rss:sec_form4] SEC enriched: Insider An insider transacted in of Mashiach Nissim.
2026-07-03 17:51:23 | DEBUG    | sentiment_analysis.ingestion.rss_ingestor:368 — [rss:sec_form4] SEC enriched: Insider An insider transacted in of Oasis Investments II Master Fund Ltd..
2026-07-03 17:51:23 | INFO     | sentiment_analysis.ingestion.scheduler:72 — [finviz] Found 10 tickers to fetch from last 24h articles.
2026-07-03 17:51:23 | DEBUG    | sentiment_analysis.ingestion.finviz_ingestor:81 — [finviz] Skipped 4 invalid/blocked tickers.
2026-07-03 17:51:24 | DEBUG    | sentiment_analysis.ingestion.finviz_ingestor:156 — [finviz] DE: 401 Client Error: Unauthorized for url: https://elite.finviz.com/quote_export?t=DE&p=i1&auth=575fb5fb-ba7b-48b2-80c3-0b0465dcbc90
2026-07-03 17:51:24 | DEBUG    | sentiment_analysis.ingestion.finviz_ingestor:156 — [finviz] SPOT: 401 Client Error: Unauthorized for url: https://elite.finviz.com/quote_export?t=SPOT&p=i1&auth=575fb5fb-ba7b-48b2-80c3-0b0465dcbc90
2026-07-03 17:51:24 | DEBUG    | sentiment_analysis.ingestion.rss_ingestor:368 — [rss:sec_form4] SEC enriched: Insider An insider transacted in of Fischer Seth.
2026-07-03 17:51:25 | DEBUG    | sentiment_analysis.ingestion.finviz_ingestor:156 — [finviz] AAPL: 401 Client Error: Unauthorized for url: https://elite.finviz.com/quote_export?t=AAPL&p=i1&auth=575fb5fb-ba7b-48b2-80c3-0b0465dcbc90
2026-07-03 17:51:25 | DEBUG    | sentiment_analysis.ingestion.finviz_ingestor:156 — [finviz] META: 401 Client Error: Unauthorized for url: https://elite.finviz.com/quote_export?t=META&p=i1&auth=575fb5fb-ba7b-48b2-80c3-0b0465dcbc90
2026-07-03 17:51:26 | DEBUG    | sentiment_analysis.ingestion.rss_ingestor:368 — [rss:sec_form4] SEC enriched: Insider An insider transacted in of Oasis Management Co Ltd..
2026-07-03 17:51:26 | DEBUG    | sentiment_analysis.ingestion.finviz_ingestor:156 — [finviz] TGT: 401 Client Error: Unauthorized for url: https://elite.finviz.com/quote_export?t=TGT&p=i1&auth=575fb5fb-ba7b-48b2-80c3-0b0465dcbc90
2026-07-03 17:51:26 | DEBUG    | sentiment_analysis.ingestion.finviz_ingestor:156 — [finviz] GAP: 401 Client Error: Unauthorized for url: https://elite.finviz.com/quote_export?t=GAP&p=i1&auth=575fb5fb-ba7b-48b2-80c3-0b0465dcbc90
2026-07-03 17:51:27 | INFO     | sentiment_analysis.ingestion.finviz_ingestor:90 — [finviz] Fetched 0/6 tickers.
2026-07-03 17:51:27 | DEBUG    | sentiment_analysis.ingestion.rss_ingestor:368 — [rss:sec_form4] SEC enriched: Insider An insider transacted in of STRATUS PROPERTIES INC.
2026-07-03 17:51:28 | DEBUG    | sentiment_analysis.ingestion.rss_ingestor:368 — [rss:sec_form4] SEC enriched: Insider An insider transacted in of VASOS TODD J.
2026-07-03 17:51:29 | DEBUG    | sentiment_analysis.ingestion.rss_ingestor:368 — [rss:sec_form4] SEC enriched: Insider An insider transacted in of KEYCORP /NEW/.
2026-07-03 17:51:30 | DEBUG    | sentiment_analysis.ingestion.rss_ingestor:368 — [rss:sec_form4] SEC enriched: Insider An insider transacted in of Rankin Devina A.
2026-07-03 17:51:31 | DEBUG    | sentiment_analysis.ingestion.rss_ingestor:368 — [rss:sec_form4] SEC enriched: Insider An insider transacted in of KEYCORP /NEW/.
2026-07-03 17:51:32 | DEBUG    | sentiment_analysis.ingestion.rss_ingestor:368 — [rss:sec_form4] SEC enriched: Insider An insider transacted in of Kiessling Heather.
2026-07-03 17:51:34 | DEBUG    | sentiment_analysis.ingestion.rss_ingestor:368 — [rss:sec_form4] SEC enriched: Insider An insider transacted in of ASP Isotopes Inc..
2026-07-03 17:51:35 | DEBUG    | sentiment_analysis.ingestion.rss_ingestor:368 — [rss:sec_form4] SEC enriched: Insider An insider transacted in of Hayes Robin.
2026-07-03 17:51:36 | DEBUG    | sentiment_analysis.ingestion.rss_ingestor:368 — [rss:sec_form4] SEC enriched: Insider An insider transacted in of KEYCORP /NEW/.
2026-07-03 17:51:37 | DEBUG    | sentiment_analysis.ingestion.rss_ingestor:368 — [rss:sec_form4] SEC enriched: Insider An insider transacted in of Ainscow Donald George.
2026-07-03 17:51:38 | DEBUG    | sentiment_analysis.ingestion.rss_ingestor:368 — [rss:sec_form4] SEC enriched: Insider An insider transacted in of ASP Isotopes Inc..
2026-07-03 17:51:38 | INFO     | sentiment_analysis.ingestion.rss_ingestor:416 — [rss:sec_form4] Stored 40/40 new articles.
2026-07-03 17:51:38 | INFO     | sentiment_analysis.ingestion.rss_ingestor:296 — [rss:fda] Fetching https://www.fda.gov/about-fda/contact-fda/stay-informed/rss-feeds/press-releases/rss.xml
2026-07-03 17:51:39 | INFO     | sentiment_analysis.ingestion.rss_ingestor:416 — [rss:fda] Stored 3/20 new articles.
2026-07-03 17:51:41 | INFO     | sentiment_analysis.nlp.pipeline:130 — [nlp] Batch complete — processed 50/50 articles
2026-07-03 17:51:41 | INFO     | sentiment_analysis.sentiment.pipeline:91 — [sentiment] Analyzing 47 SEC articles via SEC Analyzer.
2026-07-03 17:51:41 | INFO     | sentiment_analysis.sentiment.pipeline:115 — [sentiment] SEC breakdown: 40 Form4, 7 8-K, 0 10-Q, 0 S-1, 0 SC13G scored.
2026-07-03 17:51:41 | INFO     | sentiment_analysis.sentiment.pipeline:126 — [sentiment] Analyzing 53 articles via Gemini.
2026-07-03 17:51:43 | WARNING  | sentiment_analysis.sentiment.gemini_analyzer:109 — [gemini] Attempt 1/3 failed: 429 RESOURCE_EXHAUSTED. {'error': {'code': 429, 'message': 'You exceeded your current quota, please check your plan and billing details. For more information on this error, head to: https://ai.google.dev/gemini-api/docs/rate-limits. To monitor your current usage, head to: https://ai.dev/rate-limit. \n* Quota exceeded for metric: generativelanguage.googleapis.com/generate_content_free_tier_requests, limit: 20, model: gemini-2.5-flash\nPlease retry in 17.068088578s.', 'status': 'RESOURCE_EXHAUSTED', 'details': [{'@type': 'type.googleapis.com/google.rpc.Help', 'links': [{'description': 'Learn more about Gemini API quotas', 'url': 'https://ai.google.dev/gemini-api/docs/rate-limits'}]}, {'@type': 'type.googleapis.com/google.rpc.QuotaFailure', 'violations': [{'quotaMetric': 'generativelanguage.googleapis.com/generate_content_free_tier_requests', 'quotaId': 'GenerateRequestsPerDayPerProjectPerModel-FreeTier', 'quotaDimensions': {'location': 'global', 'model': 'gemini-2.5-flash'}, 'quotaValue': '20'}]}, {'@type': 'type.googleapis.com/google.rpc.RetryInfo', 'retryDelay': '17s'}]}}. Retrying in 10s...
2026-07-03 17:51:53 | WARNING  | sentiment_analysis.sentiment.gemini_analyzer:109 — [gemini] Attempt 2/3 failed: 429 RESOURCE_EXHAUSTED. {'error': {'code': 429, 'message': 'You exceeded your current quota, please check your plan and billing details. For more information on this error, head to: https://ai.google.dev/gemini-api/docs/rate-limits. To monitor your current usage, head to: https://ai.dev/rate-limit. \n* Quota exceeded for metric: generativelanguage.googleapis.com/generate_content_free_tier_requests, limit: 20, model: gemini-2.5-flash\nPlease retry in 6.808161095s.', 'status': 'RESOURCE_EXHAUSTED', 'details': [{'@type': 'type.googleapis.com/google.rpc.Help', 'links': [{'description': 'Learn more about Gemini API quotas', 'url': 'https://ai.google.dev/gemini-api/docs/rate-limits'}]}, {'@type': 'type.googleapis.com/google.rpc.QuotaFailure', 'violations': [{'quotaMetric': 'generativelanguage.googleapis.com/generate_content_free_tier_requests', 'quotaId': 'GenerateRequestsPerDayPerProjectPerModel-FreeTier', 'quotaDimensions': {'location': 'global', 'model': 'gemini-2.5-flash'}, 'quotaValue': '20'}]}, {'@type': 'type.googleapis.com/google.rpc.RetryInfo', 'retryDelay': '6s'}]}}. Retrying in 10s...
2026-07-03 17:52:03 | WARNING  | sentiment_analysis.sentiment.gemini_analyzer:114 — [gemini] All 3 attempts failed for batch of 53 articles. Skipping batch.
2026-07-03 17:52:03 | INFO     | sentiment_analysis.sentiment.pipeline:159 — [sentiment] Stored 47 results.
2026-07-03 17:52:03 | INFO     | sentiment_analysis.ingestion.scheduler:72 — [finviz] Found 15 tickers to fetch from last 24h articles.
2026-07-03 17:52:03 | DEBUG    | sentiment_analysis.ingestion.finviz_ingestor:81 — [finviz] Skipped 5 invalid/blocked tickers.
2026-07-03 17:52:04 | DEBUG    | sentiment_analysis.ingestion.finviz_ingestor:156 — [finviz] DE: 401 Client Error: Unauthorized for url: https://elite.finviz.com/quote_export?t=DE&p=i1&auth=575fb5fb-ba7b-48b2-80c3-0b0465dcbc90
2026-07-03 17:52:04 | DEBUG    | sentiment_analysis.ingestion.finviz_ingestor:156 — [finviz] SPOT: 401 Client Error: Unauthorized for url: https://elite.finviz.com/quote_export?t=SPOT&p=i1&auth=575fb5fb-ba7b-48b2-80c3-0b0465dcbc90
2026-07-03 17:52:05 | DEBUG    | sentiment_analysis.ingestion.finviz_ingestor:156 — [finviz] AAPL: 401 Client Error: Unauthorized for url: https://elite.finviz.com/quote_export?t=AAPL&p=i1&auth=575fb5fb-ba7b-48b2-80c3-0b0465dcbc90
2026-07-03 17:52:05 | DEBUG    | sentiment_analysis.ingestion.finviz_ingestor:156 — [finviz] META: 401 Client Error: Unauthorized for url: https://elite.finviz.com/quote_export?t=META&p=i1&auth=575fb5fb-ba7b-48b2-80c3-0b0465dcbc90
2026-07-03 17:52:06 | DEBUG    | sentiment_analysis.ingestion.finviz_ingestor:156 — [finviz] AIG: 401 Client Error: Unauthorized for url: https://elite.finviz.com/quote_export?t=AIG&p=i1&auth=575fb5fb-ba7b-48b2-80c3-0b0465dcbc90
2026-07-03 17:52:06 | DEBUG    | sentiment_analysis.ingestion.finviz_ingestor:156 — [finviz] WM: 401 Client Error: Unauthorized for url: https://elite.finviz.com/quote_export?t=WM&p=i1&auth=575fb5fb-ba7b-48b2-80c3-0b0465dcbc90
2026-07-03 17:52:07 | DEBUG    | sentiment_analysis.ingestion.finviz_ingestor:156 — [finviz] KEY: 401 Client Error: Unauthorized for url: https://elite.finviz.com/quote_export?t=KEY&p=i1&auth=575fb5fb-ba7b-48b2-80c3-0b0465dcbc90
2026-07-03 17:52:07 | DEBUG    | sentiment_analysis.ingestion.finviz_ingestor:156 — [finviz] NWSA: 401 Client Error: Unauthorized for url: https://elite.finviz.com/quote_export?t=NWSA&p=i1&auth=575fb5fb-ba7b-48b2-80c3-0b0465dcbc90
2026-07-03 17:52:08 | DEBUG    | sentiment_analysis.ingestion.finviz_ingestor:156 — [finviz] TGT: 401 Client Error: Unauthorized for url: https://elite.finviz.com/quote_export?t=TGT&p=i1&auth=575fb5fb-ba7b-48b2-80c3-0b0465dcbc90
2026-07-03 17:52:08 | DEBUG    | sentiment_analysis.ingestion.finviz_ingestor:156 — [finviz] GAP: 401 Client Error: Unauthorized for url: https://elite.finviz.com/quote_export?t=GAP&p=i1&auth=575fb5fb-ba7b-48b2-80c3-0b0465dcbc90
2026-07-03 17:52:09 | INFO     | sentiment_analysis.ingestion.finviz_ingestor:90 — [finviz] Fetched 0/10 tickers.
2026-07-03 17:52:09 | INFO     | __main__:62 — Ingestion pipeline running.  Press Ctrl+C to stop.
2026-07-03 17:52:16 | INFO     | sentiment_analysis.ingestion.scheduler:72 — [finviz] Found 15 tickers to fetch from last 24h articles.
2026-07-03 17:52:16 | DEBUG    | sentiment_analysis.ingestion.finviz_ingestor:81 — [finviz] Skipped 5 invalid/blocked tickers.
2026-07-03 17:52:16 | DEBUG    | sentiment_analysis.ingestion.finviz_ingestor:151 — [finviz] DE: added to skip list after 3 failures (401 Client Error: Unauthorized for url: https://elite.finviz.com/quote_export?t=DE&p=i1&auth=575fb5fb-ba7b-48b2-80c3-0b0465dcbc90).
2026-07-03 17:52:16 | DEBUG    | sentiment_analysis.ingestion.finviz_ingestor:151 — [finviz] SPOT: added to skip list after 3 failures (401 Client Error: Unauthorized for url: https://elite.finviz.com/quote_export?t=SPOT&p=i1&auth=575fb5fb-ba7b-48b2-80c3-0b0465dcbc90).
2026-07-03 17:52:17 | DEBUG    | sentiment_analysis.ingestion.finviz_ingestor:151 — [finviz] AAPL: added to skip list after 3 failures (401 Client Error: Unauthorized for url: https://elite.finviz.com/quote_export?t=AAPL&p=i1&auth=575fb5fb-ba7b-48b2-80c3-0b0465dcbc90).
2026-07-03 17:52:17 | DEBUG    | sentiment_analysis.ingestion.finviz_ingestor:151 — [finviz] META: added to skip list after 3 failures (401 Client Error: Unauthorized for url: https://elite.finviz.com/quote_export?t=META&p=i1&auth=575fb5fb-ba7b-48b2-80c3-0b0465dcbc90).
2026-07-03 17:52:18 | DEBUG    | sentiment_analysis.ingestion.finviz_ingestor:156 — [finviz] AIG: 401 Client Error: Unauthorized for url: https://elite.finviz.com/quote_export?t=AIG&p=i1&auth=575fb5fb-ba7b-48b2-80c3-0b0465dcbc90
2026-07-03 17:52:18 | DEBUG    | sentiment_analysis.ingestion.finviz_ingestor:156 — [finviz] WM: 401 Client Error: Unauthorized for url: https://elite.finviz.com/quote_export?t=WM&p=i1&auth=575fb5fb-ba7b-48b2-80c3-0b0465dcbc90
2026-07-03 17:52:19 | DEBUG    | sentiment_analysis.ingestion.finviz_ingestor:156 — [finviz] KEY: 401 Client Error: Unauthorized for url: https://elite.finviz.com/quote_export?t=KEY&p=i1&auth=575fb5fb-ba7b-48b2-80c3-0b0465dcbc90
2026-07-03 17:52:20 | DEBUG    | sentiment_analysis.ingestion.finviz_ingestor:156 — [finviz] NWSA: 401 Client Error: Unauthorized for url: https://elite.finviz.com/quote_export?t=NWSA&p=i1&auth=575fb5fb-ba7b-48b2-80c3-0b0465dcbc90
2026-07-03 17:52:20 | DEBUG    | sentiment_analysis.ingestion.finviz_ingestor:151 — [finviz] TGT: added to skip list after 3 failures (401 Client Error: Unauthorized for url: https://elite.finviz.com/quote_export?t=TGT&p=i1&auth=575fb5fb-ba7b-48b2-80c3-0b0465dcbc90).
2026-07-03 17:52:21 | DEBUG    | sentiment_analysis.ingestion.finviz_ingestor:151 — [finviz] GAP: added to skip list after 3 failures (401 Client Error: Unauthorized for url: https://elite.finviz.com/quote_export?t=GAP&p=i1&auth=575fb5fb-ba7b-48b2-80c3-0b0465dcbc90).
2026-07-03 17:52:21 | INFO     | sentiment_analysis.ingestion.finviz_ingestor:90 — [finviz] Fetched 0/10 tickers.
2026-07-03 17:53:16 | INFO     | sentiment_analysis.ingestion.scheduler:72 — [finviz] Found 15 tickers to fetch from last 24h articles.
2026-07-03 17:53:16 | DEBUG    | sentiment_analysis.ingestion.finviz_ingestor:81 — [finviz] Skipped 11 invalid/blocked tickers.
2026-07-03 17:53:16 | DEBUG    | sentiment_analysis.ingestion.finviz_ingestor:151 — [finviz] AIG: added to skip list after 3 failures (401 Client Error: Unauthorized for url: https://elite.finviz.com/quote_export?t=AIG&p=i1&auth=575fb5fb-ba7b-48b2-80c3-0b0465dcbc90).
2026-07-03 17:53:16 | DEBUG    | sentiment_analysis.ingestion.finviz_ingestor:151 — [finviz] WM: added to skip list after 3 failures (401 Client Error: Unauthorized for url: https://elite.finviz.com/quote_export?t=WM&p=i1&auth=575fb5fb-ba7b-48b2-80c3-0b0465dcbc90).
2026-07-03 17:53:17 | DEBUG    | sentiment_analysis.ingestion.finviz_ingestor:151 — [finviz] NWSA: added to skip list after 3 failures (401 Client Error: Unauthorized for url: https://elite.finviz.com/quote_export?t=NWSA&p=i1&auth=575fb5fb-ba7b-48b2-80c3-0b0465dcbc90).
2026-07-03 17:53:17 | DEBUG    | sentiment_analysis.ingestion.finviz_ingestor:151 — [finviz] KEY: added to skip list after 3 failures (401 Client Error: Unauthorized for url: https://elite.finviz.com/quote_export?t=KEY&p=i1&auth=575fb5fb-ba7b-48b2-80c3-0b0465dcbc90).
2026-07-03 17:53:18 | INFO     | sentiment_analysis.ingestion.finviz_ingestor:90 — [finviz] Fetched 0/4 tickers.
2026-07-03 17:54:16 | INFO     | sentiment_analysis.ingestion.scheduler:72 — [finviz] Found 15 tickers to fetch from last 24h articles.
2026-07-03 17:54:16 | DEBUG    | sentiment_analysis.ingestion.finviz_ingestor:81 — [finviz] Skipped 15 invalid/blocked tickers.
2026-07-03 17:54:16 | INFO     | sentiment_analysis.ingestion.finviz_ingestor:90 — [finviz] Fetched 0/0 tickers.
2026-07-03 17:55:16 | INFO     | sentiment_analysis.ingestion.rss_ingestor:296 — [rss:pr_newswire] Fetching https://www.prnewswire.com/rss/news-releases-list.rss
2026-07-03 17:55:16 | INFO     | sentiment_analysis.ingestion.rss_ingestor:355 — [rss:pr_newswire] Skipped non-English article: Hisense приносит в европейские дома более интеллек
2026-07-03 17:55:16 | INFO     | sentiment_analysis.sentiment.pipeline:91 — [sentiment] Analyzing 49 SEC articles via SEC Analyzer.
2026-07-03 17:55:16 | INFO     | sentiment_analysis.sentiment.pipeline:115 — [sentiment] SEC breakdown: 0 Form4, 49 8-K, 0 10-Q, 0 S-1, 0 SC13G scored.
2026-07-03 17:55:16 | INFO     | sentiment_analysis.sentiment.pipeline:126 — [sentiment] Analyzing 51 articles via Gemini.
2026-07-03 17:55:16 | INFO     | sentiment_analysis.ingestion.rss_ingestor:416 — [rss:pr_newswire] Stored 0/20 new articles.
2026-07-03 17:55:16 | INFO     | sentiment_analysis.ingestion.rss_ingestor:296 — [rss:globe_newswire_finance] Fetching https://www.globenewswire.com/RssFeed/subjectcode/15-Financial%20Services
2026-07-03 17:55:16 | WARNING  | sentiment_analysis.sentiment.gemini_analyzer:109 — [gemini] Attempt 1/3 failed: 429 RESOURCE_EXHAUSTED. {'error': {'code': 429, 'message': 'You exceeded your current quota, please check your plan and billing details. For more information on this error, head to: https://ai.google.dev/gemini-api/docs/rate-limits. To monitor your current usage, head to: https://ai.dev/rate-limit. \n* Quota exceeded for metric: generativelanguage.googleapis.com/generate_content_free_tier_requests, limit: 20, model: gemini-2.5-flash\nPlease retry in 44.015119921s.', 'status': 'RESOURCE_EXHAUSTED', 'details': [{'@type': 'type.googleapis.com/google.rpc.Help', 'links': [{'description': 'Learn more about Gemini API quotas', 'url': 'https://ai.google.dev/gemini-api/docs/rate-limits'}]}, {'@type': 'type.googleapis.com/google.rpc.QuotaFailure', 'violations': [{'quotaMetric': 'generativelanguage.googleapis.com/generate_content_free_tier_requests', 'quotaId': 'GenerateRequestsPerDayPerProjectPerModel-FreeTier', 'quotaDimensions': {'model': 'gemini-2.5-flash', 'location': 'global'}, 'quotaValue': '20'}]}, {'@type': 'type.googleapis.com/google.rpc.RetryInfo', 'retryDelay': '44s'}]}}. Retrying in 10s...
2026-07-03 17:55:16 | INFO     | sentiment_analysis.ingestion.rss_ingestor:416 — [rss:globe_newswire_finance] Stored 0/20 new articles.
2026-07-03 17:55:16 | INFO     | sentiment_analysis.ingestion.rss_ingestor:296 — [rss:globe_newswire_ma] Fetching https://www.globenewswire.com/RssFeed/subjectcode/14-Mergers%20and%20Acquisitions
2026-07-03 17:55:16 | INFO     | sentiment_analysis.ingestion.rss_ingestor:416 — [rss:globe_newswire_ma] Stored 0/20 new articles.
2026-07-03 17:55:16 | INFO     | sentiment_analysis.ingestion.rss_ingestor:296 — [rss:sec_edgar] Fetching https://www.sec.gov/cgi-bin/browse-edgar?action=getcurrent&type=8-K&dateb=&owner=include&count=40&output=atom
2026-07-03 17:55:17 | INFO     | sentiment_analysis.ingestion.scheduler:72 — [finviz] Found 15 tickers to fetch from last 24h articles.
2026-07-03 17:55:17 | DEBUG    | sentiment_analysis.ingestion.finviz_ingestor:81 — [finviz] Skipped 15 invalid/blocked tickers.
2026-07-03 17:55:17 | INFO     | sentiment_analysis.ingestion.finviz_ingestor:90 — [finviz] Fetched 0/0 tickers.
2026-07-03 17:55:17 | INFO     | sentiment_analysis.ingestion.rss_ingestor:416 — [rss:sec_edgar] Stored 0/40 new articles.
2026-07-03 17:55:17 | INFO     | sentiment_analysis.ingestion.rss_ingestor:296 — [rss:sec_form4] Fetching https://www.sec.gov/cgi-bin/browse-edgar?action=getcurrent&type=4&dateb=&owner=include&count=40&output=atom
2026-07-03 17:55:17 | INFO     | sentiment_analysis.ingestion.rss_ingestor:416 — [rss:sec_form4] Stored 0/40 new articles.
2026-07-03 17:55:17 | INFO     | sentiment_analysis.ingestion.rss_ingestor:296 — [rss:fda] Fetching https://www.fda.gov/about-fda/contact-fda/stay-informed/rss-feeds/press-releases/rss.xml
2026-07-03 17:55:17 | INFO     | sentiment_analysis.ingestion.rss_ingestor:416 — [rss:fda] Stored 0/20 new articles.
2026-07-03 17:55:26 | WARNING  | sentiment_analysis.sentiment.gemini_analyzer:109 — [gemini] Attempt 2/3 failed: 429 RESOURCE_EXHAUSTED. {'error': {'code': 429, 'message': 'You exceeded your current quota, please check your plan and billing details. For more information on this error, head to: https://ai.google.dev/gemini-api/docs/rate-limits. To monitor your current usage, head to: https://ai.dev/rate-limit. \n* Quota exceeded for metric: generativelanguage.googleapis.com/generate_content_free_tier_requests, limit: 20, model: gemini-2.5-flash\nPlease retry in 33.807779368s.', 'status': 'RESOURCE_EXHAUSTED', 'details': [{'@type': 'type.googleapis.com/google.rpc.Help', 'links': [{'description': 'Learn more about Gemini API quotas', 'url': 'https://ai.google.dev/gemini-api/docs/rate-limits'}]}, {'@type': 'type.googleapis.com/google.rpc.QuotaFailure', 'violations': [{'quotaMetric': 'generativelanguage.googleapis.com/generate_content_free_tier_requests', 'quotaId': 'GenerateRequestsPerDayPerProjectPerModel-FreeTier', 'quotaDimensions': {'model': 'gemini-2.5-flash', 'location': 'global'}, 'quotaValue': '20'}]}, {'@type': 'type.googleapis.com/google.rpc.RetryInfo', 'retryDelay': '33s'}]}}. Retrying in 10s...
2026-07-03 17:55:36 | WARNING  | sentiment_analysis.sentiment.gemini_analyzer:114 — [gemini] All 3 attempts failed for batch of 51 articles. Skipping batch.
2026-07-03 17:55:36 | INFO     | sentiment_analysis.sentiment.pipeline:159 — [sentiment] Stored 49 results.
2026-07-03 17:56:16 | INFO     | sentiment_analysis.ingestion.scheduler:72 — [finviz] Found 15 tickers to fetch from last 24h articles.
2026-07-03 17:56:16 | DEBUG    | sentiment_analysis.ingestion.finviz_ingestor:81 — [finviz] Skipped 15 invalid/blocked tickers.
2026-07-03 17:56:16 | INFO     | sentiment_analysis.ingestion.finviz_ingestor:90 — [finviz] Fetched 0/0 tickers.
2026-07-03 17:57:16 | INFO     | sentiment_analysis.ingestion.scheduler:72 — [finviz] Found 15 tickers to fetch from last 24h articles.
2026-07-03 17:57:16 | DEBUG    | sentiment_analysis.ingestion.finviz_ingestor:81 — [finviz] Skipped 15 invalid/blocked tickers.
2026-07-03 17:57:16 | INFO     | sentiment_analysis.ingestion.finviz_ingestor:90 — [finviz] Fetched 0/0 tickers.
2026-07-03 17:58:16 | INFO     | sentiment_analysis.ingestion.scheduler:72 — [finviz] Found 15 tickers to fetch from last 24h articles.
2026-07-03 17:58:16 | DEBUG    | sentiment_analysis.ingestion.finviz_ingestor:81 — [finviz] Skipped 15 invalid/blocked tickers.
2026-07-03 17:58:16 | INFO     | sentiment_analysis.ingestion.finviz_ingestor:90 — [finviz] Fetched 0/0 tickers.
2026-07-03 17:59:16 | INFO     | sentiment_analysis.ingestion.scheduler:72 — [finviz] Found 15 tickers to fetch from last 24h articles.
2026-07-03 17:59:16 | DEBUG    | sentiment_analysis.ingestion.finviz_ingestor:81 — [finviz] Skipped 15 invalid/blocked tickers.
2026-07-03 17:59:16 | INFO     | sentiment_analysis.ingestion.finviz_ingestor:90 — [finviz] Fetched 0/0 tickers.
2026-07-03 18:00:16 | INFO     | sentiment_analysis.ingestion.rss_ingestor:296 — [rss:pr_newswire] Fetching https://www.prnewswire.com/rss/news-releases-list.rss
2026-07-03 18:00:16 | INFO     | sentiment_analysis.ingestion.rss_ingestor:355 — [rss:pr_newswire] Skipped non-English article: Hisense приносит в европейские дома более интеллек
2026-07-03 18:00:16 | INFO     | sentiment_analysis.ingestion.rss_ingestor:416 — [rss:pr_newswire] Stored 0/20 new articles.
2026-07-03 18:00:16 | INFO     | sentiment_analysis.ingestion.rss_ingestor:296 — [rss:globe_newswire_finance] Fetching https://www.globenewswire.com/RssFeed/subjectcode/15-Financial%20Services
2026-07-03 18:00:16 | INFO     | sentiment_analysis.sentiment.pipeline:91 — [sentiment] Analyzing 47 SEC articles via SEC Analyzer.
2026-07-03 18:00:16 | INFO     | sentiment_analysis.sentiment.pipeline:115 — [sentiment] SEC breakdown: 0 Form4, 47 8-K, 0 10-Q, 0 S-1, 0 SC13G scored.
2026-07-03 18:00:16 | INFO     | sentiment_analysis.sentiment.pipeline:126 — [sentiment] Analyzing 53 articles via Gemini.
2026-07-03 18:00:16 | INFO     | sentiment_analysis.ingestion.scheduler:72 — [finviz] Found 15 tickers to fetch from last 24h articles.
2026-07-03 18:00:16 | DEBUG    | sentiment_analysis.ingestion.finviz_ingestor:81 — [finviz] Skipped 15 invalid/blocked tickers.
2026-07-03 18:00:16 | INFO     | sentiment_analysis.ingestion.finviz_ingestor:90 — [finviz] Fetched 0/0 tickers.
2026-07-03 18:00:16 | INFO     | sentiment_analysis.ingestion.rss_ingestor:416 — [rss:globe_newswire_finance] Stored 0/20 new articles.
2026-07-03 18:00:16 | INFO     | sentiment_analysis.ingestion.rss_ingestor:296 — [rss:globe_newswire_ma] Fetching https://www.globenewswire.com/RssFeed/subjectcode/14-Mergers%20and%20Acquisitions
2026-07-03 18:00:17 | WARNING  | sentiment_analysis.sentiment.gemini_analyzer:109 — [gemini] Attempt 1/3 failed: 429 RESOURCE_EXHAUSTED. {'error': {'code': 429, 'message': 'You exceeded your current quota, please check your plan and billing details. For more information on this error, head to: https://ai.google.dev/gemini-api/docs/rate-limits. To monitor your current usage, head to: https://ai.dev/rate-limit. \n* Quota exceeded for metric: generativelanguage.googleapis.com/generate_content_free_tier_requests, limit: 20, model: gemini-2.5-flash\nPlease retry in 43.465707306s.', 'status': 'RESOURCE_EXHAUSTED', 'details': [{'@type': 'type.googleapis.com/google.rpc.Help', 'links': [{'description': 'Learn more about Gemini API quotas', 'url': 'https://ai.google.dev/gemini-api/docs/rate-limits'}]}, {'@type': 'type.googleapis.com/google.rpc.QuotaFailure', 'violations': [{'quotaMetric': 'generativelanguage.googleapis.com/generate_content_free_tier_requests', 'quotaId': 'GenerateRequestsPerDayPerProjectPerModel-FreeTier', 'quotaDimensions': {'model': 'gemini-2.5-flash', 'location': 'global'}, 'quotaValue': '20'}]}, {'@type': 'type.googleapis.com/google.rpc.RetryInfo', 'retryDelay': '43s'}]}}. Retrying in 10s...
2026-07-03 18:00:17 | INFO     | sentiment_analysis.ingestion.rss_ingestor:416 — [rss:globe_newswire_ma] Stored 0/20 new articles.
2026-07-03 18:00:17 | INFO     | sentiment_analysis.ingestion.rss_ingestor:296 — [rss:sec_edgar] Fetching https://www.sec.gov/cgi-bin/browse-edgar?action=getcurrent&type=8-K&dateb=&owner=include&count=40&output=atom
2026-07-03 18:00:19 | INFO     | sentiment_analysis.ingestion.rss_ingestor:416 — [rss:sec_edgar] Stored 0/40 new articles.
2026-07-03 18:00:19 | INFO     | sentiment_analysis.ingestion.rss_ingestor:296 — [rss:sec_form4] Fetching https://www.sec.gov/cgi-bin/browse-edgar?action=getcurrent&type=4&dateb=&owner=include&count=40&output=atom
2026-07-03 18:00:19 | INFO     | sentiment_analysis.ingestion.rss_ingestor:416 — [rss:sec_form4] Stored 0/40 new articles.
2026-07-03 18:00:19 | INFO     | sentiment_analysis.ingestion.rss_ingestor:296 — [rss:fda] Fetching https://www.fda.gov/about-fda/contact-fda/stay-informed/rss-feeds/press-releases/rss.xml
2026-07-03 18:00:20 | INFO     | sentiment_analysis.ingestion.rss_ingestor:416 — [rss:fda] Stored 0/20 new articles.
2026-07-03 18:00:20 | INFO     | sentiment_analysis.nlp.pipeline:130 — [nlp] Batch complete — processed 50/50 articles
2026-07-03 18:00:27 | WARNING  | sentiment_analysis.sentiment.gemini_analyzer:109 — [gemini] Attempt 2/3 failed: 429 RESOURCE_EXHAUSTED. {'error': {'code': 429, 'message': 'You exceeded your current quota, please check your plan and billing details. For more information on this error, head to: https://ai.google.dev/gemini-api/docs/rate-limits. To monitor your current usage, head to: https://ai.dev/rate-limit. \n* Quota exceeded for metric: generativelanguage.googleapis.com/generate_content_free_tier_requests, limit: 20, model: gemini-2.5-flash\nPlease retry in 33.294617854s.', 'status': 'RESOURCE_EXHAUSTED', 'details': [{'@type': 'type.googleapis.com/google.rpc.Help', 'links': [{'description': 'Learn more about Gemini API quotas', 'url': 'https://ai.google.dev/gemini-api/docs/rate-limits'}]}, {'@type': 'type.googleapis.com/google.rpc.QuotaFailure', 'violations': [{'quotaMetric': 'generativelanguage.googleapis.com/generate_content_free_tier_requests', 'quotaId': 'GenerateRequestsPerDayPerProjectPerModel-FreeTier', 'quotaDimensions': {'location': 'global', 'model': 'gemini-2.5-flash'}, 'quotaValue': '20'}]}, {'@type': 'type.googleapis.com/google.rpc.RetryInfo', 'retryDelay': '33s'}]}}. Retrying in 10s...
2026-07-03 18:00:37 | WARNING  | sentiment_analysis.sentiment.gemini_analyzer:114 — [gemini] All 3 attempts failed for batch of 53 articles. Skipping batch.
2026-07-03 18:00:37 | INFO     | sentiment_analysis.sentiment.pipeline:159 — [sentiment] Stored 47 results.
2026-07-03 18:01:16 | INFO     | sentiment_analysis.ingestion.scheduler:72 — [finviz] Found 19 tickers to fetch from last 24h articles.
2026-07-03 18:01:16 | DEBUG    | sentiment_analysis.ingestion.finviz_ingestor:81 — [finviz] Skipped 15 invalid/blocked tickers.
2026-07-03 18:01:16 | DEBUG    | sentiment_analysis.ingestion.finviz_ingestor:156 — [finviz] LRCX: 401 Client Error: Unauthorized for url: https://elite.finviz.com/quote_export?t=LRCX&p=i1&auth=575fb5fb-ba7b-48b2-80c3-0b0465dcbc90
2026-07-03 18:01:16 | DEBUG    | sentiment_analysis.ingestion.finviz_ingestor:156 — [finviz] RF: 401 Client Error: Unauthorized for url: https://elite.finviz.com/quote_export?t=RF&p=i1&auth=575fb5fb-ba7b-48b2-80c3-0b0465dcbc90
2026-07-03 18:01:17 | DEBUG    | sentiment_analysis.ingestion.finviz_ingestor:156 — [finviz] VZ: 401 Client Error: Unauthorized for url: https://elite.finviz.com/quote_export?t=VZ&p=i1&auth=575fb5fb-ba7b-48b2-80c3-0b0465dcbc90
2026-07-03 18:01:17 | DEBUG    | sentiment_analysis.ingestion.finviz_ingestor:156 — [finviz] FMC: 401 Client Error: Unauthorized for url: https://elite.finviz.com/quote_export?t=FMC&p=i1&auth=575fb5fb-ba7b-48b2-80c3-0b0465dcbc90
2026-07-03 18:01:18 | INFO     | sentiment_analysis.ingestion.finviz_ingestor:90 — [finviz] Fetched 0/4 tickers.
2026-07-03 18:02:16 | INFO     | sentiment_analysis.ingestion.scheduler:72 — [finviz] Found 19 tickers to fetch from last 24h articles.
2026-07-03 18:02:16 | DEBUG    | sentiment_analysis.ingestion.finviz_ingestor:81 — [finviz] Skipped 15 invalid/blocked tickers.
2026-07-03 18:02:16 | DEBUG    | sentiment_analysis.ingestion.finviz_ingestor:156 — [finviz] LRCX: 401 Client Error: Unauthorized for url: https://elite.finviz.com/quote_export?t=LRCX&p=i1&auth=575fb5fb-ba7b-48b2-80c3-0b0465dcbc90
2026-07-03 18:02:16 | DEBUG    | sentiment_analysis.ingestion.finviz_ingestor:156 — [finviz] RF: 401 Client Error: Unauthorized for url: https://elite.finviz.com/quote_export?t=RF&p=i1&auth=575fb5fb-ba7b-48b2-80c3-0b0465dcbc90
2026-07-03 18:02:17 | DEBUG    | sentiment_analysis.ingestion.finviz_ingestor:156 — [finviz] VZ: 401 Client Error: Unauthorized for url: https://elite.finviz.com/quote_export?t=VZ&p=i1&auth=575fb5fb-ba7b-48b2-80c3-0b0465dcbc90
2026-07-03 18:02:17 | DEBUG    | sentiment_analysis.ingestion.finviz_ingestor:156 — [finviz] FMC: 401 Client Error: Unauthorized for url: https://elite.finviz.com/quote_export?t=FMC&p=i1&auth=575fb5fb-ba7b-48b2-80c3-0b0465dcbc90
2026-07-03 18:02:18 | INFO     | sentiment_analysis.ingestion.finviz_ingestor:90 — [finviz] Fetched 0/4 tickers.
2026-07-03 18:03:16 | INFO     | sentiment_analysis.ingestion.scheduler:72 — [finviz] Found 19 tickers to fetch from last 24h articles.
2026-07-03 18:03:16 | DEBUG    | sentiment_analysis.ingestion.finviz_ingestor:81 — [finviz] Skipped 15 invalid/blocked tickers.
2026-07-03 18:03:16 | DEBUG    | sentiment_analysis.ingestion.finviz_ingestor:151 — [finviz] LRCX: added to skip list after 3 failures (401 Client Error: Unauthorized for url: https://elite.finviz.com/quote_export?t=LRCX&p=i1&auth=575fb5fb-ba7b-48b2-80c3-0b0465dcbc90).
2026-07-03 18:03:16 | DEBUG    | sentiment_analysis.ingestion.finviz_ingestor:151 — [finviz] RF: added to skip list after 3 failures (401 Client Error: Unauthorized for url: https://elite.finviz.com/quote_export?t=RF&p=i1&auth=575fb5fb-ba7b-48b2-80c3-0b0465dcbc90).
2026-07-03 18:03:17 | DEBUG    | sentiment_analysis.ingestion.finviz_ingestor:151 — [finviz] VZ: added to skip list after 3 failures (401 Client Error: Unauthorized for url: https://elite.finviz.com/quote_export?t=VZ&p=i1&auth=575fb5fb-ba7b-48b2-80c3-0b0465dcbc90).
2026-07-03 18:03:17 | DEBUG    | sentiment_analysis.ingestion.finviz_ingestor:151 — [finviz] FMC: added to skip list after 3 failures (401 Client Error: Unauthorized for url: https://elite.finviz.com/quote_export?t=FMC&p=i1&auth=575fb5fb-ba7b-48b2-80c3-0b0465dcbc90).
2026-07-03 18:03:18 | INFO     | sentiment_analysis.ingestion.finviz_ingestor:90 — [finviz] Fetched 0/4 tickers.
2026-07-03 18:04:16 | INFO     | sentiment_analysis.ingestion.scheduler:72 — [finviz] Found 19 tickers to fetch from last 24h articles.
2026-07-03 18:04:16 | DEBUG    | sentiment_analysis.ingestion.finviz_ingestor:81 — [finviz] Skipped 19 invalid/blocked tickers.
2026-07-03 18:04:16 | INFO     | sentiment_analysis.ingestion.finviz_ingestor:90 — [finviz] Fetched 0/0 tickers.
2026-07-03 18:05:16 | INFO     | sentiment_analysis.ingestion.rss_ingestor:296 — [rss:pr_newswire] Fetching https://www.prnewswire.com/rss/news-releases-list.rss
2026-07-03 18:05:16 | INFO     | sentiment_analysis.ingestion.scheduler:72 — [finviz] Found 19 tickers to fetch from last 24h articles.
2026-07-03 18:05:16 | DEBUG    | sentiment_analysis.ingestion.finviz_ingestor:81 — [finviz] Skipped 19 invalid/blocked tickers.
2026-07-03 18:05:16 | INFO     | sentiment_analysis.ingestion.finviz_ingestor:90 — [finviz] Fetched 0/0 tickers.
2026-07-03 18:05:16 | INFO     | sentiment_analysis.ingestion.rss_ingestor:355 — [rss:pr_newswire] Skipped non-English article: Hisense приносит в европейские дома более интеллек
2026-07-03 18:05:16 | INFO     | sentiment_analysis.sentiment.pipeline:91 — [sentiment] Analyzing 33 SEC articles via SEC Analyzer.
2026-07-03 18:05:16 | INFO     | sentiment_analysis.sentiment.pipeline:115 — [sentiment] SEC breakdown: 0 Form4, 33 8-K, 0 10-Q, 0 S-1, 0 SC13G scored.
2026-07-03 18:05:16 | INFO     | sentiment_analysis.sentiment.pipeline:126 — [sentiment] Analyzing 67 articles via Gemini.
2026-07-03 18:05:16 | INFO     | sentiment_analysis.ingestion.rss_ingestor:416 — [rss:pr_newswire] Stored 1/20 new articles.
2026-07-03 18:05:16 | INFO     | sentiment_analysis.ingestion.rss_ingestor:296 — [rss:globe_newswire_finance] Fetching https://www.globenewswire.com/RssFeed/subjectcode/15-Financial%20Services
2026-07-03 18:05:16 | INFO     | sentiment_analysis.ingestion.rss_ingestor:416 — [rss:globe_newswire_finance] Stored 0/20 new articles.
2026-07-03 18:05:16 | INFO     | sentiment_analysis.ingestion.rss_ingestor:296 — [rss:globe_newswire_ma] Fetching https://www.globenewswire.com/RssFeed/subjectcode/14-Mergers%20and%20Acquisitions
2026-07-03 18:05:16 | WARNING  | sentiment_analysis.sentiment.gemini_analyzer:109 — [gemini] Attempt 1/3 failed: 429 RESOURCE_EXHAUSTED. {'error': {'code': 429, 'message': 'You exceeded your current quota, please check your plan and billing details. For more information on this error, head to: https://ai.google.dev/gemini-api/docs/rate-limits. To monitor your current usage, head to: https://ai.dev/rate-limit. \n* Quota exceeded for metric: generativelanguage.googleapis.com/generate_content_free_tier_requests, limit: 20, model: gemini-2.5-flash\nPlease retry in 43.906636688s.', 'status': 'RESOURCE_EXHAUSTED', 'details': [{'@type': 'type.googleapis.com/google.rpc.Help', 'links': [{'description': 'Learn more about Gemini API quotas', 'url': 'https://ai.google.dev/gemini-api/docs/rate-limits'}]}, {'@type': 'type.googleapis.com/google.rpc.QuotaFailure', 'violations': [{'quotaMetric': 'generativelanguage.googleapis.com/generate_content_free_tier_requests', 'quotaId': 'GenerateRequestsPerDayPerProjectPerModel-FreeTier', 'quotaDimensions': {'location': 'global', 'model': 'gemini-2.5-flash'}, 'quotaValue': '20'}]}, {'@type': 'type.googleapis.com/google.rpc.RetryInfo', 'retryDelay': '43s'}]}}. Retrying in 10s...
2026-07-03 18:05:16 | INFO     | sentiment_analysis.ingestion.rss_ingestor:416 — [rss:globe_newswire_ma] Stored 0/20 new articles.
2026-07-03 18:05:16 | INFO     | sentiment_analysis.ingestion.rss_ingestor:296 — [rss:sec_edgar] Fetching https://www.sec.gov/cgi-bin/browse-edgar?action=getcurrent&type=8-K&dateb=&owner=include&count=40&output=atom
2026-07-03 18:05:17 | INFO     | sentiment_analysis.ingestion.rss_ingestor:416 — [rss:sec_edgar] Stored 0/40 new articles.
2026-07-03 18:05:17 | INFO     | sentiment_analysis.ingestion.rss_ingestor:296 — [rss:sec_form4] Fetching https://www.sec.gov/cgi-bin/browse-edgar?action=getcurrent&type=4&dateb=&owner=include&count=40&output=atom
2026-07-03 18:05:17 | INFO     | sentiment_analysis.ingestion.rss_ingestor:416 — [rss:sec_form4] Stored 0/40 new articles.
2026-07-03 18:05:17 | INFO     | sentiment_analysis.ingestion.rss_ingestor:296 — [rss:fda] Fetching https://www.fda.gov/about-fda/contact-fda/stay-informed/rss-feeds/press-releases/rss.xml
2026-07-03 18:05:17 | INFO     | sentiment_analysis.ingestion.rss_ingestor:416 — [rss:fda] Stored 0/20 new articles.
2026-07-03 18:05:26 | WARNING  | sentiment_analysis.sentiment.gemini_analyzer:109 — [gemini] Attempt 2/3 failed: 429 RESOURCE_EXHAUSTED. {'error': {'code': 429, 'message': 'You exceeded your current quota, please check your plan and billing details. For more information on this error, head to: https://ai.google.dev/gemini-api/docs/rate-limits. To monitor your current usage, head to: https://ai.dev/rate-limit. \n* Quota exceeded for metric: generativelanguage.googleapis.com/generate_content_free_tier_requests, limit: 20, model: gemini-2.5-flash\nPlease retry in 33.714072469s.', 'status': 'RESOURCE_EXHAUSTED', 'details': [{'@type': 'type.googleapis.com/google.rpc.Help', 'links': [{'description': 'Learn more about Gemini API quotas', 'url': 'https://ai.google.dev/gemini-api/docs/rate-limits'}]}, {'@type': 'type.googleapis.com/google.rpc.QuotaFailure', 'violations': [{'quotaMetric': 'generativelanguage.googleapis.com/generate_content_free_tier_requests', 'quotaId': 'GenerateRequestsPerDayPerProjectPerModel-FreeTier', 'quotaDimensions': {'location': 'global', 'model': 'gemini-2.5-flash'}, 'quotaValue': '20'}]}, {'@type': 'type.googleapis.com/google.rpc.RetryInfo', 'retryDelay': '33s'}]}}. Retrying in 10s...
2026-07-03 18:05:36 | WARNING  | sentiment_analysis.sentiment.gemini_analyzer:114 — [gemini] All 3 attempts failed for batch of 67 articles. Skipping batch.
2026-07-03 18:05:37 | INFO     | sentiment_analysis.sentiment.pipeline:159 — [sentiment] Stored 33 results.
2026-07-03 18:06:16 | INFO     | sentiment_analysis.ingestion.scheduler:72 — [finviz] Found 19 tickers to fetch from last 24h articles.
2026-07-03 18:06:16 | DEBUG    | sentiment_analysis.ingestion.finviz_ingestor:81 — [finviz] Skipped 19 invalid/blocked tickers.
2026-07-03 18:06:16 | INFO     | sentiment_analysis.ingestion.finviz_ingestor:90 — [finviz] Fetched 0/0 tickers.
2026-07-03 18:33:05 | INFO     | sentiment_analysis.sentiment.pipeline:126 — [sentiment] Analyzing 20 articles via Gemini.
2026-07-03 18:33:16 | INFO     | sentiment_analysis.ingestion.scheduler:72 — [finviz] Found 19 tickers to fetch from last 24h articles.
2026-07-03 18:33:16 | DEBUG    | sentiment_analysis.ingestion.finviz_ingestor:81 — [finviz] Skipped 19 invalid/blocked tickers.
2026-07-03 18:33:16 | INFO     | sentiment_analysis.ingestion.finviz_ingestor:90 — [finviz] Fetched 0/0 tickers.
2026-07-03 18:33:18 | INFO     | sentiment_analysis.sentiment.pipeline:159 — [sentiment] Stored 16 results.
2026-07-03 18:34:16 | INFO     | sentiment_analysis.ingestion.scheduler:72 — [finviz] Found 19 tickers to fetch from last 24h articles.
2026-07-03 18:34:16 | DEBUG    | sentiment_analysis.ingestion.finviz_ingestor:81 — [finviz] Skipped 19 invalid/blocked tickers.
2026-07-03 18:34:16 | INFO     | sentiment_analysis.ingestion.finviz_ingestor:90 — [finviz] Fetched 0/0 tickers.
2026-07-03 18:35:16 | INFO     | sentiment_analysis.ingestion.rss_ingestor:296 — [rss:pr_newswire] Fetching https://www.prnewswire.com/rss/news-releases-list.rss
2026-07-03 18:35:16 | INFO     | sentiment_analysis.ingestion.rss_ingestor:355 — [rss:pr_newswire] Skipped non-English article: Hisense приносит в европейские дома более интеллек
2026-07-03 18:35:16 | INFO     | sentiment_analysis.ingestion.scheduler:72 — [finviz] Found 19 tickers to fetch from last 24h articles.
2026-07-03 18:35:16 | DEBUG    | sentiment_analysis.sentiment.pipeline:80 — [sentiment] No unanalyzed articles — pipeline idle.
2026-07-03 18:35:16 | DEBUG    | sentiment_analysis.ingestion.finviz_ingestor:81 — [finviz] Skipped 19 invalid/blocked tickers.
2026-07-03 18:35:16 | INFO     | sentiment_analysis.ingestion.finviz_ingestor:90 — [finviz] Fetched 0/0 tickers.
2026-07-03 18:35:16 | INFO     | sentiment_analysis.ingestion.rss_ingestor:416 — [rss:pr_newswire] Stored 1/20 new articles.
2026-07-03 18:35:16 | INFO     | sentiment_analysis.ingestion.rss_ingestor:296 — [rss:globe_newswire_finance] Fetching https://www.globenewswire.com/RssFeed/subjectcode/15-Financial%20Services
2026-07-03 18:35:16 | INFO     | sentiment_analysis.ingestion.rss_ingestor:416 — [rss:globe_newswire_finance] Stored 0/20 new articles.
2026-07-03 18:35:16 | INFO     | sentiment_analysis.ingestion.rss_ingestor:296 — [rss:globe_newswire_ma] Fetching https://www.globenewswire.com/RssFeed/subjectcode/14-Mergers%20and%20Acquisitions
2026-07-03 18:35:16 | INFO     | sentiment_analysis.ingestion.rss_ingestor:416 — [rss:globe_newswire_ma] Stored 0/20 new articles.
2026-07-03 18:35:16 | INFO     | sentiment_analysis.ingestion.rss_ingestor:296 — [rss:sec_edgar] Fetching https://www.sec.gov/cgi-bin/browse-edgar?action=getcurrent&type=8-K&dateb=&owner=include&count=40&output=atom
2026-07-03 18:35:17 | INFO     | sentiment_analysis.ingestion.rss_ingestor:416 — [rss:sec_edgar] Stored 0/40 new articles.
2026-07-03 18:35:17 | INFO     | sentiment_analysis.ingestion.rss_ingestor:296 — [rss:sec_form4] Fetching https://www.sec.gov/cgi-bin/browse-edgar?action=getcurrent&type=4&dateb=&owner=include&count=40&output=atom
2026-07-03 18:35:17 | INFO     | sentiment_analysis.ingestion.rss_ingestor:416 — [rss:sec_form4] Stored 0/40 new articles.
2026-07-03 18:35:17 | INFO     | sentiment_analysis.ingestion.rss_ingestor:296 — [rss:fda] Fetching https://www.fda.gov/about-fda/contact-fda/stay-informed/rss-feeds/press-releases/rss.xml
2026-07-03 18:35:17 | INFO     | sentiment_analysis.ingestion.rss_ingestor:416 — [rss:fda] Stored 0/20 new articles.
2026-07-03 18:36:16 | INFO     | sentiment_analysis.ingestion.scheduler:72 — [finviz] Found 19 tickers to fetch from last 24h articles.
2026-07-03 18:36:16 | DEBUG    | sentiment_analysis.ingestion.finviz_ingestor:81 — [finviz] Skipped 19 invalid/blocked tickers.
2026-07-03 18:36:16 | INFO     | sentiment_analysis.ingestion.finviz_ingestor:90 — [finviz] Fetched 0/0 tickers.
2026-07-03 18:53:42 | INFO     | sentiment_analysis.ingestion.scheduler:72 — [finviz] Found 19 tickers to fetch from last 24h articles.
2026-07-03 18:53:42 | DEBUG    | sentiment_analysis.ingestion.finviz_ingestor:81 — [finviz] Skipped 19 invalid/blocked tickers.
2026-07-03 18:53:42 | INFO     | sentiment_analysis.ingestion.finviz_ingestor:90 — [finviz] Fetched 0/0 tickers.
2026-07-03 18:54:16 | INFO     | sentiment_analysis.ingestion.scheduler:72 — [finviz] Found 19 tickers to fetch from last 24h articles.
2026-07-03 18:54:16 | DEBUG    | sentiment_analysis.ingestion.finviz_ingestor:81 — [finviz] Skipped 19 invalid/blocked tickers.
2026-07-03 18:54:16 | INFO     | sentiment_analysis.ingestion.finviz_ingestor:90 — [finviz] Fetched 0/0 tickers.
2026-07-03 18:54:31 | INFO     | __main__:72 — Pipeline stopped cleanly.
2026-07-03 18:54:31 | INFO     | __main__:148 — Dashboard process terminated.
2026-07-05 01:50:32 | INFO     | __main__:127 — ============================================================
2026-07-05 01:50:32 | INFO     | __main__:128 — Stock Sentiment Analysis — Phase 2 starting
2026-07-05 01:50:32 | INFO     | __main__:129 —   DB URL   : postgresql+asyncpg://postgres:1074@localhost:5432/…
2026-07-05 01:50:32 | INFO     | __main__:130 —   Log level: INFO
2026-07-05 01:50:32 | INFO     | __main__:131 —   Watchlist: A, AAL, AAP, AAPL, ABBV, ABC, ABMD, ABT, ACN, ACGL, ADBE, ADI, ADM, ADP, ADSK, AEE, AEP, AES, AFL, AIG, AIZ, AJG, AKAM, ALB, ALGN, ALK, ALL, ALLE, AMAT, AMCR, AMD, AME, AMGN, AMP, AMT, AMZN, ANET, ANSS, AON, AOS, APA, APD, APH, APTV, ARE, ATO, AVB, AVGO, AVY, AWK, AXP, AXON, AZO, BA, BAC, BALL, BAX, BBWI, BBY, BCR, BDX, BEN, BF.B, BG, BIIB, BIO, BK, BKNG, BKR, BLK, BLDR, BMY, BR, BRO, BSX, BWA, BX, BXP, C, CAG, CAH, CARR, CAT, CB, CBOE, CBRE, CCI, CCL, CDNS, CDW, CE, CEG, CF, CFG, CHD, CHRW, CHTR, CI, CINF, CL, CLX, CMA, CMCSA, CME, CMG, CMI, CMS, CNC, CNP, COF, COO, COP, COR, COST, CPB, CPRT, CPT, CRL, CRM, CSCO, CSGP, CSX, CTAS, CTLT, CTRA, CTSH, CTVA, CVS, CVX, CZR, D, DAL, DAY, DD, DE, DECK, DFS, DG, DGX, DHI, DHR, DIS, DISH, DLR, DLTR, DOC, DOV, DOW, DPZ, DRI, DTE, DUK, DVA, DVN, DXC, DXCM, EA, EBAY, ECL, ED, EFX, EG, EIX, EL, ELV, EMN, EMR, ENPH, EOG, EPAM, EQIX, EQR, EQT, ES, ESS, ETN, ETR, ETSY, EVRG, EW, EXC, EXPD, EXPE, EXR, F, FANG, FAST, FCX, FDS, FDX, FE, FFIV, FI, FICO, FIS, FISV, FITB, FLT, FMC, FOX, FOXA, FRT, FSLR, FTNT, FTV, GD, GE, GDDY, GEHC, GEN, GEV, GILD, GIS, GL, GLW, GM, GNRC, GOOG, GOOGL, GPC, GPN, GPS, GRMN, GS, GWW, HAL, HAS, HBAN, HCA, HD, HES, HIG, HII, HLT, HOLX, HON, HPE, HPQ, HRL, HSIC, HST, HSY, HUBB, HUM, HWM, IBM, ICE, IDXX, IEX, IFF, ILMN, INCY, INTC, INTU, INVH, IP, IPG, IQV, IR, IRM, ISRG, IT, ITW, IVZ, J, JBL, JBHT, JCI, JKHY, JNJ, JNPR, JPM, K, KDP, KEY, KEYS, KHC, KIM, KLAC, KMB, KMI, KMX, KO, KR, KVUE, L, LDOS, LEN, LH, LHX, LIN, LKQ, LLY, LMT, LNC, LNT, LOW, LRCX, LULU, LUMN, LUV, LVS, LW, LYB, LYV, MA, MAA, MAR, MAS, MCD, MCHP, MCK, MCO, MDLZ, MDT, MET, META, MGM, MHK, MKC, MKTX, MLM, MMC, MMM, MNST, MO, MOH, MOS, MPC, MPWR, MRK, MRO, MRNA, MS, MSCI, MSFT, MSI, MTB, MTCH, MTD, MU, NCLH, NDAQ, NDSN, NEE, NEM, NFLX, NI, NKE, NOC, NOW, NRG, NSC, NTAP, NTRS, NUE, NVDA, NVR, NWL, NWS, NWSA, NXPI, O, ODFL, OKE, OMC, ON, ORCL, ORLY, OTIS, OXY, PANW, PARA, PAYC, PAYX, PCAR, PCG, PEAK, PEG, PEP, PFE, PFG, PG, PGR, PH, PHM, PKG, PKI, PLD, PM, PNC, PNR, PNW, PODD, POOL, PPG, PPL, PRU, PSA, PSX, PTC, PTVE, PWR, PXD, PYPL, QCOM, QRVO, RCL, RE, REG, REGN, RF, RHI, RJF, RL, RMD, ROK, ROL, ROP, ROST, RSG, RTX, RVTY, SBAC, SBUX, SCHW, SEE, SHW, SJM, SLB, SNA, SNPS, SO, SOLV, SPG, SPGI, SRE, STE, STLD, STT, STX, STZ, SWK, SWKS, SYF, SYK, SYY, T, TAP, TDG, TDY, TECH, TEL, TER, TFC, TFX, TGT, TJX, TMO, TMUS, TPR, TRGP, TRMB, TROW, TRV, TSCO, TSLA, TSN, TT, TTWO, TXN, TXT, TYL, UA, UAA, UAL, UDR, UHS, ULTA, UNH, UNP, UPS, URI, USB, V, VFC, VICI, VLO, VMC, VNO, VRSK, VRSN, VRTX, VST, VTR, VTRS, VZ, WAB, WAT, WBA, WBD, WDAY, WDC, WEC, WELL, WFC, WHR, WLK, WM, WMB, WMT, WRB, WRK, WST, WTW, WY, WYNN, XEL, XOM, XRAY, XYL, YUM, ZBH, ZBRA, ZION, ZTS, SPY, QQQ, IWM, DIA, GLD, SLV, TLT, HYG, LQD, VTI, VOO, VEA, VWO, EFA, EEM, XLF, XLK, XLE, XLV, XLI, XLY, XLP, XLU, XLB, XLRE, PLTR, RIVN, LCID, SOFI, GME, AMC, BB, NOK, COIN, HOOD, ROKU, SNAP, UBER, LYFT, ABNB, DASH, PINS, TWTR, SHOP, SQ, PYPL, AFRM, UPST
2026-07-05 01:50:32 | INFO     | __main__:132 — ============================================================
2026-07-05 01:50:32 | INFO     | __main__:87 — Dashboard started (PID 29124)  →  http://localhost:8050
2026-07-05 01:50:32 | INFO     | __main__:50 — Database schema verified / created.
2026-07-05 01:50:32 | INFO     | sentiment_analysis.ingestion.scheduler:191 — Scheduler configured — RSS every 5m, NLP every 10m, Sentiment every 5m, Finviz prices every 1m, Cleanup daily at midnight ET
2026-07-05 01:50:32 | INFO     | sentiment_analysis.ingestion.scheduler:203 — Scheduler started — running initial ingestion pass.
2026-07-05 01:50:32 | INFO     | sentiment_analysis.ingestion.rss_ingestor:296 — [rss:pr_newswire] Fetching https://www.prnewswire.com/rss/news-releases-list.rss
2026-07-05 01:50:34 | INFO     | sentiment_analysis.ingestion.rss_ingestor:416 — [rss:pr_newswire] Stored 20/20 new articles.
2026-07-05 01:50:34 | INFO     | sentiment_analysis.ingestion.rss_ingestor:296 — [rss:globe_newswire_finance] Fetching https://www.globenewswire.com/RssFeed/subjectcode/15-Financial%20Services
2026-07-05 01:50:34 | INFO     | sentiment_analysis.ingestion.rss_ingestor:416 — [rss:globe_newswire_finance] Stored 0/20 new articles.
2026-07-05 01:50:34 | INFO     | sentiment_analysis.ingestion.rss_ingestor:296 — [rss:globe_newswire_ma] Fetching https://www.globenewswire.com/RssFeed/subjectcode/14-Mergers%20and%20Acquisitions
2026-07-05 01:50:34 | INFO     | sentiment_analysis.ingestion.rss_ingestor:416 — [rss:globe_newswire_ma] Stored 1/20 new articles.
2026-07-05 01:50:34 | INFO     | sentiment_analysis.ingestion.rss_ingestor:296 — [rss:sec_edgar] Fetching https://www.sec.gov/cgi-bin/browse-edgar?action=getcurrent&type=8-K&dateb=&owner=include&count=40&output=atom
2026-07-05 01:50:34 | INFO     | sentiment_analysis.ingestion.rss_ingestor:416 — [rss:sec_edgar] Stored 0/40 new articles.
2026-07-05 01:50:34 | INFO     | sentiment_analysis.ingestion.rss_ingestor:296 — [rss:sec_form4] Fetching https://www.sec.gov/cgi-bin/browse-edgar?action=getcurrent&type=4&dateb=&owner=include&count=40&output=atom
2026-07-05 01:50:35 | INFO     | sentiment_analysis.ingestion.rss_ingestor:416 — [rss:sec_form4] Stored 0/40 new articles.
2026-07-05 01:50:35 | INFO     | sentiment_analysis.ingestion.rss_ingestor:296 — [rss:fda] Fetching https://www.fda.gov/about-fda/contact-fda/stay-informed/rss-feeds/press-releases/rss.xml
2026-07-05 01:50:35 | INFO     | sentiment_analysis.ingestion.rss_ingestor:416 — [rss:fda] Stored 0/20 new articles.
2026-07-05 01:50:38 | INFO     | sentiment_analysis.nlp.pipeline:130 — [nlp] Batch complete — processed 48/48 articles
2026-07-05 01:50:38 | INFO     | sentiment_analysis.sentiment.pipeline:126 — [sentiment] Analyzing 48 articles via Gemini.
2026-07-05 01:50:40 | WARNING  | sentiment_analysis.sentiment.gemini_analyzer:109 — [gemini] Attempt 1/3 failed: 503 UNAVAILABLE. {'error': {'code': 503, 'message': 'This model is currently experiencing high demand. Spikes in demand are usually temporary. Please try again later.', 'status': 'UNAVAILABLE'}}. Retrying in 10s...
2026-07-05 01:50:50 | WARNING  | sentiment_analysis.sentiment.gemini_analyzer:109 — [gemini] Attempt 2/3 failed: 429 RESOURCE_EXHAUSTED. {'error': {'code': 429, 'message': 'You exceeded your current quota, please check your plan and billing details. For more information on this error, head to: https://ai.google.dev/gemini-api/docs/rate-limits. To monitor your current usage, head to: https://ai.dev/rate-limit. \n* Quota exceeded for metric: generativelanguage.googleapis.com/generate_content_free_tier_requests, limit: 20, model: gemini-2.5-flash\nPlease retry in 11.515476932s.', 'status': 'RESOURCE_EXHAUSTED', 'details': [{'@type': 'type.googleapis.com/google.rpc.Help', 'links': [{'description': 'Learn more about Gemini API quotas', 'url': 'https://ai.google.dev/gemini-api/docs/rate-limits'}]}, {'@type': 'type.googleapis.com/google.rpc.QuotaFailure', 'violations': [{'quotaMetric': 'generativelanguage.googleapis.com/generate_content_free_tier_requests', 'quotaId': 'GenerateRequestsPerDayPerProjectPerModel-FreeTier', 'quotaDimensions': {'location': 'global', 'model': 'gemini-2.5-flash'}, 'quotaValue': '20'}]}, {'@type': 'type.googleapis.com/google.rpc.RetryInfo', 'retryDelay': '11s'}]}}. Retrying in 10s...
2026-07-05 01:51:00 | WARNING  | sentiment_analysis.sentiment.gemini_analyzer:114 — [gemini] All 3 attempts failed for batch of 48 articles. Skipping batch.
2026-07-05 01:51:00 | INFO     | sentiment_analysis.ingestion.scheduler:72 — [finviz] Found 5 tickers to fetch from last 24h articles.
2026-07-05 01:51:00 | DEBUG    | sentiment_analysis.ingestion.finviz_ingestor:81 — [finviz] Skipped 3 invalid/blocked tickers.
2026-07-05 01:51:01 | DEBUG    | sentiment_analysis.ingestion.finviz_ingestor:156 — [finviz] DE: 401 Client Error: Unauthorized for url: https://elite.finviz.com/quote_export?t=DE&p=i1&auth=575fb5fb-ba7b-48b2-80c3-0b0465dcbc90
2026-07-05 01:51:01 | DEBUG    | sentiment_analysis.ingestion.finviz_ingestor:156 — [finviz] DAY: 401 Client Error: Unauthorized for url: https://elite.finviz.com/quote_export?t=DAY&p=i1&auth=575fb5fb-ba7b-48b2-80c3-0b0465dcbc90
2026-07-05 01:51:02 | INFO     | sentiment_analysis.ingestion.finviz_ingestor:90 — [finviz] Fetched 0/2 tickers.
2026-07-05 01:51:02 | INFO     | __main__:62 — Ingestion pipeline running.  Press Ctrl+C to stop.
2026-07-05 01:51:32 | INFO     | sentiment_analysis.ingestion.scheduler:72 — [finviz] Found 5 tickers to fetch from last 24h articles.
2026-07-05 01:51:32 | DEBUG    | sentiment_analysis.ingestion.finviz_ingestor:81 — [finviz] Skipped 3 invalid/blocked tickers.
2026-07-05 01:51:33 | DEBUG    | sentiment_analysis.ingestion.finviz_ingestor:156 — [finviz] DE: 401 Client Error: Unauthorized for url: https://elite.finviz.com/quote_export?t=DE&p=i1&auth=575fb5fb-ba7b-48b2-80c3-0b0465dcbc90
2026-07-05 01:51:33 | DEBUG    | sentiment_analysis.ingestion.finviz_ingestor:156 — [finviz] DAY: 401 Client Error: Unauthorized for url: https://elite.finviz.com/quote_export?t=DAY&p=i1&auth=575fb5fb-ba7b-48b2-80c3-0b0465dcbc90
2026-07-05 01:51:34 | INFO     | sentiment_analysis.ingestion.finviz_ingestor:90 — [finviz] Fetched 0/2 tickers.
2026-07-05 01:52:32 | INFO     | sentiment_analysis.ingestion.scheduler:72 — [finviz] Found 5 tickers to fetch from last 24h articles.
2026-07-05 01:52:32 | DEBUG    | sentiment_analysis.ingestion.finviz_ingestor:81 — [finviz] Skipped 3 invalid/blocked tickers.
2026-07-05 01:52:33 | DEBUG    | sentiment_analysis.ingestion.finviz_ingestor:151 — [finviz] DE: added to skip list after 3 failures (401 Client Error: Unauthorized for url: https://elite.finviz.com/quote_export?t=DE&p=i1&auth=575fb5fb-ba7b-48b2-80c3-0b0465dcbc90).
2026-07-05 01:52:33 | DEBUG    | sentiment_analysis.ingestion.finviz_ingestor:151 — [finviz] DAY: added to skip list after 3 failures (401 Client Error: Unauthorized for url: https://elite.finviz.com/quote_export?t=DAY&p=i1&auth=575fb5fb-ba7b-48b2-80c3-0b0465dcbc90).
2026-07-05 01:52:34 | INFO     | sentiment_analysis.ingestion.finviz_ingestor:90 — [finviz] Fetched 0/2 tickers.
2026-07-05 01:53:32 | INFO     | sentiment_analysis.ingestion.scheduler:72 — [finviz] Found 5 tickers to fetch from last 24h articles.
2026-07-05 01:53:32 | DEBUG    | sentiment_analysis.ingestion.finviz_ingestor:81 — [finviz] Skipped 5 invalid/blocked tickers.
2026-07-05 01:53:32 | INFO     | sentiment_analysis.ingestion.finviz_ingestor:90 — [finviz] Fetched 0/0 tickers.
2026-07-05 01:54:11 | INFO     | __main__:72 — Pipeline stopped cleanly.
2026-07-05 01:54:11 | INFO     | __main__:148 — Dashboard process terminated.
2026-07-05 01:54:27 | INFO     | __main__:127 — ============================================================
2026-07-05 01:54:27 | INFO     | __main__:128 — Stock Sentiment Analysis — Phase 2 starting
2026-07-05 01:54:27 | INFO     | __main__:129 —   DB URL   : postgresql+asyncpg://postgres:1074@localhost:5432/…
2026-07-05 01:54:27 | INFO     | __main__:130 —   Log level: INFO
2026-07-05 01:54:27 | INFO     | __main__:131 —   Watchlist: A, AAL, AAP, AAPL, ABBV, ABC, ABMD, ABT, ACN, ACGL, ADBE, ADI, ADM, ADP, ADSK, AEE, AEP, AES, AFL, AIG, AIZ, AJG, AKAM, ALB, ALGN, ALK, ALL, ALLE, AMAT, AMCR, AMD, AME, AMGN, AMP, AMT, AMZN, ANET, ANSS, AON, AOS, APA, APD, APH, APTV, ARE, ATO, AVB, AVGO, AVY, AWK, AXP, AXON, AZO, BA, BAC, BALL, BAX, BBWI, BBY, BCR, BDX, BEN, BF.B, BG, BIIB, BIO, BK, BKNG, BKR, BLK, BLDR, BMY, BR, BRO, BSX, BWA, BX, BXP, C, CAG, CAH, CARR, CAT, CB, CBOE, CBRE, CCI, CCL, CDNS, CDW, CE, CEG, CF, CFG, CHD, CHRW, CHTR, CI, CINF, CL, CLX, CMA, CMCSA, CME, CMG, CMI, CMS, CNC, CNP, COF, COO, COP, COR, COST, CPB, CPRT, CPT, CRL, CRM, CSCO, CSGP, CSX, CTAS, CTLT, CTRA, CTSH, CTVA, CVS, CVX, CZR, D, DAL, DAY, DD, DE, DECK, DFS, DG, DGX, DHI, DHR, DIS, DISH, DLR, DLTR, DOC, DOV, DOW, DPZ, DRI, DTE, DUK, DVA, DVN, DXC, DXCM, EA, EBAY, ECL, ED, EFX, EG, EIX, EL, ELV, EMN, EMR, ENPH, EOG, EPAM, EQIX, EQR, EQT, ES, ESS, ETN, ETR, ETSY, EVRG, EW, EXC, EXPD, EXPE, EXR, F, FANG, FAST, FCX, FDS, FDX, FE, FFIV, FI, FICO, FIS, FISV, FITB, FLT, FMC, FOX, FOXA, FRT, FSLR, FTNT, FTV, GD, GE, GDDY, GEHC, GEN, GEV, GILD, GIS, GL, GLW, GM, GNRC, GOOG, GOOGL, GPC, GPN, GPS, GRMN, GS, GWW, HAL, HAS, HBAN, HCA, HD, HES, HIG, HII, HLT, HOLX, HON, HPE, HPQ, HRL, HSIC, HST, HSY, HUBB, HUM, HWM, IBM, ICE, IDXX, IEX, IFF, ILMN, INCY, INTC, INTU, INVH, IP, IPG, IQV, IR, IRM, ISRG, IT, ITW, IVZ, J, JBL, JBHT, JCI, JKHY, JNJ, JNPR, JPM, K, KDP, KEY, KEYS, KHC, KIM, KLAC, KMB, KMI, KMX, KO, KR, KVUE, L, LDOS, LEN, LH, LHX, LIN, LKQ, LLY, LMT, LNC, LNT, LOW, LRCX, LULU, LUMN, LUV, LVS, LW, LYB, LYV, MA, MAA, MAR, MAS, MCD, MCHP, MCK, MCO, MDLZ, MDT, MET, META, MGM, MHK, MKC, MKTX, MLM, MMC, MMM, MNST, MO, MOH, MOS, MPC, MPWR, MRK, MRO, MRNA, MS, MSCI, MSFT, MSI, MTB, MTCH, MTD, MU, NCLH, NDAQ, NDSN, NEE, NEM, NFLX, NI, NKE, NOC, NOW, NRG, NSC, NTAP, NTRS, NUE, NVDA, NVR, NWL, NWS, NWSA, NXPI, O, ODFL, OKE, OMC, ON, ORCL, ORLY, OTIS, OXY, PANW, PARA, PAYC, PAYX, PCAR, PCG, PEAK, PEG, PEP, PFE, PFG, PG, PGR, PH, PHM, PKG, PKI, PLD, PM, PNC, PNR, PNW, PODD, POOL, PPG, PPL, PRU, PSA, PSX, PTC, PTVE, PWR, PXD, PYPL, QCOM, QRVO, RCL, RE, REG, REGN, RF, RHI, RJF, RL, RMD, ROK, ROL, ROP, ROST, RSG, RTX, RVTY, SBAC, SBUX, SCHW, SEE, SHW, SJM, SLB, SNA, SNPS, SO, SOLV, SPG, SPGI, SRE, STE, STLD, STT, STX, STZ, SWK, SWKS, SYF, SYK, SYY, T, TAP, TDG, TDY, TECH, TEL, TER, TFC, TFX, TGT, TJX, TMO, TMUS, TPR, TRGP, TRMB, TROW, TRV, TSCO, TSLA, TSN, TT, TTWO, TXN, TXT, TYL, UA, UAA, UAL, UDR, UHS, ULTA, UNH, UNP, UPS, URI, USB, V, VFC, VICI, VLO, VMC, VNO, VRSK, VRSN, VRTX, VST, VTR, VTRS, VZ, WAB, WAT, WBA, WBD, WDAY, WDC, WEC, WELL, WFC, WHR, WLK, WM, WMB, WMT, WRB, WRK, WST, WTW, WY, WYNN, XEL, XOM, XRAY, XYL, YUM, ZBH, ZBRA, ZION, ZTS, SPY, QQQ, IWM, DIA, GLD, SLV, TLT, HYG, LQD, VTI, VOO, VEA, VWO, EFA, EEM, XLF, XLK, XLE, XLV, XLI, XLY, XLP, XLU, XLB, XLRE, PLTR, RIVN, LCID, SOFI, GME, AMC, BB, NOK, COIN, HOOD, ROKU, SNAP, UBER, LYFT, ABNB, DASH, PINS, TWTR, SHOP, SQ, PYPL, AFRM, UPST
2026-07-05 01:54:27 | INFO     | __main__:132 — ============================================================
2026-07-05 01:54:27 | INFO     | __main__:87 — Dashboard started (PID 25668)  →  http://localhost:8050
2026-07-05 01:54:27 | INFO     | __main__:50 — Database schema verified / created.
2026-07-05 01:54:27 | INFO     | sentiment_analysis.ingestion.scheduler:191 — Scheduler configured — RSS every 5m, NLP every 10m, Sentiment every 5m, Finviz prices every 1m, Cleanup daily at midnight ET
2026-07-05 01:54:27 | INFO     | sentiment_analysis.ingestion.scheduler:203 — Scheduler started — running initial ingestion pass.
2026-07-05 01:54:27 | INFO     | sentiment_analysis.ingestion.rss_ingestor:296 — [rss:pr_newswire] Fetching https://www.prnewswire.com/rss/news-releases-list.rss
2026-07-05 01:54:27 | INFO     | sentiment_analysis.ingestion.rss_ingestor:416 — [rss:pr_newswire] Stored 0/20 new articles.
2026-07-05 01:54:27 | INFO     | sentiment_analysis.ingestion.rss_ingestor:296 — [rss:globe_newswire_finance] Fetching https://www.globenewswire.com/RssFeed/subjectcode/15-Financial%20Services
2026-07-05 01:54:27 | INFO     | sentiment_analysis.ingestion.rss_ingestor:416 — [rss:globe_newswire_finance] Stored 0/20 new articles.
2026-07-05 01:54:27 | INFO     | sentiment_analysis.ingestion.rss_ingestor:296 — [rss:globe_newswire_ma] Fetching https://www.globenewswire.com/RssFeed/subjectcode/14-Mergers%20and%20Acquisitions
2026-07-05 01:54:28 | INFO     | sentiment_analysis.ingestion.rss_ingestor:416 — [rss:globe_newswire_ma] Stored 0/20 new articles.
2026-07-05 01:54:28 | INFO     | sentiment_analysis.ingestion.rss_ingestor:296 — [rss:sec_edgar] Fetching https://www.sec.gov/cgi-bin/browse-edgar?action=getcurrent&type=8-K&dateb=&owner=include&count=40&output=atom
2026-07-05 01:54:28 | INFO     | sentiment_analysis.ingestion.rss_ingestor:416 — [rss:sec_edgar] Stored 0/40 new articles.
2026-07-05 01:54:28 | INFO     | sentiment_analysis.ingestion.rss_ingestor:296 — [rss:sec_form4] Fetching https://www.sec.gov/cgi-bin/browse-edgar?action=getcurrent&type=4&dateb=&owner=include&count=40&output=atom
2026-07-05 01:54:28 | INFO     | sentiment_analysis.ingestion.rss_ingestor:416 — [rss:sec_form4] Stored 0/40 new articles.
2026-07-05 01:54:28 | INFO     | sentiment_analysis.ingestion.rss_ingestor:296 — [rss:fda] Fetching https://www.fda.gov/about-fda/contact-fda/stay-informed/rss-feeds/press-releases/rss.xml
2026-07-05 01:54:28 | INFO     | sentiment_analysis.ingestion.rss_ingestor:416 — [rss:fda] Stored 0/20 new articles.
2026-07-05 01:54:28 | DEBUG    | sentiment_analysis.nlp.pipeline:65 — [nlp] No unprocessed articles.
2026-07-05 01:54:28 | DEBUG    | sentiment_analysis.sentiment.pipeline:80 — [sentiment] No unanalyzed articles — pipeline idle.
2026-07-05 01:54:28 | INFO     | sentiment_analysis.ingestion.scheduler:72 — [finviz] Found 5 tickers to fetch from last 24h articles.
2026-07-05 01:54:28 | DEBUG    | sentiment_analysis.ingestion.finviz_ingestor:81 — [finviz] Skipped 3 invalid/blocked tickers.
2026-07-05 01:54:28 | DEBUG    | sentiment_analysis.ingestion.finviz_ingestor:156 — [finviz] DE: 401 Client Error: Unauthorized for url: https://elite.finviz.com/quote_export?t=DE&p=i1&auth=575fb5fb-ba7b-48b2-80c3-0b0465dcbc90
2026-07-05 01:54:29 | DEBUG    | sentiment_analysis.ingestion.finviz_ingestor:156 — [finviz] DAY: 401 Client Error: Unauthorized for url: https://elite.finviz.com/quote_export?t=DAY&p=i1&auth=575fb5fb-ba7b-48b2-80c3-0b0465dcbc90
2026-07-05 01:54:29 | INFO     | sentiment_analysis.ingestion.finviz_ingestor:90 — [finviz] Fetched 0/2 tickers.
2026-07-05 01:54:29 | INFO     | __main__:62 — Ingestion pipeline running.  Press Ctrl+C to stop.
2026-07-05 01:55:27 | INFO     | sentiment_analysis.ingestion.scheduler:72 — [finviz] Found 5 tickers to fetch from last 24h articles.
2026-07-05 01:55:27 | DEBUG    | sentiment_analysis.ingestion.finviz_ingestor:81 — [finviz] Skipped 3 invalid/blocked tickers.
2026-07-05 01:55:27 | DEBUG    | sentiment_analysis.ingestion.finviz_ingestor:156 — [finviz] DE: 401 Client Error: Unauthorized for url: https://elite.finviz.com/quote_export?t=DE&p=i1&auth=575fb5fb-ba7b-48b2-80c3-0b0465dcbc90
2026-07-05 01:55:28 | DEBUG    | sentiment_analysis.ingestion.finviz_ingestor:156 — [finviz] DAY: 401 Client Error: Unauthorized for url: https://elite.finviz.com/quote_export?t=DAY&p=i1&auth=575fb5fb-ba7b-48b2-80c3-0b0465dcbc90
2026-07-05 01:55:28 | INFO     | sentiment_analysis.ingestion.finviz_ingestor:90 — [finviz] Fetched 0/2 tickers.
2026-07-05 01:56:27 | INFO     | sentiment_analysis.ingestion.scheduler:72 — [finviz] Found 5 tickers to fetch from last 24h articles.
2026-07-05 01:56:27 | DEBUG    | sentiment_analysis.ingestion.finviz_ingestor:81 — [finviz] Skipped 3 invalid/blocked tickers.
2026-07-05 01:56:27 | DEBUG    | sentiment_analysis.ingestion.finviz_ingestor:151 — [finviz] DE: added to skip list after 3 failures (401 Client Error: Unauthorized for url: https://elite.finviz.com/quote_export?t=DE&p=i1&auth=575fb5fb-ba7b-48b2-80c3-0b0465dcbc90).
2026-07-05 01:56:28 | DEBUG    | sentiment_analysis.ingestion.finviz_ingestor:151 — [finviz] DAY: added to skip list after 3 failures (401 Client Error: Unauthorized for url: https://elite.finviz.com/quote_export?t=DAY&p=i1&auth=575fb5fb-ba7b-48b2-80c3-0b0465dcbc90).
2026-07-05 01:56:28 | INFO     | sentiment_analysis.ingestion.finviz_ingestor:90 — [finviz] Fetched 0/2 tickers.
2026-07-05 01:56:29 | INFO     | __main__:72 — Pipeline stopped cleanly.
2026-07-05 01:56:29 | INFO     | __main__:148 — Dashboard process terminated.
2026-07-05 02:02:28 | INFO     | __main__:127 — ============================================================
2026-07-05 02:02:28 | INFO     | __main__:128 — Stock Sentiment Analysis — Phase 2 starting
2026-07-05 02:02:28 | INFO     | __main__:129 —   DB URL   : postgresql+asyncpg://postgres:1074@localhost:5432/…
2026-07-05 02:02:28 | INFO     | __main__:130 —   Log level: INFO
2026-07-05 02:02:28 | INFO     | __main__:131 —   Watchlist: A, AAL, AAP, AAPL, ABBV, ABC, ABMD, ABT, ACN, ACGL, ADBE, ADI, ADM, ADP, ADSK, AEE, AEP, AES, AFL, AIG, AIZ, AJG, AKAM, ALB, ALGN, ALK, ALL, ALLE, AMAT, AMCR, AMD, AME, AMGN, AMP, AMT, AMZN, ANET, ANSS, AON, AOS, APA, APD, APH, APTV, ARE, ATO, AVB, AVGO, AVY, AWK, AXP, AXON, AZO, BA, BAC, BALL, BAX, BBWI, BBY, BCR, BDX, BEN, BF.B, BG, BIIB, BIO, BK, BKNG, BKR, BLK, BLDR, BMY, BR, BRO, BSX, BWA, BX, BXP, C, CAG, CAH, CARR, CAT, CB, CBOE, CBRE, CCI, CCL, CDNS, CDW, CE, CEG, CF, CFG, CHD, CHRW, CHTR, CI, CINF, CL, CLX, CMA, CMCSA, CME, CMG, CMI, CMS, CNC, CNP, COF, COO, COP, COR, COST, CPB, CPRT, CPT, CRL, CRM, CSCO, CSGP, CSX, CTAS, CTLT, CTRA, CTSH, CTVA, CVS, CVX, CZR, D, DAL, DAY, DD, DE, DECK, DFS, DG, DGX, DHI, DHR, DIS, DISH, DLR, DLTR, DOC, DOV, DOW, DPZ, DRI, DTE, DUK, DVA, DVN, DXC, DXCM, EA, EBAY, ECL, ED, EFX, EG, EIX, EL, ELV, EMN, EMR, ENPH, EOG, EPAM, EQIX, EQR, EQT, ES, ESS, ETN, ETR, ETSY, EVRG, EW, EXC, EXPD, EXPE, EXR, F, FANG, FAST, FCX, FDS, FDX, FE, FFIV, FI, FICO, FIS, FISV, FITB, FLT, FMC, FOX, FOXA, FRT, FSLR, FTNT, FTV, GD, GE, GDDY, GEHC, GEN, GEV, GILD, GIS, GL, GLW, GM, GNRC, GOOG, GOOGL, GPC, GPN, GPS, GRMN, GS, GWW, HAL, HAS, HBAN, HCA, HD, HES, HIG, HII, HLT, HOLX, HON, HPE, HPQ, HRL, HSIC, HST, HSY, HUBB, HUM, HWM, IBM, ICE, IDXX, IEX, IFF, ILMN, INCY, INTC, INTU, INVH, IP, IPG, IQV, IR, IRM, ISRG, IT, ITW, IVZ, J, JBL, JBHT, JCI, JKHY, JNJ, JNPR, JPM, K, KDP, KEY, KEYS, KHC, KIM, KLAC, KMB, KMI, KMX, KO, KR, KVUE, L, LDOS, LEN, LH, LHX, LIN, LKQ, LLY, LMT, LNC, LNT, LOW, LRCX, LULU, LUMN, LUV, LVS, LW, LYB, LYV, MA, MAA, MAR, MAS, MCD, MCHP, MCK, MCO, MDLZ, MDT, MET, META, MGM, MHK, MKC, MKTX, MLM, MMC, MMM, MNST, MO, MOH, MOS, MPC, MPWR, MRK, MRO, MRNA, MS, MSCI, MSFT, MSI, MTB, MTCH, MTD, MU, NCLH, NDAQ, NDSN, NEE, NEM, NFLX, NI, NKE, NOC, NOW, NRG, NSC, NTAP, NTRS, NUE, NVDA, NVR, NWL, NWS, NWSA, NXPI, O, ODFL, OKE, OMC, ON, ORCL, ORLY, OTIS, OXY, PANW, PARA, PAYC, PAYX, PCAR, PCG, PEAK, PEG, PEP, PFE, PFG, PG, PGR, PH, PHM, PKG, PKI, PLD, PM, PNC, PNR, PNW, PODD, POOL, PPG, PPL, PRU, PSA, PSX, PTC, PTVE, PWR, PXD, PYPL, QCOM, QRVO, RCL, RE, REG, REGN, RF, RHI, RJF, RL, RMD, ROK, ROL, ROP, ROST, RSG, RTX, RVTY, SBAC, SBUX, SCHW, SEE, SHW, SJM, SLB, SNA, SNPS, SO, SOLV, SPG, SPGI, SRE, STE, STLD, STT, STX, STZ, SWK, SWKS, SYF, SYK, SYY, T, TAP, TDG, TDY, TECH, TEL, TER, TFC, TFX, TGT, TJX, TMO, TMUS, TPR, TRGP, TRMB, TROW, TRV, TSCO, TSLA, TSN, TT, TTWO, TXN, TXT, TYL, UA, UAA, UAL, UDR, UHS, ULTA, UNH, UNP, UPS, URI, USB, V, VFC, VICI, VLO, VMC, VNO, VRSK, VRSN, VRTX, VST, VTR, VTRS, VZ, WAB, WAT, WBA, WBD, WDAY, WDC, WEC, WELL, WFC, WHR, WLK, WM, WMB, WMT, WRB, WRK, WST, WTW, WY, WYNN, XEL, XOM, XRAY, XYL, YUM, ZBH, ZBRA, ZION, ZTS, SPY, QQQ, IWM, DIA, GLD, SLV, TLT, HYG, LQD, VTI, VOO, VEA, VWO, EFA, EEM, XLF, XLK, XLE, XLV, XLI, XLY, XLP, XLU, XLB, XLRE, PLTR, RIVN, LCID, SOFI, GME, AMC, BB, NOK, COIN, HOOD, ROKU, SNAP, UBER, LYFT, ABNB, DASH, PINS, TWTR, SHOP, SQ, PYPL, AFRM, UPST
2026-07-05 02:02:28 | INFO     | __main__:132 — ============================================================
2026-07-05 02:02:28 | INFO     | __main__:87 — Dashboard started (PID 29656)  →  http://localhost:8050
2026-07-05 02:02:28 | INFO     | __main__:50 — Database schema verified / created.
2026-07-05 02:02:28 | INFO     | sentiment_analysis.ingestion.scheduler:191 — Scheduler configured — RSS every 5m, NLP every 10m, Sentiment every 5m, Finviz prices every 1m, Cleanup daily at midnight ET
2026-07-05 02:02:28 | INFO     | sentiment_analysis.ingestion.scheduler:203 — Scheduler started — running initial ingestion pass.
2026-07-05 02:02:28 | INFO     | sentiment_analysis.ingestion.rss_ingestor:296 — [rss:pr_newswire] Fetching https://www.prnewswire.com/rss/news-releases-list.rss
2026-07-05 02:02:30 | INFO     | sentiment_analysis.ingestion.rss_ingestor:416 — [rss:pr_newswire] Stored 0/20 new articles.
2026-07-05 02:02:30 | INFO     | sentiment_analysis.ingestion.rss_ingestor:296 — [rss:globe_newswire_finance] Fetching https://www.globenewswire.com/RssFeed/subjectcode/15-Financial%20Services
2026-07-05 02:02:30 | INFO     | sentiment_analysis.ingestion.rss_ingestor:416 — [rss:globe_newswire_finance] Stored 0/20 new articles.
2026-07-05 02:02:30 | INFO     | sentiment_analysis.ingestion.rss_ingestor:296 — [rss:globe_newswire_ma] Fetching https://www.globenewswire.com/RssFeed/subjectcode/14-Mergers%20and%20Acquisitions
2026-07-05 02:02:30 | INFO     | sentiment_analysis.ingestion.rss_ingestor:416 — [rss:globe_newswire_ma] Stored 0/20 new articles.
2026-07-05 02:02:30 | INFO     | sentiment_analysis.ingestion.rss_ingestor:296 — [rss:sec_edgar] Fetching https://www.sec.gov/cgi-bin/browse-edgar?action=getcurrent&type=8-K&dateb=&owner=include&count=40&output=atom
2026-07-05 02:02:30 | INFO     | sentiment_analysis.ingestion.rss_ingestor:416 — [rss:sec_edgar] Stored 0/40 new articles.
2026-07-05 02:02:30 | INFO     | sentiment_analysis.ingestion.rss_ingestor:296 — [rss:sec_form4] Fetching https://www.sec.gov/cgi-bin/browse-edgar?action=getcurrent&type=4&dateb=&owner=include&count=40&output=atom
2026-07-05 02:02:30 | INFO     | sentiment_analysis.ingestion.rss_ingestor:416 — [rss:sec_form4] Stored 0/40 new articles.
2026-07-05 02:02:30 | INFO     | sentiment_analysis.ingestion.rss_ingestor:296 — [rss:fda] Fetching https://www.fda.gov/about-fda/contact-fda/stay-informed/rss-feeds/press-releases/rss.xml
2026-07-05 02:02:30 | INFO     | sentiment_analysis.ingestion.rss_ingestor:416 — [rss:fda] Stored 0/20 new articles.
2026-07-05 02:02:30 | DEBUG    | sentiment_analysis.nlp.pipeline:65 — [nlp] No unprocessed articles.
2026-07-05 02:02:30 | DEBUG    | sentiment_analysis.sentiment.pipeline:80 — [sentiment] No unanalyzed articles — pipeline idle.
2026-07-05 02:02:30 | INFO     | sentiment_analysis.ingestion.scheduler:72 — [finviz] Found 5 tickers to fetch from last 24h articles.
2026-07-05 02:02:30 | DEBUG    | sentiment_analysis.ingestion.finviz_ingestor:81 — [finviz] Skipped 3 invalid/blocked tickers.
2026-07-05 02:02:31 | DEBUG    | sentiment_analysis.ingestion.finviz_ingestor:156 — [finviz] DE: 401 Client Error: Unauthorized for url: https://elite.finviz.com/quote_export?t=DE&p=i1&auth=575fb5fb-ba7b-48b2-80c3-0b0465dcbc90
2026-07-05 02:02:31 | DEBUG    | sentiment_analysis.ingestion.finviz_ingestor:156 — [finviz] DAY: 401 Client Error: Unauthorized for url: https://elite.finviz.com/quote_export?t=DAY&p=i1&auth=575fb5fb-ba7b-48b2-80c3-0b0465dcbc90
2026-07-05 02:02:32 | INFO     | sentiment_analysis.ingestion.finviz_ingestor:90 — [finviz] Fetched 0/2 tickers.
2026-07-05 02:02:32 | INFO     | __main__:62 — Ingestion pipeline running.  Press Ctrl+C to stop.
2026-07-05 02:03:28 | INFO     | sentiment_analysis.ingestion.scheduler:72 — [finviz] Found 5 tickers to fetch from last 24h articles.
2026-07-05 02:03:28 | DEBUG    | sentiment_analysis.ingestion.finviz_ingestor:81 — [finviz] Skipped 3 invalid/blocked tickers.
2026-07-05 02:03:28 | DEBUG    | sentiment_analysis.ingestion.finviz_ingestor:156 — [finviz] DE: 401 Client Error: Unauthorized for url: https://elite.finviz.com/quote_export?t=DE&p=i1&auth=575fb5fb-ba7b-48b2-80c3-0b0465dcbc90
2026-07-05 02:03:28 | DEBUG    | sentiment_analysis.ingestion.finviz_ingestor:156 — [finviz] DAY: 401 Client Error: Unauthorized for url: https://elite.finviz.com/quote_export?t=DAY&p=i1&auth=575fb5fb-ba7b-48b2-80c3-0b0465dcbc90
2026-07-05 02:03:29 | INFO     | sentiment_analysis.ingestion.finviz_ingestor:90 — [finviz] Fetched 0/2 tickers.
2026-07-05 02:04:28 | INFO     | sentiment_analysis.ingestion.scheduler:72 — [finviz] Found 5 tickers to fetch from last 24h articles.
2026-07-05 02:04:28 | DEBUG    | sentiment_analysis.ingestion.finviz_ingestor:81 — [finviz] Skipped 3 invalid/blocked tickers.
2026-07-05 02:04:28 | DEBUG    | sentiment_analysis.ingestion.finviz_ingestor:151 — [finviz] DE: added to skip list after 3 failures (401 Client Error: Unauthorized for url: https://elite.finviz.com/quote_export?t=DE&p=i1&auth=575fb5fb-ba7b-48b2-80c3-0b0465dcbc90).
2026-07-05 02:04:29 | DEBUG    | sentiment_analysis.ingestion.finviz_ingestor:151 — [finviz] DAY: added to skip list after 3 failures (401 Client Error: Unauthorized for url: https://elite.finviz.com/quote_export?t=DAY&p=i1&auth=575fb5fb-ba7b-48b2-80c3-0b0465dcbc90).
2026-07-05 02:04:29 | INFO     | sentiment_analysis.ingestion.finviz_ingestor:90 — [finviz] Fetched 0/2 tickers.
2026-07-05 02:05:28 | INFO     | sentiment_analysis.ingestion.scheduler:72 — [finviz] Found 5 tickers to fetch from last 24h articles.
2026-07-05 02:05:28 | DEBUG    | sentiment_analysis.ingestion.finviz_ingestor:81 — [finviz] Skipped 5 invalid/blocked tickers.
2026-07-05 02:05:28 | INFO     | sentiment_analysis.ingestion.finviz_ingestor:90 — [finviz] Fetched 0/0 tickers.
2026-07-05 02:06:28 | INFO     | sentiment_analysis.ingestion.scheduler:72 — [finviz] Found 5 tickers to fetch from last 24h articles.
2026-07-05 02:06:28 | DEBUG    | sentiment_analysis.ingestion.finviz_ingestor:81 — [finviz] Skipped 5 invalid/blocked tickers.
2026-07-05 02:06:28 | INFO     | sentiment_analysis.ingestion.finviz_ingestor:90 — [finviz] Fetched 0/0 tickers.
2026-07-05 02:07:28 | INFO     | sentiment_analysis.ingestion.rss_ingestor:296 — [rss:pr_newswire] Fetching https://www.prnewswire.com/rss/news-releases-list.rss
2026-07-05 02:07:29 | INFO     | sentiment_analysis.ingestion.rss_ingestor:416 — [rss:pr_newswire] Stored 0/20 new articles.
2026-07-05 02:07:29 | INFO     | sentiment_analysis.ingestion.rss_ingestor:296 — [rss:globe_newswire_finance] Fetching https://www.globenewswire.com/RssFeed/subjectcode/15-Financial%20Services
2026-07-05 02:07:29 | INFO     | sentiment_analysis.ingestion.rss_ingestor:416 — [rss:globe_newswire_finance] Stored 0/20 new articles.
2026-07-05 02:07:29 | INFO     | sentiment_analysis.ingestion.rss_ingestor:296 — [rss:globe_newswire_ma] Fetching https://www.globenewswire.com/RssFeed/subjectcode/14-Mergers%20and%20Acquisitions
2026-07-05 02:07:30 | INFO     | sentiment_analysis.ingestion.rss_ingestor:416 — [rss:globe_newswire_ma] Stored 0/20 new articles.
2026-07-05 02:07:30 | INFO     | sentiment_analysis.ingestion.rss_ingestor:296 — [rss:sec_edgar] Fetching https://www.sec.gov/cgi-bin/browse-edgar?action=getcurrent&type=8-K&dateb=&owner=include&count=40&output=atom
2026-07-05 02:07:30 | INFO     | sentiment_analysis.ingestion.scheduler:72 — [finviz] Found 5 tickers to fetch from last 24h articles.
2026-07-05 02:07:30 | DEBUG    | sentiment_analysis.ingestion.finviz_ingestor:81 — [finviz] Skipped 5 invalid/blocked tickers.
2026-07-05 02:07:30 | INFO     | sentiment_analysis.ingestion.finviz_ingestor:90 — [finviz] Fetched 0/0 tickers.
2026-07-05 02:07:30 | INFO     | sentiment_analysis.ingestion.rss_ingestor:416 — [rss:sec_edgar] Stored 0/40 new articles.
2026-07-05 02:07:30 | INFO     | sentiment_analysis.ingestion.rss_ingestor:296 — [rss:sec_form4] Fetching https://www.sec.gov/cgi-bin/browse-edgar?action=getcurrent&type=4&dateb=&owner=include&count=40&output=atom
2026-07-05 02:07:30 | INFO     | sentiment_analysis.ingestion.rss_ingestor:416 — [rss:sec_form4] Stored 0/40 new articles.
2026-07-05 02:07:30 | INFO     | sentiment_analysis.ingestion.rss_ingestor:296 — [rss:fda] Fetching https://www.fda.gov/about-fda/contact-fda/stay-informed/rss-feeds/press-releases/rss.xml
2026-07-05 02:07:30 | DEBUG    | sentiment_analysis.sentiment.pipeline:80 — [sentiment] No unanalyzed articles — pipeline idle.
2026-07-05 02:07:30 | INFO     | sentiment_analysis.ingestion.rss_ingestor:416 — [rss:fda] Stored 0/20 new articles.
2026-07-05 02:08:28 | INFO     | sentiment_analysis.ingestion.scheduler:72 — [finviz] Found 5 tickers to fetch from last 24h articles.
2026-07-05 02:08:28 | DEBUG    | sentiment_analysis.ingestion.finviz_ingestor:81 — [finviz] Skipped 5 invalid/blocked tickers.
2026-07-05 02:08:28 | INFO     | sentiment_analysis.ingestion.finviz_ingestor:90 — [finviz] Fetched 0/0 tickers.
2026-07-05 02:09:28 | INFO     | sentiment_analysis.ingestion.scheduler:72 — [finviz] Found 5 tickers to fetch from last 24h articles.
2026-07-05 02:09:28 | DEBUG    | sentiment_analysis.ingestion.finviz_ingestor:81 — [finviz] Skipped 5 invalid/blocked tickers.
2026-07-05 02:09:28 | INFO     | sentiment_analysis.ingestion.finviz_ingestor:90 — [finviz] Fetched 0/0 tickers.
2026-07-05 02:10:28 | INFO     | sentiment_analysis.ingestion.scheduler:72 — [finviz] Found 5 tickers to fetch from last 24h articles.
2026-07-05 02:10:28 | DEBUG    | sentiment_analysis.ingestion.finviz_ingestor:81 — [finviz] Skipped 5 invalid/blocked tickers.
2026-07-05 02:10:28 | INFO     | sentiment_analysis.ingestion.finviz_ingestor:90 — [finviz] Fetched 0/0 tickers.
2026-07-05 02:11:28 | INFO     | sentiment_analysis.ingestion.scheduler:72 — [finviz] Found 5 tickers to fetch from last 24h articles.
2026-07-05 02:11:28 | DEBUG    | sentiment_analysis.ingestion.finviz_ingestor:81 — [finviz] Skipped 5 invalid/blocked tickers.
2026-07-05 02:11:28 | INFO     | sentiment_analysis.ingestion.finviz_ingestor:90 — [finviz] Fetched 0/0 tickers.
2026-07-05 02:11:29 | INFO     | __main__:72 — Pipeline stopped cleanly.
2026-07-05 02:11:29 | INFO     | __main__:148 — Dashboard process terminated.
2026-07-05 02:14:11 | INFO     | __main__:127 — ============================================================
2026-07-05 02:14:11 | INFO     | __main__:128 — Stock Sentiment Analysis — Phase 2 starting
2026-07-05 02:14:11 | INFO     | __main__:129 —   DB URL   : postgresql+asyncpg://postgres:1074@localhost:5432/…
2026-07-05 02:14:11 | INFO     | __main__:130 —   Log level: INFO
2026-07-05 02:14:11 | INFO     | __main__:131 —   Watchlist: A, AAL, AAP, AAPL, ABBV, ABC, ABMD, ABT, ACN, ACGL, ADBE, ADI, ADM, ADP, ADSK, AEE, AEP, AES, AFL, AIG, AIZ, AJG, AKAM, ALB, ALGN, ALK, ALL, ALLE, AMAT, AMCR, AMD, AME, AMGN, AMP, AMT, AMZN, ANET, ANSS, AON, AOS, APA, APD, APH, APTV, ARE, ATO, AVB, AVGO, AVY, AWK, AXP, AXON, AZO, BA, BAC, BALL, BAX, BBWI, BBY, BCR, BDX, BEN, BF.B, BG, BIIB, BIO, BK, BKNG, BKR, BLK, BLDR, BMY, BR, BRO, BSX, BWA, BX, BXP, C, CAG, CAH, CARR, CAT, CB, CBOE, CBRE, CCI, CCL, CDNS, CDW, CE, CEG, CF, CFG, CHD, CHRW, CHTR, CI, CINF, CL, CLX, CMA, CMCSA, CME, CMG, CMI, CMS, CNC, CNP, COF, COO, COP, COR, COST, CPB, CPRT, CPT, CRL, CRM, CSCO, CSGP, CSX, CTAS, CTLT, CTRA, CTSH, CTVA, CVS, CVX, CZR, D, DAL, DAY, DD, DE, DECK, DFS, DG, DGX, DHI, DHR, DIS, DISH, DLR, DLTR, DOC, DOV, DOW, DPZ, DRI, DTE, DUK, DVA, DVN, DXC, DXCM, EA, EBAY, ECL, ED, EFX, EG, EIX, EL, ELV, EMN, EMR, ENPH, EOG, EPAM, EQIX, EQR, EQT, ES, ESS, ETN, ETR, ETSY, EVRG, EW, EXC, EXPD, EXPE, EXR, F, FANG, FAST, FCX, FDS, FDX, FE, FFIV, FI, FICO, FIS, FISV, FITB, FLT, FMC, FOX, FOXA, FRT, FSLR, FTNT, FTV, GD, GE, GDDY, GEHC, GEN, GEV, GILD, GIS, GL, GLW, GM, GNRC, GOOG, GOOGL, GPC, GPN, GPS, GRMN, GS, GWW, HAL, HAS, HBAN, HCA, HD, HES, HIG, HII, HLT, HOLX, HON, HPE, HPQ, HRL, HSIC, HST, HSY, HUBB, HUM, HWM, IBM, ICE, IDXX, IEX, IFF, ILMN, INCY, INTC, INTU, INVH, IP, IPG, IQV, IR, IRM, ISRG, IT, ITW, IVZ, J, JBL, JBHT, JCI, JKHY, JNJ, JNPR, JPM, K, KDP, KEY, KEYS, KHC, KIM, KLAC, KMB, KMI, KMX, KO, KR, KVUE, L, LDOS, LEN, LH, LHX, LIN, LKQ, LLY, LMT, LNC, LNT, LOW, LRCX, LULU, LUMN, LUV, LVS, LW, LYB, LYV, MA, MAA, MAR, MAS, MCD, MCHP, MCK, MCO, MDLZ, MDT, MET, META, MGM, MHK, MKC, MKTX, MLM, MMC, MMM, MNST, MO, MOH, MOS, MPC, MPWR, MRK, MRO, MRNA, MS, MSCI, MSFT, MSI, MTB, MTCH, MTD, MU, NCLH, NDAQ, NDSN, NEE, NEM, NFLX, NI, NKE, NOC, NOW, NRG, NSC, NTAP, NTRS, NUE, NVDA, NVR, NWL, NWS, NWSA, NXPI, O, ODFL, OKE, OMC, ON, ORCL, ORLY, OTIS, OXY, PANW, PARA, PAYC, PAYX, PCAR, PCG, PEAK, PEG, PEP, PFE, PFG, PG, PGR, PH, PHM, PKG, PKI, PLD, PM, PNC, PNR, PNW, PODD, POOL, PPG, PPL, PRU, PSA, PSX, PTC, PTVE, PWR, PXD, PYPL, QCOM, QRVO, RCL, RE, REG, REGN, RF, RHI, RJF, RL, RMD, ROK, ROL, ROP, ROST, RSG, RTX, RVTY, SBAC, SBUX, SCHW, SEE, SHW, SJM, SLB, SNA, SNPS, SO, SOLV, SPG, SPGI, SRE, STE, STLD, STT, STX, STZ, SWK, SWKS, SYF, SYK, SYY, T, TAP, TDG, TDY, TECH, TEL, TER, TFC, TFX, TGT, TJX, TMO, TMUS, TPR, TRGP, TRMB, TROW, TRV, TSCO, TSLA, TSN, TT, TTWO, TXN, TXT, TYL, UA, UAA, UAL, UDR, UHS, ULTA, UNH, UNP, UPS, URI, USB, V, VFC, VICI, VLO, VMC, VNO, VRSK, VRSN, VRTX, VST, VTR, VTRS, VZ, WAB, WAT, WBA, WBD, WDAY, WDC, WEC, WELL, WFC, WHR, WLK, WM, WMB, WMT, WRB, WRK, WST, WTW, WY, WYNN, XEL, XOM, XRAY, XYL, YUM, ZBH, ZBRA, ZION, ZTS, SPY, QQQ, IWM, DIA, GLD, SLV, TLT, HYG, LQD, VTI, VOO, VEA, VWO, EFA, EEM, XLF, XLK, XLE, XLV, XLI, XLY, XLP, XLU, XLB, XLRE, PLTR, RIVN, LCID, SOFI, GME, AMC, BB, NOK, COIN, HOOD, ROKU, SNAP, UBER, LYFT, ABNB, DASH, PINS, TWTR, SHOP, SQ, PYPL, AFRM, UPST
2026-07-05 02:14:11 | INFO     | __main__:132 — ============================================================
2026-07-05 02:14:11 | INFO     | __main__:87 — Dashboard started (PID 24116)  →  http://localhost:8050
2026-07-05 02:14:11 | INFO     | __main__:50 — Database schema verified / created.
2026-07-05 02:14:11 | INFO     | sentiment_analysis.ingestion.scheduler:191 — Scheduler configured — RSS every 5m, NLP every 10m, Sentiment every 5m, Finviz prices every 1m, Cleanup daily at midnight ET
2026-07-05 02:14:11 | INFO     | sentiment_analysis.ingestion.scheduler:203 — Scheduler started — running initial ingestion pass.
2026-07-05 02:14:11 | INFO     | sentiment_analysis.ingestion.rss_ingestor:296 — [rss:pr_newswire] Fetching https://www.prnewswire.com/rss/news-releases-list.rss
2026-07-05 02:14:13 | INFO     | sentiment_analysis.ingestion.rss_ingestor:416 — [rss:pr_newswire] Stored 0/20 new articles.
2026-07-05 02:14:13 | INFO     | sentiment_analysis.ingestion.rss_ingestor:296 — [rss:globe_newswire_finance] Fetching https://www.globenewswire.com/RssFeed/subjectcode/15-Financial%20Services
2026-07-05 02:14:13 | INFO     | sentiment_analysis.ingestion.rss_ingestor:416 — [rss:globe_newswire_finance] Stored 0/20 new articles.
2026-07-05 02:14:13 | INFO     | sentiment_analysis.ingestion.rss_ingestor:296 — [rss:globe_newswire_ma] Fetching https://www.globenewswire.com/RssFeed/subjectcode/14-Mergers%20and%20Acquisitions
2026-07-05 02:14:13 | INFO     | sentiment_analysis.ingestion.rss_ingestor:416 — [rss:globe_newswire_ma] Stored 0/20 new articles.
2026-07-05 02:14:13 | INFO     | sentiment_analysis.ingestion.rss_ingestor:296 — [rss:sec_edgar] Fetching https://www.sec.gov/cgi-bin/browse-edgar?action=getcurrent&type=8-K&dateb=&owner=include&count=40&output=atom
2026-07-05 02:14:13 | INFO     | sentiment_analysis.ingestion.rss_ingestor:416 — [rss:sec_edgar] Stored 0/40 new articles.
2026-07-05 02:14:13 | INFO     | sentiment_analysis.ingestion.rss_ingestor:296 — [rss:sec_form4] Fetching https://www.sec.gov/cgi-bin/browse-edgar?action=getcurrent&type=4&dateb=&owner=include&count=40&output=atom
2026-07-05 02:14:13 | INFO     | sentiment_analysis.ingestion.rss_ingestor:416 — [rss:sec_form4] Stored 0/40 new articles.
2026-07-05 02:14:13 | INFO     | sentiment_analysis.ingestion.rss_ingestor:296 — [rss:fda] Fetching https://www.fda.gov/about-fda/contact-fda/stay-informed/rss-feeds/press-releases/rss.xml
2026-07-05 02:14:13 | INFO     | sentiment_analysis.ingestion.rss_ingestor:416 — [rss:fda] Stored 0/20 new articles.
2026-07-05 02:14:13 | DEBUG    | sentiment_analysis.nlp.pipeline:65 — [nlp] No unprocessed articles.
2026-07-05 02:14:13 | DEBUG    | sentiment_analysis.sentiment.pipeline:80 — [sentiment] No unanalyzed articles — pipeline idle.
2026-07-05 02:14:13 | INFO     | sentiment_analysis.ingestion.scheduler:72 — [finviz] Found 5 tickers to fetch from last 24h articles.
2026-07-05 02:14:13 | DEBUG    | sentiment_analysis.ingestion.finviz_ingestor:81 — [finviz] Skipped 3 invalid/blocked tickers.
2026-07-05 02:14:14 | DEBUG    | sentiment_analysis.ingestion.finviz_ingestor:156 — [finviz] DE: 401 Client Error: Unauthorized for url: https://elite.finviz.com/quote_export?t=DE&p=i1&auth=575fb5fb-ba7b-48b2-80c3-0b0465dcbc90
2026-07-05 02:14:14 | DEBUG    | sentiment_analysis.ingestion.finviz_ingestor:156 — [finviz] DAY: 401 Client Error: Unauthorized for url: https://elite.finviz.com/quote_export?t=DAY&p=i1&auth=575fb5fb-ba7b-48b2-80c3-0b0465dcbc90
2026-07-05 02:14:15 | INFO     | sentiment_analysis.ingestion.finviz_ingestor:90 — [finviz] Fetched 0/2 tickers.
2026-07-05 02:14:15 | INFO     | __main__:62 — Ingestion pipeline running.  Press Ctrl+C to stop.
2026-07-05 02:15:11 | INFO     | sentiment_analysis.ingestion.scheduler:72 — [finviz] Found 5 tickers to fetch from last 24h articles.
2026-07-05 02:15:11 | DEBUG    | sentiment_analysis.ingestion.finviz_ingestor:81 — [finviz] Skipped 3 invalid/blocked tickers.
2026-07-05 02:15:11 | DEBUG    | sentiment_analysis.ingestion.finviz_ingestor:156 — [finviz] DE: 401 Client Error: Unauthorized for url: https://elite.finviz.com/quote_export?t=DE&p=i1&auth=575fb5fb-ba7b-48b2-80c3-0b0465dcbc90
2026-07-05 02:15:12 | DEBUG    | sentiment_analysis.ingestion.finviz_ingestor:156 — [finviz] DAY: 401 Client Error: Unauthorized for url: https://elite.finviz.com/quote_export?t=DAY&p=i1&auth=575fb5fb-ba7b-48b2-80c3-0b0465dcbc90
2026-07-05 02:15:12 | INFO     | sentiment_analysis.ingestion.finviz_ingestor:90 — [finviz] Fetched 0/2 tickers.
2026-07-05 02:15:28 | INFO     | __main__:72 — Pipeline stopped cleanly.
2026-07-05 02:15:28 | INFO     | __main__:148 — Dashboard process terminated.
2026-07-05 13:13:13 | INFO     | __main__:127 — ============================================================
2026-07-05 13:13:13 | INFO     | __main__:128 — Stock Sentiment Analysis — Phase 2 starting
2026-07-05 13:13:13 | INFO     | __main__:129 —   DB URL   : postgresql+asyncpg://postgres:1074@localhost:5432/…
2026-07-05 13:13:13 | INFO     | __main__:130 —   Log level: INFO
2026-07-05 13:13:13 | INFO     | __main__:131 —   Watchlist: A, AAL, AAP, AAPL, ABBV, ABC, ABMD, ABT, ACN, ACGL, ADBE, ADI, ADM, ADP, ADSK, AEE, AEP, AES, AFL, AIG, AIZ, AJG, AKAM, ALB, ALGN, ALK, ALL, ALLE, AMAT, AMCR, AMD, AME, AMGN, AMP, AMT, AMZN, ANET, ANSS, AON, AOS, APA, APD, APH, APTV, ARE, ATO, AVB, AVGO, AVY, AWK, AXP, AXON, AZO, BA, BAC, BALL, BAX, BBWI, BBY, BCR, BDX, BEN, BF.B, BG, BIIB, BIO, BK, BKNG, BKR, BLK, BLDR, BMY, BR, BRO, BSX, BWA, BX, BXP, C, CAG, CAH, CARR, CAT, CB, CBOE, CBRE, CCI, CCL, CDNS, CDW, CE, CEG, CF, CFG, CHD, CHRW, CHTR, CI, CINF, CL, CLX, CMA, CMCSA, CME, CMG, CMI, CMS, CNC, CNP, COF, COO, COP, COR, COST, CPB, CPRT, CPT, CRL, CRM, CSCO, CSGP, CSX, CTAS, CTLT, CTRA, CTSH, CTVA, CVS, CVX, CZR, D, DAL, DAY, DD, DE, DECK, DFS, DG, DGX, DHI, DHR, DIS, DISH, DLR, DLTR, DOC, DOV, DOW, DPZ, DRI, DTE, DUK, DVA, DVN, DXC, DXCM, EA, EBAY, ECL, ED, EFX, EG, EIX, EL, ELV, EMN, EMR, ENPH, EOG, EPAM, EQIX, EQR, EQT, ES, ESS, ETN, ETR, ETSY, EVRG, EW, EXC, EXPD, EXPE, EXR, F, FANG, FAST, FCX, FDS, FDX, FE, FFIV, FI, FICO, FIS, FISV, FITB, FLT, FMC, FOX, FOXA, FRT, FSLR, FTNT, FTV, GD, GE, GDDY, GEHC, GEN, GEV, GILD, GIS, GL, GLW, GM, GNRC, GOOG, GOOGL, GPC, GPN, GPS, GRMN, GS, GWW, HAL, HAS, HBAN, HCA, HD, HES, HIG, HII, HLT, HOLX, HON, HPE, HPQ, HRL, HSIC, HST, HSY, HUBB, HUM, HWM, IBM, ICE, IDXX, IEX, IFF, ILMN, INCY, INTC, INTU, INVH, IP, IPG, IQV, IR, IRM, ISRG, IT, ITW, IVZ, J, JBL, JBHT, JCI, JKHY, JNJ, JNPR, JPM, K, KDP, KEY, KEYS, KHC, KIM, KLAC, KMB, KMI, KMX, KO, KR, KVUE, L, LDOS, LEN, LH, LHX, LIN, LKQ, LLY, LMT, LNC, LNT, LOW, LRCX, LULU, LUMN, LUV, LVS, LW, LYB, LYV, MA, MAA, MAR, MAS, MCD, MCHP, MCK, MCO, MDLZ, MDT, MET, META, MGM, MHK, MKC, MKTX, MLM, MMC, MMM, MNST, MO, MOH, MOS, MPC, MPWR, MRK, MRO, MRNA, MS, MSCI, MSFT, MSI, MTB, MTCH, MTD, MU, NCLH, NDAQ, NDSN, NEE, NEM, NFLX, NI, NKE, NOC, NOW, NRG, NSC, NTAP, NTRS, NUE, NVDA, NVR, NWL, NWS, NWSA, NXPI, O, ODFL, OKE, OMC, ON, ORCL, ORLY, OTIS, OXY, PANW, PARA, PAYC, PAYX, PCAR, PCG, PEAK, PEG, PEP, PFE, PFG, PG, PGR, PH, PHM, PKG, PKI, PLD, PM, PNC, PNR, PNW, PODD, POOL, PPG, PPL, PRU, PSA, PSX, PTC, PTVE, PWR, PXD, PYPL, QCOM, QRVO, RCL, RE, REG, REGN, RF, RHI, RJF, RL, RMD, ROK, ROL, ROP, ROST, RSG, RTX, RVTY, SBAC, SBUX, SCHW, SEE, SHW, SJM, SLB, SNA, SNPS, SO, SOLV, SPG, SPGI, SRE, STE, STLD, STT, STX, STZ, SWK, SWKS, SYF, SYK, SYY, T, TAP, TDG, TDY, TECH, TEL, TER, TFC, TFX, TGT, TJX, TMO, TMUS, TPR, TRGP, TRMB, TROW, TRV, TSCO, TSLA, TSN, TT, TTWO, TXN, TXT, TYL, UA, UAA, UAL, UDR, UHS, ULTA, UNH, UNP, UPS, URI, USB, V, VFC, VICI, VLO, VMC, VNO, VRSK, VRSN, VRTX, VST, VTR, VTRS, VZ, WAB, WAT, WBA, WBD, WDAY, WDC, WEC, WELL, WFC, WHR, WLK, WM, WMB, WMT, WRB, WRK, WST, WTW, WY, WYNN, XEL, XOM, XRAY, XYL, YUM, ZBH, ZBRA, ZION, ZTS, SPY, QQQ, IWM, DIA, GLD, SLV, TLT, HYG, LQD, VTI, VOO, VEA, VWO, EFA, EEM, XLF, XLK, XLE, XLV, XLI, XLY, XLP, XLU, XLB, XLRE, PLTR, RIVN, LCID, SOFI, GME, AMC, BB, NOK, COIN, HOOD, ROKU, SNAP, UBER, LYFT, ABNB, DASH, PINS, TWTR, SHOP, SQ, PYPL, AFRM, UPST
2026-07-05 13:13:13 | INFO     | __main__:132 — ============================================================
2026-07-05 13:13:13 | INFO     | __main__:87 — Dashboard started (PID 28048)  →  http://localhost:8050
2026-07-05 13:13:13 | INFO     | __main__:50 — Database schema verified / created.
2026-07-05 13:13:13 | INFO     | sentiment_analysis.ingestion.scheduler:191 — Scheduler configured — RSS every 5m, NLP every 10m, Sentiment every 5m, Finviz prices every 1m, Cleanup daily at midnight ET
2026-07-05 13:13:13 | INFO     | sentiment_analysis.ingestion.scheduler:203 — Scheduler started — running initial ingestion pass.
2026-07-05 13:13:13 | INFO     | sentiment_analysis.ingestion.rss_ingestor:296 — [rss:pr_newswire] Fetching https://www.prnewswire.com/rss/news-releases-list.rss
2026-07-05 13:13:14 | INFO     | sentiment_analysis.ingestion.rss_ingestor:416 — [rss:pr_newswire] Stored 3/20 new articles.
2026-07-05 13:13:14 | INFO     | sentiment_analysis.ingestion.rss_ingestor:296 — [rss:globe_newswire_finance] Fetching https://www.globenewswire.com/RssFeed/subjectcode/15-Financial%20Services
2026-07-05 13:13:14 | INFO     | sentiment_analysis.ingestion.rss_ingestor:416 — [rss:globe_newswire_finance] Stored 0/20 new articles.
2026-07-05 13:13:14 | INFO     | sentiment_analysis.ingestion.rss_ingestor:296 — [rss:globe_newswire_ma] Fetching https://www.globenewswire.com/RssFeed/subjectcode/14-Mergers%20and%20Acquisitions
2026-07-05 13:13:14 | INFO     | sentiment_analysis.ingestion.rss_ingestor:416 — [rss:globe_newswire_ma] Stored 0/20 new articles.
2026-07-05 13:13:14 | INFO     | sentiment_analysis.ingestion.rss_ingestor:296 — [rss:sec_edgar] Fetching https://www.sec.gov/cgi-bin/browse-edgar?action=getcurrent&type=8-K&dateb=&owner=include&count=40&output=atom
2026-07-05 13:13:14 | INFO     | sentiment_analysis.ingestion.rss_ingestor:416 — [rss:sec_edgar] Stored 0/40 new articles.
2026-07-05 13:13:14 | INFO     | sentiment_analysis.ingestion.rss_ingestor:296 — [rss:sec_form4] Fetching https://www.sec.gov/cgi-bin/browse-edgar?action=getcurrent&type=4&dateb=&owner=include&count=40&output=atom
2026-07-05 13:13:14 | INFO     | sentiment_analysis.ingestion.rss_ingestor:416 — [rss:sec_form4] Stored 0/40 new articles.
2026-07-05 13:13:14 | INFO     | sentiment_analysis.ingestion.rss_ingestor:296 — [rss:fda] Fetching https://www.fda.gov/about-fda/contact-fda/stay-informed/rss-feeds/press-releases/rss.xml
2026-07-05 13:13:15 | INFO     | sentiment_analysis.ingestion.rss_ingestor:416 — [rss:fda] Stored 0/20 new articles.
2026-07-05 13:13:17 | INFO     | sentiment_analysis.nlp.pipeline:130 — [nlp] Batch complete — processed 3/3 articles
2026-07-05 13:13:17 | INFO     | sentiment_analysis.sentiment.pipeline:126 — [sentiment] Analyzing 3 articles via Gemini.
2026-07-05 13:13:23 | INFO     | sentiment_analysis.sentiment.pipeline:159 — [sentiment] Stored 1 results.
2026-07-05 13:13:23 | INFO     | sentiment_analysis.ingestion.scheduler:72 — [finviz] Found 6 tickers to fetch from last 24h articles.
2026-07-05 13:13:23 | DEBUG    | sentiment_analysis.ingestion.finviz_ingestor:81 — [finviz] Skipped 3 invalid/blocked tickers.
2026-07-05 13:13:23 | DEBUG    | sentiment_analysis.ingestion.finviz_ingestor:156 — [finviz] DE: 401 Client Error: Unauthorized for url: https://elite.finviz.com/quote_export?t=DE&p=i1&auth=575fb5fb-ba7b-48b2-80c3-0b0465dcbc90
2026-07-05 13:13:23 | DEBUG    | sentiment_analysis.ingestion.finviz_ingestor:156 — [finviz] DAY: 401 Client Error: Unauthorized for url: https://elite.finviz.com/quote_export?t=DAY&p=i1&auth=575fb5fb-ba7b-48b2-80c3-0b0465dcbc90
2026-07-05 13:13:24 | DEBUG    | sentiment_analysis.ingestion.finviz_ingestor:156 — [finviz] PRU: 401 Client Error: Unauthorized for url: https://elite.finviz.com/quote_export?t=PRU&p=i1&auth=575fb5fb-ba7b-48b2-80c3-0b0465dcbc90
2026-07-05 13:13:24 | INFO     | sentiment_analysis.ingestion.finviz_ingestor:90 — [finviz] Fetched 0/3 tickers.
2026-07-05 13:13:24 | INFO     | __main__:62 — Ingestion pipeline running.  Press Ctrl+C to stop.
2026-07-05 13:14:13 | INFO     | sentiment_analysis.ingestion.scheduler:72 — [finviz] Found 6 tickers to fetch from last 24h articles.
2026-07-05 13:14:13 | DEBUG    | sentiment_analysis.ingestion.finviz_ingestor:81 — [finviz] Skipped 3 invalid/blocked tickers.
2026-07-05 13:14:13 | DEBUG    | sentiment_analysis.ingestion.finviz_ingestor:156 — [finviz] DE: 401 Client Error: Unauthorized for url: https://elite.finviz.com/quote_export?t=DE&p=i1&auth=575fb5fb-ba7b-48b2-80c3-0b0465dcbc90
2026-07-05 13:14:14 | DEBUG    | sentiment_analysis.ingestion.finviz_ingestor:156 — [finviz] DAY: 401 Client Error: Unauthorized for url: https://elite.finviz.com/quote_export?t=DAY&p=i1&auth=575fb5fb-ba7b-48b2-80c3-0b0465dcbc90
2026-07-05 13:14:14 | DEBUG    | sentiment_analysis.ingestion.finviz_ingestor:156 — [finviz] PRU: 401 Client Error: Unauthorized for url: https://elite.finviz.com/quote_export?t=PRU&p=i1&auth=575fb5fb-ba7b-48b2-80c3-0b0465dcbc90
2026-07-05 13:14:15 | INFO     | sentiment_analysis.ingestion.finviz_ingestor:90 — [finviz] Fetched 0/3 tickers.
2026-07-05 13:15:13 | INFO     | sentiment_analysis.ingestion.scheduler:72 — [finviz] Found 6 tickers to fetch from last 24h articles.
2026-07-05 13:15:13 | DEBUG    | sentiment_analysis.ingestion.finviz_ingestor:81 — [finviz] Skipped 3 invalid/blocked tickers.
2026-07-05 13:15:13 | DEBUG    | sentiment_analysis.ingestion.finviz_ingestor:151 — [finviz] DE: added to skip list after 3 failures (401 Client Error: Unauthorized for url: https://elite.finviz.com/quote_export?t=DE&p=i1&auth=575fb5fb-ba7b-48b2-80c3-0b0465dcbc90).
2026-07-05 13:15:14 | DEBUG    | sentiment_analysis.ingestion.finviz_ingestor:151 — [finviz] DAY: added to skip list after 3 failures (401 Client Error: Unauthorized for url: https://elite.finviz.com/quote_export?t=DAY&p=i1&auth=575fb5fb-ba7b-48b2-80c3-0b0465dcbc90).
2026-07-05 13:15:14 | DEBUG    | sentiment_analysis.ingestion.finviz_ingestor:151 — [finviz] PRU: added to skip list after 3 failures (401 Client Error: Unauthorized for url: https://elite.finviz.com/quote_export?t=PRU&p=i1&auth=575fb5fb-ba7b-48b2-80c3-0b0465dcbc90).
2026-07-05 13:15:15 | INFO     | sentiment_analysis.ingestion.finviz_ingestor:90 — [finviz] Fetched 0/3 tickers.
2026-07-05 13:16:13 | INFO     | sentiment_analysis.ingestion.scheduler:72 — [finviz] Found 6 tickers to fetch from last 24h articles.
2026-07-05 13:16:13 | DEBUG    | sentiment_analysis.ingestion.finviz_ingestor:81 — [finviz] Skipped 6 invalid/blocked tickers.
2026-07-05 13:16:13 | INFO     | sentiment_analysis.ingestion.finviz_ingestor:90 — [finviz] Fetched 0/0 tickers.
2026-07-05 13:17:13 | INFO     | sentiment_analysis.ingestion.scheduler:72 — [finviz] Found 6 tickers to fetch from last 24h articles.
2026-07-05 13:17:13 | DEBUG    | sentiment_analysis.ingestion.finviz_ingestor:81 — [finviz] Skipped 6 invalid/blocked tickers.
2026-07-05 13:17:13 | INFO     | sentiment_analysis.ingestion.finviz_ingestor:90 — [finviz] Fetched 0/0 tickers.
2026-07-05 13:18:13 | INFO     | sentiment_analysis.ingestion.rss_ingestor:296 — [rss:pr_newswire] Fetching https://www.prnewswire.com/rss/news-releases-list.rss
2026-07-05 13:18:13 | INFO     | sentiment_analysis.ingestion.rss_ingestor:416 — [rss:pr_newswire] Stored 0/20 new articles.
2026-07-05 13:18:13 | INFO     | sentiment_analysis.ingestion.rss_ingestor:296 — [rss:globe_newswire_finance] Fetching https://www.globenewswire.com/RssFeed/subjectcode/15-Financial%20Services
2026-07-05 13:18:14 | INFO     | sentiment_analysis.ingestion.rss_ingestor:416 — [rss:globe_newswire_finance] Stored 0/20 new articles.
2026-07-05 13:18:14 | INFO     | sentiment_analysis.ingestion.rss_ingestor:296 — [rss:globe_newswire_ma] Fetching https://www.globenewswire.com/RssFeed/subjectcode/14-Mergers%20and%20Acquisitions
2026-07-05 13:18:14 | INFO     | sentiment_analysis.ingestion.scheduler:72 — [finviz] Found 6 tickers to fetch from last 24h articles.
2026-07-05 13:18:14 | DEBUG    | sentiment_analysis.ingestion.finviz_ingestor:81 — [finviz] Skipped 6 invalid/blocked tickers.
2026-07-05 13:18:14 | INFO     | sentiment_analysis.ingestion.rss_ingestor:416 — [rss:globe_newswire_ma] Stored 0/20 new articles.
2026-07-05 13:18:14 | INFO     | sentiment_analysis.ingestion.finviz_ingestor:90 — [finviz] Fetched 0/0 tickers.
2026-07-05 13:18:14 | INFO     | sentiment_analysis.ingestion.rss_ingestor:296 — [rss:sec_edgar] Fetching https://www.sec.gov/cgi-bin/browse-edgar?action=getcurrent&type=8-K&dateb=&owner=include&count=40&output=atom
2026-07-05 13:18:14 | INFO     | sentiment_analysis.ingestion.rss_ingestor:416 — [rss:sec_edgar] Stored 0/40 new articles.
2026-07-05 13:18:14 | INFO     | sentiment_analysis.ingestion.rss_ingestor:296 — [rss:sec_form4] Fetching https://www.sec.gov/cgi-bin/browse-edgar?action=getcurrent&type=4&dateb=&owner=include&count=40&output=atom
2026-07-05 13:18:14 | INFO     | sentiment_analysis.ingestion.rss_ingestor:416 — [rss:sec_form4] Stored 0/40 new articles.
2026-07-05 13:18:14 | INFO     | sentiment_analysis.ingestion.rss_ingestor:296 — [rss:fda] Fetching https://www.fda.gov/about-fda/contact-fda/stay-informed/rss-feeds/press-releases/rss.xml
2026-07-05 13:18:14 | DEBUG    | sentiment_analysis.sentiment.pipeline:80 — [sentiment] No unanalyzed articles — pipeline idle.
2026-07-05 13:18:14 | INFO     | sentiment_analysis.ingestion.rss_ingestor:416 — [rss:fda] Stored 0/20 new articles.
2026-07-05 13:19:13 | INFO     | __main__:72 — Pipeline stopped cleanly.
2026-07-05 13:19:13 | INFO     | __main__:148 — Dashboard process terminated.
2026-07-05 13:44:15 | INFO     | __main__:127 — ============================================================
2026-07-05 13:44:15 | INFO     | __main__:128 — Stock Sentiment Analysis — Phase 2 starting
2026-07-05 13:44:15 | INFO     | __main__:129 —   DB URL   : postgresql+asyncpg://postgres:1074@localhost:5432/…
2026-07-05 13:44:15 | INFO     | __main__:130 —   Log level: INFO
2026-07-05 13:44:15 | INFO     | __main__:131 —   Watchlist: A, AAL, AAP, AAPL, ABBV, ABC, ABMD, ABT, ACN, ACGL, ADBE, ADI, ADM, ADP, ADSK, AEE, AEP, AES, AFL, AIG, AIZ, AJG, AKAM, ALB, ALGN, ALK, ALL, ALLE, AMAT, AMCR, AMD, AME, AMGN, AMP, AMT, AMZN, ANET, ANSS, AON, AOS, APA, APD, APH, APTV, ARE, ATO, AVB, AVGO, AVY, AWK, AXP, AXON, AZO, BA, BAC, BALL, BAX, BBWI, BBY, BCR, BDX, BEN, BF.B, BG, BIIB, BIO, BK, BKNG, BKR, BLK, BLDR, BMY, BR, BRO, BSX, BWA, BX, BXP, C, CAG, CAH, CARR, CAT, CB, CBOE, CBRE, CCI, CCL, CDNS, CDW, CE, CEG, CF, CFG, CHD, CHRW, CHTR, CI, CINF, CL, CLX, CMA, CMCSA, CME, CMG, CMI, CMS, CNC, CNP, COF, COO, COP, COR, COST, CPB, CPRT, CPT, CRL, CRM, CSCO, CSGP, CSX, CTAS, CTLT, CTRA, CTSH, CTVA, CVS, CVX, CZR, D, DAL, DAY, DD, DE, DECK, DFS, DG, DGX, DHI, DHR, DIS, DISH, DLR, DLTR, DOC, DOV, DOW, DPZ, DRI, DTE, DUK, DVA, DVN, DXC, DXCM, EA, EBAY, ECL, ED, EFX, EG, EIX, EL, ELV, EMN, EMR, ENPH, EOG, EPAM, EQIX, EQR, EQT, ES, ESS, ETN, ETR, ETSY, EVRG, EW, EXC, EXPD, EXPE, EXR, F, FANG, FAST, FCX, FDS, FDX, FE, FFIV, FI, FICO, FIS, FISV, FITB, FLT, FMC, FOX, FOXA, FRT, FSLR, FTNT, FTV, GD, GE, GDDY, GEHC, GEN, GEV, GILD, GIS, GL, GLW, GM, GNRC, GOOG, GOOGL, GPC, GPN, GPS, GRMN, GS, GWW, HAL, HAS, HBAN, HCA, HD, HES, HIG, HII, HLT, HOLX, HON, HPE, HPQ, HRL, HSIC, HST, HSY, HUBB, HUM, HWM, IBM, ICE, IDXX, IEX, IFF, ILMN, INCY, INTC, INTU, INVH, IP, IPG, IQV, IR, IRM, ISRG, IT, ITW, IVZ, J, JBL, JBHT, JCI, JKHY, JNJ, JNPR, JPM, K, KDP, KEY, KEYS, KHC, KIM, KLAC, KMB, KMI, KMX, KO, KR, KVUE, L, LDOS, LEN, LH, LHX, LIN, LKQ, LLY, LMT, LNC, LNT, LOW, LRCX, LULU, LUMN, LUV, LVS, LW, LYB, LYV, MA, MAA, MAR, MAS, MCD, MCHP, MCK, MCO, MDLZ, MDT, MET, META, MGM, MHK, MKC, MKTX, MLM, MMC, MMM, MNST, MO, MOH, MOS, MPC, MPWR, MRK, MRO, MRNA, MS, MSCI, MSFT, MSI, MTB, MTCH, MTD, MU, NCLH, NDAQ, NDSN, NEE, NEM, NFLX, NI, NKE, NOC, NOW, NRG, NSC, NTAP, NTRS, NUE, NVDA, NVR, NWL, NWS, NWSA, NXPI, O, ODFL, OKE, OMC, ON, ORCL, ORLY, OTIS, OXY, PANW, PARA, PAYC, PAYX, PCAR, PCG, PEAK, PEG, PEP, PFE, PFG, PG, PGR, PH, PHM, PKG, PKI, PLD, PM, PNC, PNR, PNW, PODD, POOL, PPG, PPL, PRU, PSA, PSX, PTC, PTVE, PWR, PXD, PYPL, QCOM, QRVO, RCL, RE, REG, REGN, RF, RHI, RJF, RL, RMD, ROK, ROL, ROP, ROST, RSG, RTX, RVTY, SBAC, SBUX, SCHW, SEE, SHW, SJM, SLB, SNA, SNPS, SO, SOLV, SPG, SPGI, SRE, STE, STLD, STT, STX, STZ, SWK, SWKS, SYF, SYK, SYY, T, TAP, TDG, TDY, TECH, TEL, TER, TFC, TFX, TGT, TJX, TMO, TMUS, TPR, TRGP, TRMB, TROW, TRV, TSCO, TSLA, TSN, TT, TTWO, TXN, TXT, TYL, UA, UAA, UAL, UDR, UHS, ULTA, UNH, UNP, UPS, URI, USB, V, VFC, VICI, VLO, VMC, VNO, VRSK, VRSN, VRTX, VST, VTR, VTRS, VZ, WAB, WAT, WBA, WBD, WDAY, WDC, WEC, WELL, WFC, WHR, WLK, WM, WMB, WMT, WRB, WRK, WST, WTW, WY, WYNN, XEL, XOM, XRAY, XYL, YUM, ZBH, ZBRA, ZION, ZTS, SPY, QQQ, IWM, DIA, GLD, SLV, TLT, HYG, LQD, VTI, VOO, VEA, VWO, EFA, EEM, XLF, XLK, XLE, XLV, XLI, XLY, XLP, XLU, XLB, XLRE, PLTR, RIVN, LCID, SOFI, GME, AMC, BB, NOK, COIN, HOOD, ROKU, SNAP, UBER, LYFT, ABNB, DASH, PINS, TWTR, SHOP, SQ, PYPL, AFRM, UPST
2026-07-05 13:44:15 | INFO     | __main__:132 — ============================================================
2026-07-05 13:44:15 | INFO     | __main__:87 — Dashboard started (PID 34652)  →  http://localhost:8050
2026-07-05 13:44:15 | INFO     | __main__:50 — Database schema verified / created.
2026-07-05 13:44:15 | INFO     | sentiment_analysis.ingestion.scheduler:191 — Scheduler configured — RSS every 5m, NLP every 10m, Sentiment every 5m, Finviz prices every 1m, Cleanup daily at midnight ET
2026-07-05 13:44:15 | INFO     | sentiment_analysis.ingestion.scheduler:203 — Scheduler started — running initial ingestion pass.
2026-07-05 13:44:15 | INFO     | sentiment_analysis.ingestion.rss_ingestor:296 — [rss:pr_newswire] Fetching https://www.prnewswire.com/rss/news-releases-list.rss
2026-07-05 13:44:16 | INFO     | sentiment_analysis.ingestion.rss_ingestor:416 — [rss:pr_newswire] Stored 0/20 new articles.
2026-07-05 13:44:16 | INFO     | sentiment_analysis.ingestion.rss_ingestor:296 — [rss:globe_newswire_finance] Fetching https://www.globenewswire.com/RssFeed/subjectcode/15-Financial%20Services
2026-07-05 13:44:16 | INFO     | sentiment_analysis.ingestion.rss_ingestor:416 — [rss:globe_newswire_finance] Stored 0/20 new articles.
2026-07-05 13:44:16 | INFO     | sentiment_analysis.ingestion.rss_ingestor:296 — [rss:globe_newswire_ma] Fetching https://www.globenewswire.com/RssFeed/subjectcode/14-Mergers%20and%20Acquisitions
2026-07-05 13:44:16 | INFO     | sentiment_analysis.ingestion.rss_ingestor:416 — [rss:globe_newswire_ma] Stored 0/20 new articles.
2026-07-05 13:44:16 | INFO     | sentiment_analysis.ingestion.rss_ingestor:296 — [rss:sec_edgar] Fetching https://www.sec.gov/cgi-bin/browse-edgar?action=getcurrent&type=8-K&dateb=&owner=include&count=40&output=atom
2026-07-05 13:44:16 | INFO     | sentiment_analysis.ingestion.rss_ingestor:416 — [rss:sec_edgar] Stored 0/40 new articles.
2026-07-05 13:44:16 | INFO     | sentiment_analysis.ingestion.rss_ingestor:296 — [rss:sec_form4] Fetching https://www.sec.gov/cgi-bin/browse-edgar?action=getcurrent&type=4&dateb=&owner=include&count=40&output=atom
2026-07-05 13:44:16 | INFO     | sentiment_analysis.ingestion.rss_ingestor:416 — [rss:sec_form4] Stored 0/40 new articles.
2026-07-05 13:44:16 | INFO     | sentiment_analysis.ingestion.rss_ingestor:296 — [rss:fda] Fetching https://www.fda.gov/about-fda/contact-fda/stay-informed/rss-feeds/press-releases/rss.xml
2026-07-05 13:44:17 | INFO     | sentiment_analysis.ingestion.rss_ingestor:416 — [rss:fda] Stored 0/20 new articles.
2026-07-05 13:44:17 | DEBUG    | sentiment_analysis.nlp.pipeline:65 — [nlp] No unprocessed articles.
2026-07-05 13:44:17 | DEBUG    | sentiment_analysis.sentiment.pipeline:80 — [sentiment] No unanalyzed articles — pipeline idle.
2026-07-05 13:44:17 | INFO     | sentiment_analysis.ingestion.scheduler:72 — [finviz] Found 6 tickers to fetch from last 24h articles.
2026-07-05 13:44:17 | DEBUG    | sentiment_analysis.ingestion.finviz_ingestor:81 — [finviz] Skipped 3 invalid/blocked tickers.
2026-07-05 13:44:17 | DEBUG    | sentiment_analysis.ingestion.finviz_ingestor:156 — [finviz] DE: 401 Client Error: Unauthorized for url: https://elite.finviz.com/quote_export?t=DE&p=i1&auth=575fb5fb-ba7b-48b2-80c3-0b0465dcbc90
2026-07-05 13:44:17 | DEBUG    | sentiment_analysis.ingestion.finviz_ingestor:156 — [finviz] DAY: 401 Client Error: Unauthorized for url: https://elite.finviz.com/quote_export?t=DAY&p=i1&auth=575fb5fb-ba7b-48b2-80c3-0b0465dcbc90
2026-07-05 13:44:18 | DEBUG    | sentiment_analysis.ingestion.finviz_ingestor:156 — [finviz] PRU: 401 Client Error: Unauthorized for url: https://elite.finviz.com/quote_export?t=PRU&p=i1&auth=575fb5fb-ba7b-48b2-80c3-0b0465dcbc90
2026-07-05 13:44:18 | INFO     | sentiment_analysis.ingestion.finviz_ingestor:90 — [finviz] Fetched 0/3 tickers.
2026-07-05 13:44:18 | INFO     | __main__:62 — Ingestion pipeline running.  Press Ctrl+C to stop.
2026-07-05 13:45:15 | INFO     | sentiment_analysis.ingestion.scheduler:72 — [finviz] Found 6 tickers to fetch from last 24h articles.
2026-07-05 13:45:15 | DEBUG    | sentiment_analysis.ingestion.finviz_ingestor:81 — [finviz] Skipped 3 invalid/blocked tickers.
2026-07-05 13:45:16 | DEBUG    | sentiment_analysis.ingestion.finviz_ingestor:156 — [finviz] DE: 401 Client Error: Unauthorized for url: https://elite.finviz.com/quote_export?t=DE&p=i1&auth=575fb5fb-ba7b-48b2-80c3-0b0465dcbc90
2026-07-05 13:45:16 | DEBUG    | sentiment_analysis.ingestion.finviz_ingestor:156 — [finviz] DAY: 401 Client Error: Unauthorized for url: https://elite.finviz.com/quote_export?t=DAY&p=i1&auth=575fb5fb-ba7b-48b2-80c3-0b0465dcbc90
2026-07-05 13:45:17 | DEBUG    | sentiment_analysis.ingestion.finviz_ingestor:156 — [finviz] PRU: 401 Client Error: Unauthorized for url: https://elite.finviz.com/quote_export?t=PRU&p=i1&auth=575fb5fb-ba7b-48b2-80c3-0b0465dcbc90
2026-07-05 13:45:17 | INFO     | sentiment_analysis.ingestion.finviz_ingestor:90 — [finviz] Fetched 0/3 tickers.
2026-07-05 13:46:15 | INFO     | sentiment_analysis.ingestion.scheduler:72 — [finviz] Found 6 tickers to fetch from last 24h articles.
2026-07-05 13:46:15 | DEBUG    | sentiment_analysis.ingestion.finviz_ingestor:81 — [finviz] Skipped 3 invalid/blocked tickers.
2026-07-05 13:46:16 | DEBUG    | sentiment_analysis.ingestion.finviz_ingestor:151 — [finviz] DE: added to skip list after 3 failures (401 Client Error: Unauthorized for url: https://elite.finviz.com/quote_export?t=DE&p=i1&auth=575fb5fb-ba7b-48b2-80c3-0b0465dcbc90).
2026-07-05 13:46:16 | DEBUG    | sentiment_analysis.ingestion.finviz_ingestor:151 — [finviz] DAY: added to skip list after 3 failures (401 Client Error: Unauthorized for url: https://elite.finviz.com/quote_export?t=DAY&p=i1&auth=575fb5fb-ba7b-48b2-80c3-0b0465dcbc90).
2026-07-05 13:46:17 | DEBUG    | sentiment_analysis.ingestion.finviz_ingestor:151 — [finviz] PRU: added to skip list after 3 failures (401 Client Error: Unauthorized for url: https://elite.finviz.com/quote_export?t=PRU&p=i1&auth=575fb5fb-ba7b-48b2-80c3-0b0465dcbc90).
2026-07-05 13:46:17 | INFO     | sentiment_analysis.ingestion.finviz_ingestor:90 — [finviz] Fetched 0/3 tickers.
2026-07-05 13:47:15 | INFO     | sentiment_analysis.ingestion.scheduler:72 — [finviz] Found 6 tickers to fetch from last 24h articles.
2026-07-05 13:47:15 | DEBUG    | sentiment_analysis.ingestion.finviz_ingestor:81 — [finviz] Skipped 6 invalid/blocked tickers.
2026-07-05 13:47:15 | INFO     | sentiment_analysis.ingestion.finviz_ingestor:90 — [finviz] Fetched 0/0 tickers.
2026-07-05 13:48:15 | INFO     | sentiment_analysis.ingestion.scheduler:72 — [finviz] Found 6 tickers to fetch from last 24h articles.
2026-07-05 13:48:15 | DEBUG    | sentiment_analysis.ingestion.finviz_ingestor:81 — [finviz] Skipped 6 invalid/blocked tickers.
2026-07-05 13:48:15 | INFO     | sentiment_analysis.ingestion.finviz_ingestor:90 — [finviz] Fetched 0/0 tickers.
2026-07-05 13:49:15 | INFO     | sentiment_analysis.ingestion.rss_ingestor:296 — [rss:pr_newswire] Fetching https://www.prnewswire.com/rss/news-releases-list.rss
2026-07-05 13:49:16 | INFO     | sentiment_analysis.ingestion.rss_ingestor:416 — [rss:pr_newswire] Stored 1/20 new articles.
2026-07-05 13:49:16 | INFO     | sentiment_analysis.ingestion.rss_ingestor:296 — [rss:globe_newswire_finance] Fetching https://www.globenewswire.com/RssFeed/subjectcode/15-Financial%20Services
2026-07-05 13:49:16 | INFO     | sentiment_analysis.ingestion.rss_ingestor:416 — [rss:globe_newswire_finance] Stored 0/20 new articles.
2026-07-05 13:49:16 | INFO     | sentiment_analysis.ingestion.rss_ingestor:296 — [rss:globe_newswire_ma] Fetching https://www.globenewswire.com/RssFeed/subjectcode/14-Mergers%20and%20Acquisitions
2026-07-05 13:49:16 | INFO     | sentiment_analysis.ingestion.rss_ingestor:416 — [rss:globe_newswire_ma] Stored 0/20 new articles.
2026-07-05 13:49:16 | INFO     | sentiment_analysis.ingestion.rss_ingestor:296 — [rss:sec_edgar] Fetching https://www.sec.gov/cgi-bin/browse-edgar?action=getcurrent&type=8-K&dateb=&owner=include&count=40&output=atom
2026-07-05 13:49:16 | INFO     | sentiment_analysis.ingestion.scheduler:72 — [finviz] Found 6 tickers to fetch from last 24h articles.
2026-07-05 13:49:16 | DEBUG    | sentiment_analysis.ingestion.finviz_ingestor:81 — [finviz] Skipped 6 invalid/blocked tickers.
2026-07-05 13:49:16 | INFO     | sentiment_analysis.ingestion.finviz_ingestor:90 — [finviz] Fetched 0/0 tickers.
2026-07-05 13:49:16 | INFO     | sentiment_analysis.ingestion.rss_ingestor:416 — [rss:sec_edgar] Stored 0/40 new articles.
2026-07-05 13:49:16 | INFO     | sentiment_analysis.ingestion.rss_ingestor:296 — [rss:sec_form4] Fetching https://www.sec.gov/cgi-bin/browse-edgar?action=getcurrent&type=4&dateb=&owner=include&count=40&output=atom
2026-07-05 13:49:16 | DEBUG    | sentiment_analysis.sentiment.pipeline:80 — [sentiment] No unanalyzed articles — pipeline idle.
2026-07-05 13:49:16 | INFO     | sentiment_analysis.ingestion.rss_ingestor:416 — [rss:sec_form4] Stored 0/40 new articles.
2026-07-05 13:49:16 | INFO     | sentiment_analysis.ingestion.rss_ingestor:296 — [rss:fda] Fetching https://www.fda.gov/about-fda/contact-fda/stay-informed/rss-feeds/press-releases/rss.xml
2026-07-05 13:49:16 | INFO     | sentiment_analysis.ingestion.rss_ingestor:416 — [rss:fda] Stored 0/20 new articles.
2026-07-05 13:50:15 | INFO     | sentiment_analysis.ingestion.scheduler:72 — [finviz] Found 6 tickers to fetch from last 24h articles.
2026-07-05 13:50:15 | DEBUG    | sentiment_analysis.ingestion.finviz_ingestor:81 — [finviz] Skipped 6 invalid/blocked tickers.
2026-07-05 13:50:15 | INFO     | sentiment_analysis.ingestion.finviz_ingestor:90 — [finviz] Fetched 0/0 tickers.
2026-07-05 13:51:15 | INFO     | sentiment_analysis.ingestion.scheduler:72 — [finviz] Found 6 tickers to fetch from last 24h articles.
2026-07-05 13:51:15 | DEBUG    | sentiment_analysis.ingestion.finviz_ingestor:81 — [finviz] Skipped 6 invalid/blocked tickers.
2026-07-05 13:51:15 | INFO     | sentiment_analysis.ingestion.finviz_ingestor:90 — [finviz] Fetched 0/0 tickers.
2026-07-05 13:52:15 | INFO     | sentiment_analysis.ingestion.scheduler:72 — [finviz] Found 6 tickers to fetch from last 24h articles.
2026-07-05 13:52:15 | DEBUG    | sentiment_analysis.ingestion.finviz_ingestor:81 — [finviz] Skipped 6 invalid/blocked tickers.
2026-07-05 13:52:15 | INFO     | sentiment_analysis.ingestion.finviz_ingestor:90 — [finviz] Fetched 0/0 tickers.
2026-07-05 13:52:44 | INFO     | __main__:72 — Pipeline stopped cleanly.
2026-07-05 13:52:44 | INFO     | __main__:148 — Dashboard process terminated.
2026-07-05 13:52:57 | INFO     | __main__:127 — ============================================================
2026-07-05 13:52:57 | INFO     | __main__:128 — Stock Sentiment Analysis — Phase 2 starting
2026-07-05 13:52:57 | INFO     | __main__:129 —   DB URL   : postgresql+asyncpg://postgres:1074@localhost:5432/…
2026-07-05 13:52:57 | INFO     | __main__:130 —   Log level: INFO
2026-07-05 13:52:57 | INFO     | __main__:131 —   Watchlist: A, AAL, AAP, AAPL, ABBV, ABC, ABMD, ABT, ACN, ACGL, ADBE, ADI, ADM, ADP, ADSK, AEE, AEP, AES, AFL, AIG, AIZ, AJG, AKAM, ALB, ALGN, ALK, ALL, ALLE, AMAT, AMCR, AMD, AME, AMGN, AMP, AMT, AMZN, ANET, ANSS, AON, AOS, APA, APD, APH, APTV, ARE, ATO, AVB, AVGO, AVY, AWK, AXP, AXON, AZO, BA, BAC, BALL, BAX, BBWI, BBY, BCR, BDX, BEN, BF.B, BG, BIIB, BIO, BK, BKNG, BKR, BLK, BLDR, BMY, BR, BRO, BSX, BWA, BX, BXP, C, CAG, CAH, CARR, CAT, CB, CBOE, CBRE, CCI, CCL, CDNS, CDW, CE, CEG, CF, CFG, CHD, CHRW, CHTR, CI, CINF, CL, CLX, CMA, CMCSA, CME, CMG, CMI, CMS, CNC, CNP, COF, COO, COP, COR, COST, CPB, CPRT, CPT, CRL, CRM, CSCO, CSGP, CSX, CTAS, CTLT, CTRA, CTSH, CTVA, CVS, CVX, CZR, D, DAL, DAY, DD, DE, DECK, DFS, DG, DGX, DHI, DHR, DIS, DISH, DLR, DLTR, DOC, DOV, DOW, DPZ, DRI, DTE, DUK, DVA, DVN, DXC, DXCM, EA, EBAY, ECL, ED, EFX, EG, EIX, EL, ELV, EMN, EMR, ENPH, EOG, EPAM, EQIX, EQR, EQT, ES, ESS, ETN, ETR, ETSY, EVRG, EW, EXC, EXPD, EXPE, EXR, F, FANG, FAST, FCX, FDS, FDX, FE, FFIV, FI, FICO, FIS, FISV, FITB, FLT, FMC, FOX, FOXA, FRT, FSLR, FTNT, FTV, GD, GE, GDDY, GEHC, GEN, GEV, GILD, GIS, GL, GLW, GM, GNRC, GOOG, GOOGL, GPC, GPN, GPS, GRMN, GS, GWW, HAL, HAS, HBAN, HCA, HD, HES, HIG, HII, HLT, HOLX, HON, HPE, HPQ, HRL, HSIC, HST, HSY, HUBB, HUM, HWM, IBM, ICE, IDXX, IEX, IFF, ILMN, INCY, INTC, INTU, INVH, IP, IPG, IQV, IR, IRM, ISRG, IT, ITW, IVZ, J, JBL, JBHT, JCI, JKHY, JNJ, JNPR, JPM, K, KDP, KEY, KEYS, KHC, KIM, KLAC, KMB, KMI, KMX, KO, KR, KVUE, L, LDOS, LEN, LH, LHX, LIN, LKQ, LLY, LMT, LNC, LNT, LOW, LRCX, LULU, LUMN, LUV, LVS, LW, LYB, LYV, MA, MAA, MAR, MAS, MCD, MCHP, MCK, MCO, MDLZ, MDT, MET, META, MGM, MHK, MKC, MKTX, MLM, MMC, MMM, MNST, MO, MOH, MOS, MPC, MPWR, MRK, MRO, MRNA, MS, MSCI, MSFT, MSI, MTB, MTCH, MTD, MU, NCLH, NDAQ, NDSN, NEE, NEM, NFLX, NI, NKE, NOC, NOW, NRG, NSC, NTAP, NTRS, NUE, NVDA, NVR, NWL, NWS, NWSA, NXPI, O, ODFL, OKE, OMC, ON, ORCL, ORLY, OTIS, OXY, PANW, PARA, PAYC, PAYX, PCAR, PCG, PEAK, PEG, PEP, PFE, PFG, PG, PGR, PH, PHM, PKG, PKI, PLD, PM, PNC, PNR, PNW, PODD, POOL, PPG, PPL, PRU, PSA, PSX, PTC, PTVE, PWR, PXD, PYPL, QCOM, QRVO, RCL, RE, REG, REGN, RF, RHI, RJF, RL, RMD, ROK, ROL, ROP, ROST, RSG, RTX, RVTY, SBAC, SBUX, SCHW, SEE, SHW, SJM, SLB, SNA, SNPS, SO, SOLV, SPG, SPGI, SRE, STE, STLD, STT, STX, STZ, SWK, SWKS, SYF, SYK, SYY, T, TAP, TDG, TDY, TECH, TEL, TER, TFC, TFX, TGT, TJX, TMO, TMUS, TPR, TRGP, TRMB, TROW, TRV, TSCO, TSLA, TSN, TT, TTWO, TXN, TXT, TYL, UA, UAA, UAL, UDR, UHS, ULTA, UNH, UNP, UPS, URI, USB, V, VFC, VICI, VLO, VMC, VNO, VRSK, VRSN, VRTX, VST, VTR, VTRS, VZ, WAB, WAT, WBA, WBD, WDAY, WDC, WEC, WELL, WFC, WHR, WLK, WM, WMB, WMT, WRB, WRK, WST, WTW, WY, WYNN, XEL, XOM, XRAY, XYL, YUM, ZBH, ZBRA, ZION, ZTS, SPY, QQQ, IWM, DIA, GLD, SLV, TLT, HYG, LQD, VTI, VOO, VEA, VWO, EFA, EEM, XLF, XLK, XLE, XLV, XLI, XLY, XLP, XLU, XLB, XLRE, PLTR, RIVN, LCID, SOFI, GME, AMC, BB, NOK, COIN, HOOD, ROKU, SNAP, UBER, LYFT, ABNB, DASH, PINS, TWTR, SHOP, SQ, PYPL, AFRM, UPST
2026-07-05 13:52:57 | INFO     | __main__:132 — ============================================================
2026-07-05 13:52:57 | INFO     | __main__:87 — Dashboard started (PID 14616)  →  http://localhost:8050
2026-07-05 13:52:58 | INFO     | __main__:50 — Database schema verified / created.
2026-07-05 13:52:58 | INFO     | sentiment_analysis.ingestion.scheduler:191 — Scheduler configured — RSS every 5m, NLP every 10m, Sentiment every 5m, Finviz prices every 1m, Cleanup daily at midnight ET
2026-07-05 13:52:58 | INFO     | sentiment_analysis.ingestion.scheduler:203 — Scheduler started — running initial ingestion pass.
2026-07-05 13:52:58 | INFO     | sentiment_analysis.ingestion.rss_ingestor:296 — [rss:pr_newswire] Fetching https://www.prnewswire.com/rss/news-releases-list.rss
2026-07-05 13:52:58 | INFO     | sentiment_analysis.ingestion.rss_ingestor:416 — [rss:pr_newswire] Stored 0/20 new articles.
2026-07-05 13:52:58 | INFO     | sentiment_analysis.ingestion.rss_ingestor:296 — [rss:globe_newswire_finance] Fetching https://www.globenewswire.com/RssFeed/subjectcode/15-Financial%20Services
2026-07-05 13:52:58 | INFO     | sentiment_analysis.ingestion.rss_ingestor:416 — [rss:globe_newswire_finance] Stored 0/20 new articles.
2026-07-05 13:52:58 | INFO     | sentiment_analysis.ingestion.rss_ingestor:296 — [rss:globe_newswire_ma] Fetching https://www.globenewswire.com/RssFeed/subjectcode/14-Mergers%20and%20Acquisitions
2026-07-05 13:52:58 | INFO     | sentiment_analysis.ingestion.rss_ingestor:416 — [rss:globe_newswire_ma] Stored 0/20 new articles.
2026-07-05 13:52:58 | INFO     | sentiment_analysis.ingestion.rss_ingestor:296 — [rss:sec_edgar] Fetching https://www.sec.gov/cgi-bin/browse-edgar?action=getcurrent&type=8-K&dateb=&owner=include&count=40&output=atom
2026-07-05 13:52:58 | INFO     | sentiment_analysis.ingestion.rss_ingestor:416 — [rss:sec_edgar] Stored 0/40 new articles.
2026-07-05 13:52:58 | INFO     | sentiment_analysis.ingestion.rss_ingestor:296 — [rss:sec_form4] Fetching https://www.sec.gov/cgi-bin/browse-edgar?action=getcurrent&type=4&dateb=&owner=include&count=40&output=atom
2026-07-05 13:52:59 | INFO     | sentiment_analysis.ingestion.rss_ingestor:416 — [rss:sec_form4] Stored 0/40 new articles.
2026-07-05 13:52:59 | INFO     | sentiment_analysis.ingestion.rss_ingestor:296 — [rss:fda] Fetching https://www.fda.gov/about-fda/contact-fda/stay-informed/rss-feeds/press-releases/rss.xml
2026-07-05 13:52:59 | INFO     | sentiment_analysis.ingestion.rss_ingestor:416 — [rss:fda] Stored 0/20 new articles.
2026-07-05 13:53:01 | INFO     | sentiment_analysis.nlp.pipeline:130 — [nlp] Batch complete — processed 1/1 articles
2026-07-05 13:53:01 | INFO     | sentiment_analysis.sentiment.pipeline:126 — [sentiment] Analyzing 1 articles via Gemini.
2026-07-05 13:53:05 | INFO     | sentiment_analysis.sentiment.pipeline:159 — [sentiment] Stored 1 results.
2026-07-05 13:53:05 | INFO     | sentiment_analysis.ingestion.scheduler:72 — [finviz] Found 6 tickers to fetch from last 24h articles.
2026-07-05 13:53:05 | DEBUG    | sentiment_analysis.ingestion.finviz_ingestor:81 — [finviz] Skipped 3 invalid/blocked tickers.
2026-07-05 13:53:05 | DEBUG    | sentiment_analysis.ingestion.finviz_ingestor:156 — [finviz] DE: 401 Client Error: Unauthorized for url: https://elite.finviz.com/quote_export?t=DE&p=i1&auth=575fb5fb-ba7b-48b2-80c3-0b0465dcbc90
2026-07-05 13:53:05 | DEBUG    | sentiment_analysis.ingestion.finviz_ingestor:156 — [finviz] DAY: 401 Client Error: Unauthorized for url: https://elite.finviz.com/quote_export?t=DAY&p=i1&auth=575fb5fb-ba7b-48b2-80c3-0b0465dcbc90
2026-07-05 13:53:06 | DEBUG    | sentiment_analysis.ingestion.finviz_ingestor:156 — [finviz] PRU: 401 Client Error: Unauthorized for url: https://elite.finviz.com/quote_export?t=PRU&p=i1&auth=575fb5fb-ba7b-48b2-80c3-0b0465dcbc90
2026-07-05 13:53:06 | INFO     | sentiment_analysis.ingestion.finviz_ingestor:90 — [finviz] Fetched 0/3 tickers.
2026-07-05 13:53:06 | INFO     | __main__:62 — Ingestion pipeline running.  Press Ctrl+C to stop.
2026-07-05 13:53:58 | INFO     | sentiment_analysis.ingestion.scheduler:72 — [finviz] Found 6 tickers to fetch from last 24h articles.
2026-07-05 13:53:58 | DEBUG    | sentiment_analysis.ingestion.finviz_ingestor:81 — [finviz] Skipped 3 invalid/blocked tickers.
2026-07-05 13:53:58 | DEBUG    | sentiment_analysis.ingestion.finviz_ingestor:156 — [finviz] DE: 401 Client Error: Unauthorized for url: https://elite.finviz.com/quote_export?t=DE&p=i1&auth=575fb5fb-ba7b-48b2-80c3-0b0465dcbc90
2026-07-05 13:53:58 | DEBUG    | sentiment_analysis.ingestion.finviz_ingestor:156 — [finviz] DAY: 401 Client Error: Unauthorized for url: https://elite.finviz.com/quote_export?t=DAY&p=i1&auth=575fb5fb-ba7b-48b2-80c3-0b0465dcbc90
2026-07-05 13:53:59 | DEBUG    | sentiment_analysis.ingestion.finviz_ingestor:156 — [finviz] PRU: 401 Client Error: Unauthorized for url: https://elite.finviz.com/quote_export?t=PRU&p=i1&auth=575fb5fb-ba7b-48b2-80c3-0b0465dcbc90
2026-07-05 13:53:59 | INFO     | sentiment_analysis.ingestion.finviz_ingestor:90 — [finviz] Fetched 0/3 tickers.
2026-07-05 13:54:58 | INFO     | sentiment_analysis.ingestion.scheduler:72 — [finviz] Found 6 tickers to fetch from last 24h articles.
2026-07-05 13:54:58 | DEBUG    | sentiment_analysis.ingestion.finviz_ingestor:81 — [finviz] Skipped 3 invalid/blocked tickers.
2026-07-05 13:54:58 | DEBUG    | sentiment_analysis.ingestion.finviz_ingestor:151 — [finviz] DE: added to skip list after 3 failures (401 Client Error: Unauthorized for url: https://elite.finviz.com/quote_export?t=DE&p=i1&auth=575fb5fb-ba7b-48b2-80c3-0b0465dcbc90).
2026-07-05 13:54:58 | DEBUG    | sentiment_analysis.ingestion.finviz_ingestor:151 — [finviz] DAY: added to skip list after 3 failures (401 Client Error: Unauthorized for url: https://elite.finviz.com/quote_export?t=DAY&p=i1&auth=575fb5fb-ba7b-48b2-80c3-0b0465dcbc90).
2026-07-05 13:54:59 | DEBUG    | sentiment_analysis.ingestion.finviz_ingestor:151 — [finviz] PRU: added to skip list after 3 failures (401 Client Error: Unauthorized for url: https://elite.finviz.com/quote_export?t=PRU&p=i1&auth=575fb5fb-ba7b-48b2-80c3-0b0465dcbc90).
2026-07-05 13:54:59 | INFO     | sentiment_analysis.ingestion.finviz_ingestor:90 — [finviz] Fetched 0/3 tickers.
2026-07-05 13:55:27 | INFO     | __main__:72 — Pipeline stopped cleanly.
2026-07-05 13:55:27 | INFO     | __main__:148 — Dashboard process terminated.
2026-07-05 13:59:12 | INFO     | __main__:127 — ============================================================
2026-07-05 13:59:12 | INFO     | __main__:128 — Stock Sentiment Analysis — Phase 2 starting
2026-07-05 13:59:12 | INFO     | __main__:129 —   DB URL   : postgresql+asyncpg://postgres:1074@localhost:5432/…
2026-07-05 13:59:12 | INFO     | __main__:130 —   Log level: INFO
2026-07-05 13:59:12 | INFO     | __main__:131 —   Watchlist: A, AAL, AAP, AAPL, ABBV, ABC, ABMD, ABT, ACN, ACGL, ADBE, ADI, ADM, ADP, ADSK, AEE, AEP, AES, AFL, AIG, AIZ, AJG, AKAM, ALB, ALGN, ALK, ALL, ALLE, AMAT, AMCR, AMD, AME, AMGN, AMP, AMT, AMZN, ANET, ANSS, AON, AOS, APA, APD, APH, APTV, ARE, ATO, AVB, AVGO, AVY, AWK, AXP, AXON, AZO, BA, BAC, BALL, BAX, BBWI, BBY, BCR, BDX, BEN, BF.B, BG, BIIB, BIO, BK, BKNG, BKR, BLK, BLDR, BMY, BR, BRO, BSX, BWA, BX, BXP, C, CAG, CAH, CARR, CAT, CB, CBOE, CBRE, CCI, CCL, CDNS, CDW, CE, CEG, CF, CFG, CHD, CHRW, CHTR, CI, CINF, CL, CLX, CMA, CMCSA, CME, CMG, CMI, CMS, CNC, CNP, COF, COO, COP, COR, COST, CPB, CPRT, CPT, CRL, CRM, CSCO, CSGP, CSX, CTAS, CTLT, CTRA, CTSH, CTVA, CVS, CVX, CZR, D, DAL, DAY, DD, DE, DECK, DFS, DG, DGX, DHI, DHR, DIS, DISH, DLR, DLTR, DOC, DOV, DOW, DPZ, DRI, DTE, DUK, DVA, DVN, DXC, DXCM, EA, EBAY, ECL, ED, EFX, EG, EIX, EL, ELV, EMN, EMR, ENPH, EOG, EPAM, EQIX, EQR, EQT, ES, ESS, ETN, ETR, ETSY, EVRG, EW, EXC, EXPD, EXPE, EXR, F, FANG, FAST, FCX, FDS, FDX, FE, FFIV, FI, FICO, FIS, FISV, FITB, FLT, FMC, FOX, FOXA, FRT, FSLR, FTNT, FTV, GD, GE, GDDY, GEHC, GEN, GEV, GILD, GIS, GL, GLW, GM, GNRC, GOOG, GOOGL, GPC, GPN, GPS, GRMN, GS, GWW, HAL, HAS, HBAN, HCA, HD, HES, HIG, HII, HLT, HOLX, HON, HPE, HPQ, HRL, HSIC, HST, HSY, HUBB, HUM, HWM, IBM, ICE, IDXX, IEX, IFF, ILMN, INCY, INTC, INTU, INVH, IP, IPG, IQV, IR, IRM, ISRG, IT, ITW, IVZ, J, JBL, JBHT, JCI, JKHY, JNJ, JNPR, JPM, K, KDP, KEY, KEYS, KHC, KIM, KLAC, KMB, KMI, KMX, KO, KR, KVUE, L, LDOS, LEN, LH, LHX, LIN, LKQ, LLY, LMT, LNC, LNT, LOW, LRCX, LULU, LUMN, LUV, LVS, LW, LYB, LYV, MA, MAA, MAR, MAS, MCD, MCHP, MCK, MCO, MDLZ, MDT, MET, META, MGM, MHK, MKC, MKTX, MLM, MMC, MMM, MNST, MO, MOH, MOS, MPC, MPWR, MRK, MRO, MRNA, MS, MSCI, MSFT, MSI, MTB, MTCH, MTD, MU, NCLH, NDAQ, NDSN, NEE, NEM, NFLX, NI, NKE, NOC, NOW, NRG, NSC, NTAP, NTRS, NUE, NVDA, NVR, NWL, NWS, NWSA, NXPI, O, ODFL, OKE, OMC, ON, ORCL, ORLY, OTIS, OXY, PANW, PARA, PAYC, PAYX, PCAR, PCG, PEAK, PEG, PEP, PFE, PFG, PG, PGR, PH, PHM, PKG, PKI, PLD, PM, PNC, PNR, PNW, PODD, POOL, PPG, PPL, PRU, PSA, PSX, PTC, PTVE, PWR, PXD, PYPL, QCOM, QRVO, RCL, RE, REG, REGN, RF, RHI, RJF, RL, RMD, ROK, ROL, ROP, ROST, RSG, RTX, RVTY, SBAC, SBUX, SCHW, SEE, SHW, SJM, SLB, SNA, SNPS, SO, SOLV, SPG, SPGI, SRE, STE, STLD, STT, STX, STZ, SWK, SWKS, SYF, SYK, SYY, T, TAP, TDG, TDY, TECH, TEL, TER, TFC, TFX, TGT, TJX, TMO, TMUS, TPR, TRGP, TRMB, TROW, TRV, TSCO, TSLA, TSN, TT, TTWO, TXN, TXT, TYL, UA, UAA, UAL, UDR, UHS, ULTA, UNH, UNP, UPS, URI, USB, V, VFC, VICI, VLO, VMC, VNO, VRSK, VRSN, VRTX, VST, VTR, VTRS, VZ, WAB, WAT, WBA, WBD, WDAY, WDC, WEC, WELL, WFC, WHR, WLK, WM, WMB, WMT, WRB, WRK, WST, WTW, WY, WYNN, XEL, XOM, XRAY, XYL, YUM, ZBH, ZBRA, ZION, ZTS, SPY, QQQ, IWM, DIA, GLD, SLV, TLT, HYG, LQD, VTI, VOO, VEA, VWO, EFA, EEM, XLF, XLK, XLE, XLV, XLI, XLY, XLP, XLU, XLB, XLRE, PLTR, RIVN, LCID, SOFI, GME, AMC, BB, NOK, COIN, HOOD, ROKU, SNAP, UBER, LYFT, ABNB, DASH, PINS, TWTR, SHOP, SQ, PYPL, AFRM, UPST
2026-07-05 13:59:12 | INFO     | __main__:132 — ============================================================
2026-07-05 13:59:12 | INFO     | __main__:87 — Dashboard started (PID 1668)  →  http://localhost:8050
2026-07-05 13:59:12 | INFO     | __main__:50 — Database schema verified / created.
2026-07-05 13:59:12 | INFO     | sentiment_analysis.ingestion.scheduler:191 — Scheduler configured — RSS every 5m, NLP every 10m, Sentiment every 5m, Finviz prices every 1m, Cleanup daily at midnight ET
2026-07-05 13:59:12 | INFO     | sentiment_analysis.ingestion.scheduler:203 — Scheduler started — running initial ingestion pass.
2026-07-05 13:59:12 | INFO     | sentiment_analysis.ingestion.rss_ingestor:296 — [rss:pr_newswire] Fetching https://www.prnewswire.com/rss/news-releases-list.rss
2026-07-05 13:59:12 | INFO     | sentiment_analysis.ingestion.rss_ingestor:416 — [rss:pr_newswire] Stored 0/20 new articles.
2026-07-05 13:59:12 | INFO     | sentiment_analysis.ingestion.rss_ingestor:296 — [rss:globe_newswire_finance] Fetching https://www.globenewswire.com/RssFeed/subjectcode/15-Financial%20Services
2026-07-05 13:59:13 | INFO     | sentiment_analysis.ingestion.rss_ingestor:416 — [rss:globe_newswire_finance] Stored 0/20 new articles.
2026-07-05 13:59:13 | INFO     | sentiment_analysis.ingestion.rss_ingestor:296 — [rss:globe_newswire_ma] Fetching https://www.globenewswire.com/RssFeed/subjectcode/14-Mergers%20and%20Acquisitions
2026-07-05 13:59:13 | INFO     | sentiment_analysis.ingestion.rss_ingestor:416 — [rss:globe_newswire_ma] Stored 0/20 new articles.
2026-07-05 13:59:13 | INFO     | sentiment_analysis.ingestion.rss_ingestor:296 — [rss:sec_edgar] Fetching https://www.sec.gov/cgi-bin/browse-edgar?action=getcurrent&type=8-K&dateb=&owner=include&count=40&output=atom
2026-07-05 13:59:13 | INFO     | sentiment_analysis.ingestion.rss_ingestor:416 — [rss:sec_edgar] Stored 0/40 new articles.
2026-07-05 13:59:13 | INFO     | sentiment_analysis.ingestion.rss_ingestor:296 — [rss:sec_form4] Fetching https://www.sec.gov/cgi-bin/browse-edgar?action=getcurrent&type=4&dateb=&owner=include&count=40&output=atom
2026-07-05 13:59:13 | INFO     | sentiment_analysis.ingestion.rss_ingestor:416 — [rss:sec_form4] Stored 0/40 new articles.
2026-07-05 13:59:13 | INFO     | sentiment_analysis.ingestion.rss_ingestor:296 — [rss:fda] Fetching https://www.fda.gov/about-fda/contact-fda/stay-informed/rss-feeds/press-releases/rss.xml
2026-07-05 13:59:13 | INFO     | sentiment_analysis.ingestion.rss_ingestor:416 — [rss:fda] Stored 0/20 new articles.
2026-07-05 13:59:13 | DEBUG    | sentiment_analysis.nlp.pipeline:65 — [nlp] No unprocessed articles.
2026-07-05 13:59:13 | DEBUG    | sentiment_analysis.sentiment.pipeline:80 — [sentiment] No unanalyzed articles — pipeline idle.
2026-07-05 13:59:13 | INFO     | sentiment_analysis.ingestion.scheduler:72 — [finviz] Found 6 tickers to fetch from last 24h articles.
2026-07-05 13:59:13 | DEBUG    | sentiment_analysis.ingestion.finviz_ingestor:81 — [finviz] Skipped 3 invalid/blocked tickers.
2026-07-05 13:59:13 | DEBUG    | sentiment_analysis.ingestion.finviz_ingestor:156 — [finviz] DE: 401 Client Error: Unauthorized for url: https://elite.finviz.com/quote_export?t=DE&p=i1&auth=575fb5fb-ba7b-48b2-80c3-0b0465dcbc90
2026-07-05 13:59:14 | DEBUG    | sentiment_analysis.ingestion.finviz_ingestor:156 — [finviz] DAY: 401 Client Error: Unauthorized for url: https://elite.finviz.com/quote_export?t=DAY&p=i1&auth=575fb5fb-ba7b-48b2-80c3-0b0465dcbc90
2026-07-05 13:59:15 | DEBUG    | sentiment_analysis.ingestion.finviz_ingestor:156 — [finviz] PRU: 401 Client Error: Unauthorized for url: https://elite.finviz.com/quote_export?t=PRU&p=i1&auth=575fb5fb-ba7b-48b2-80c3-0b0465dcbc90
2026-07-05 13:59:15 | INFO     | sentiment_analysis.ingestion.finviz_ingestor:90 — [finviz] Fetched 0/3 tickers.
2026-07-05 13:59:15 | INFO     | __main__:62 — Ingestion pipeline running.  Press Ctrl+C to stop.
2026-07-05 14:00:12 | INFO     | sentiment_analysis.ingestion.scheduler:72 — [finviz] Found 6 tickers to fetch from last 24h articles.
2026-07-05 14:00:12 | DEBUG    | sentiment_analysis.ingestion.finviz_ingestor:81 — [finviz] Skipped 3 invalid/blocked tickers.
2026-07-05 14:00:12 | DEBUG    | sentiment_analysis.ingestion.finviz_ingestor:156 — [finviz] DE: 401 Client Error: Unauthorized for url: https://elite.finviz.com/quote_export?t=DE&p=i1&auth=575fb5fb-ba7b-48b2-80c3-0b0465dcbc90
2026-07-05 14:00:13 | DEBUG    | sentiment_analysis.ingestion.finviz_ingestor:156 — [finviz] DAY: 401 Client Error: Unauthorized for url: https://elite.finviz.com/quote_export?t=DAY&p=i1&auth=575fb5fb-ba7b-48b2-80c3-0b0465dcbc90
2026-07-05 14:00:13 | DEBUG    | sentiment_analysis.ingestion.finviz_ingestor:156 — [finviz] PRU: 401 Client Error: Unauthorized for url: https://elite.finviz.com/quote_export?t=PRU&p=i1&auth=575fb5fb-ba7b-48b2-80c3-0b0465dcbc90
2026-07-05 14:00:14 | INFO     | sentiment_analysis.ingestion.finviz_ingestor:90 — [finviz] Fetched 0/3 tickers.
2026-07-05 14:01:12 | INFO     | sentiment_analysis.ingestion.scheduler:72 — [finviz] Found 6 tickers to fetch from last 24h articles.
2026-07-05 14:01:12 | DEBUG    | sentiment_analysis.ingestion.finviz_ingestor:81 — [finviz] Skipped 3 invalid/blocked tickers.
2026-07-05 14:01:12 | DEBUG    | sentiment_analysis.ingestion.finviz_ingestor:151 — [finviz] DE: added to skip list after 3 failures (401 Client Error: Unauthorized for url: https://elite.finviz.com/quote_export?t=DE&p=i1&auth=575fb5fb-ba7b-48b2-80c3-0b0465dcbc90).
2026-07-05 14:01:13 | DEBUG    | sentiment_analysis.ingestion.finviz_ingestor:151 — [finviz] DAY: added to skip list after 3 failures (401 Client Error: Unauthorized for url: https://elite.finviz.com/quote_export?t=DAY&p=i1&auth=575fb5fb-ba7b-48b2-80c3-0b0465dcbc90).
2026-07-05 14:01:13 | DEBUG    | sentiment_analysis.ingestion.finviz_ingestor:151 — [finviz] PRU: added to skip list after 3 failures (401 Client Error: Unauthorized for url: https://elite.finviz.com/quote_export?t=PRU&p=i1&auth=575fb5fb-ba7b-48b2-80c3-0b0465dcbc90).
2026-07-05 14:01:14 | INFO     | sentiment_analysis.ingestion.finviz_ingestor:90 — [finviz] Fetched 0/3 tickers.
2026-07-05 14:02:12 | INFO     | sentiment_analysis.ingestion.scheduler:72 — [finviz] Found 6 tickers to fetch from last 24h articles.
2026-07-05 14:02:12 | DEBUG    | sentiment_analysis.ingestion.finviz_ingestor:81 — [finviz] Skipped 6 invalid/blocked tickers.
2026-07-05 14:02:12 | INFO     | sentiment_analysis.ingestion.finviz_ingestor:90 — [finviz] Fetched 0/0 tickers.
2026-07-05 14:03:12 | INFO     | sentiment_analysis.ingestion.scheduler:72 — [finviz] Found 6 tickers to fetch from last 24h articles.
2026-07-05 14:03:12 | DEBUG    | sentiment_analysis.ingestion.finviz_ingestor:81 — [finviz] Skipped 6 invalid/blocked tickers.
2026-07-05 14:03:12 | INFO     | sentiment_analysis.ingestion.finviz_ingestor:90 — [finviz] Fetched 0/0 tickers.
2026-07-05 14:04:12 | INFO     | sentiment_analysis.ingestion.rss_ingestor:296 — [rss:pr_newswire] Fetching https://www.prnewswire.com/rss/news-releases-list.rss
2026-07-05 14:04:12 | INFO     | sentiment_analysis.ingestion.rss_ingestor:416 — [rss:pr_newswire] Stored 0/20 new articles.
2026-07-05 14:04:12 | INFO     | sentiment_analysis.ingestion.rss_ingestor:296 — [rss:globe_newswire_finance] Fetching https://www.globenewswire.com/RssFeed/subjectcode/15-Financial%20Services
2026-07-05 14:04:13 | INFO     | sentiment_analysis.ingestion.rss_ingestor:416 — [rss:globe_newswire_finance] Stored 0/20 new articles.
2026-07-05 14:04:13 | INFO     | sentiment_analysis.ingestion.rss_ingestor:296 — [rss:globe_newswire_ma] Fetching https://www.globenewswire.com/RssFeed/subjectcode/14-Mergers%20and%20Acquisitions
2026-07-05 14:04:13 | INFO     | sentiment_analysis.ingestion.rss_ingestor:416 — [rss:globe_newswire_ma] Stored 0/20 new articles.
2026-07-05 14:04:13 | INFO     | sentiment_analysis.ingestion.rss_ingestor:296 — [rss:sec_edgar] Fetching https://www.sec.gov/cgi-bin/browse-edgar?action=getcurrent&type=8-K&dateb=&owner=include&count=40&output=atom
2026-07-05 14:04:13 | INFO     | sentiment_analysis.ingestion.scheduler:72 — [finviz] Found 6 tickers to fetch from last 24h articles.
2026-07-05 14:04:13 | DEBUG    | sentiment_analysis.ingestion.finviz_ingestor:81 — [finviz] Skipped 6 invalid/blocked tickers.
2026-07-05 14:04:13 | INFO     | sentiment_analysis.ingestion.finviz_ingestor:90 — [finviz] Fetched 0/0 tickers.
2026-07-05 14:04:13 | INFO     | sentiment_analysis.ingestion.rss_ingestor:416 — [rss:sec_edgar] Stored 0/40 new articles.
2026-07-05 14:04:13 | INFO     | sentiment_analysis.ingestion.rss_ingestor:296 — [rss:sec_form4] Fetching https://www.sec.gov/cgi-bin/browse-edgar?action=getcurrent&type=4&dateb=&owner=include&count=40&output=atom
2026-07-05 14:04:13 | DEBUG    | sentiment_analysis.sentiment.pipeline:80 — [sentiment] No unanalyzed articles — pipeline idle.
2026-07-05 14:04:13 | INFO     | sentiment_analysis.ingestion.rss_ingestor:416 — [rss:sec_form4] Stored 0/40 new articles.
2026-07-05 14:04:13 | INFO     | sentiment_analysis.ingestion.rss_ingestor:296 — [rss:fda] Fetching https://www.fda.gov/about-fda/contact-fda/stay-informed/rss-feeds/press-releases/rss.xml
2026-07-05 14:04:13 | INFO     | sentiment_analysis.ingestion.rss_ingestor:416 — [rss:fda] Stored 0/20 new articles.
2026-07-05 14:05:12 | INFO     | sentiment_analysis.ingestion.scheduler:72 — [finviz] Found 6 tickers to fetch from last 24h articles.
2026-07-05 14:05:12 | DEBUG    | sentiment_analysis.ingestion.finviz_ingestor:81 — [finviz] Skipped 6 invalid/blocked tickers.
2026-07-05 14:05:12 | INFO     | sentiment_analysis.ingestion.finviz_ingestor:90 — [finviz] Fetched 0/0 tickers.
2026-07-05 14:06:12 | INFO     | sentiment_analysis.ingestion.scheduler:72 — [finviz] Found 6 tickers to fetch from last 24h articles.
2026-07-05 14:06:12 | DEBUG    | sentiment_analysis.ingestion.finviz_ingestor:81 — [finviz] Skipped 6 invalid/blocked tickers.
2026-07-05 14:06:12 | INFO     | sentiment_analysis.ingestion.finviz_ingestor:90 — [finviz] Fetched 0/0 tickers.
2026-07-05 14:07:12 | INFO     | sentiment_analysis.ingestion.scheduler:72 — [finviz] Found 6 tickers to fetch from last 24h articles.
2026-07-05 14:07:12 | DEBUG    | sentiment_analysis.ingestion.finviz_ingestor:81 — [finviz] Skipped 6 invalid/blocked tickers.
2026-07-05 14:07:12 | INFO     | sentiment_analysis.ingestion.finviz_ingestor:90 — [finviz] Fetched 0/0 tickers.
2026-07-05 14:08:12 | INFO     | sentiment_analysis.ingestion.scheduler:72 — [finviz] Found 6 tickers to fetch from last 24h articles.
2026-07-05 14:08:12 | DEBUG    | sentiment_analysis.ingestion.finviz_ingestor:81 — [finviz] Skipped 6 invalid/blocked tickers.
2026-07-05 14:08:12 | INFO     | sentiment_analysis.ingestion.finviz_ingestor:90 — [finviz] Fetched 0/0 tickers.
2026-07-05 14:09:12 | INFO     | sentiment_analysis.ingestion.rss_ingestor:296 — [rss:pr_newswire] Fetching https://www.prnewswire.com/rss/news-releases-list.rss
2026-07-05 14:09:12 | DEBUG    | sentiment_analysis.sentiment.pipeline:80 — [sentiment] No unanalyzed articles — pipeline idle.
2026-07-05 14:09:12 | INFO     | sentiment_analysis.ingestion.rss_ingestor:416 — [rss:pr_newswire] Stored 0/20 new articles.
2026-07-05 14:09:12 | INFO     | sentiment_analysis.ingestion.rss_ingestor:296 — [rss:globe_newswire_finance] Fetching https://www.globenewswire.com/RssFeed/subjectcode/15-Financial%20Services
2026-07-05 14:09:13 | DEBUG    | sentiment_analysis.nlp.pipeline:65 — [nlp] No unprocessed articles.
2026-07-05 14:09:13 | INFO     | sentiment_analysis.ingestion.rss_ingestor:416 — [rss:globe_newswire_finance] Stored 0/20 new articles.
2026-07-05 14:09:13 | INFO     | sentiment_analysis.ingestion.rss_ingestor:296 — [rss:globe_newswire_ma] Fetching https://www.globenewswire.com/RssFeed/subjectcode/14-Mergers%20and%20Acquisitions
2026-07-05 14:09:13 | INFO     | sentiment_analysis.ingestion.rss_ingestor:416 — [rss:globe_newswire_ma] Stored 0/20 new articles.
2026-07-05 14:09:13 | INFO     | sentiment_analysis.ingestion.rss_ingestor:296 — [rss:sec_edgar] Fetching https://www.sec.gov/cgi-bin/browse-edgar?action=getcurrent&type=8-K&dateb=&owner=include&count=40&output=atom
2026-07-05 14:09:13 | INFO     | sentiment_analysis.ingestion.scheduler:72 — [finviz] Found 6 tickers to fetch from last 24h articles.
2026-07-05 14:09:13 | DEBUG    | sentiment_analysis.ingestion.finviz_ingestor:81 — [finviz] Skipped 6 invalid/blocked tickers.
2026-07-05 14:09:13 | INFO     | sentiment_analysis.ingestion.finviz_ingestor:90 — [finviz] Fetched 0/0 tickers.
2026-07-05 14:09:13 | INFO     | sentiment_analysis.ingestion.rss_ingestor:416 — [rss:sec_edgar] Stored 0/40 new articles.
2026-07-05 14:09:13 | INFO     | sentiment_analysis.ingestion.rss_ingestor:296 — [rss:sec_form4] Fetching https://www.sec.gov/cgi-bin/browse-edgar?action=getcurrent&type=4&dateb=&owner=include&count=40&output=atom
2026-07-05 14:09:13 | INFO     | sentiment_analysis.ingestion.rss_ingestor:416 — [rss:sec_form4] Stored 0/40 new articles.
2026-07-05 14:09:13 | INFO     | sentiment_analysis.ingestion.rss_ingestor:296 — [rss:fda] Fetching https://www.fda.gov/about-fda/contact-fda/stay-informed/rss-feeds/press-releases/rss.xml
2026-07-05 14:09:13 | INFO     | sentiment_analysis.ingestion.rss_ingestor:416 — [rss:fda] Stored 0/20 new articles.
2026-07-05 14:10:12 | INFO     | sentiment_analysis.ingestion.scheduler:72 — [finviz] Found 6 tickers to fetch from last 24h articles.
2026-07-05 14:10:12 | DEBUG    | sentiment_analysis.ingestion.finviz_ingestor:81 — [finviz] Skipped 6 invalid/blocked tickers.
2026-07-05 14:10:12 | INFO     | sentiment_analysis.ingestion.finviz_ingestor:90 — [finviz] Fetched 0/0 tickers.
2026-07-05 14:11:12 | INFO     | sentiment_analysis.ingestion.scheduler:72 — [finviz] Found 6 tickers to fetch from last 24h articles.
2026-07-05 14:11:12 | DEBUG    | sentiment_analysis.ingestion.finviz_ingestor:81 — [finviz] Skipped 6 invalid/blocked tickers.
2026-07-05 14:11:12 | INFO     | sentiment_analysis.ingestion.finviz_ingestor:90 — [finviz] Fetched 0/0 tickers.
2026-07-05 14:12:12 | INFO     | sentiment_analysis.ingestion.scheduler:72 — [finviz] Found 6 tickers to fetch from last 24h articles.
2026-07-05 14:12:12 | DEBUG    | sentiment_analysis.ingestion.finviz_ingestor:81 — [finviz] Skipped 6 invalid/blocked tickers.
2026-07-05 14:12:12 | INFO     | sentiment_analysis.ingestion.finviz_ingestor:90 — [finviz] Fetched 0/0 tickers.
2026-07-05 14:13:12 | INFO     | sentiment_analysis.ingestion.scheduler:72 — [finviz] Found 6 tickers to fetch from last 24h articles.
2026-07-05 14:13:12 | DEBUG    | sentiment_analysis.ingestion.finviz_ingestor:81 — [finviz] Skipped 6 invalid/blocked tickers.
2026-07-05 14:13:12 | INFO     | sentiment_analysis.ingestion.finviz_ingestor:90 — [finviz] Fetched 0/0 tickers.
2026-07-05 14:14:12 | INFO     | sentiment_analysis.ingestion.rss_ingestor:296 — [rss:pr_newswire] Fetching https://www.prnewswire.com/rss/news-releases-list.rss
2026-07-05 14:14:12 | INFO     | sentiment_analysis.ingestion.scheduler:72 — [finviz] Found 6 tickers to fetch from last 24h articles.
2026-07-05 14:14:12 | DEBUG    | sentiment_analysis.sentiment.pipeline:80 — [sentiment] No unanalyzed articles — pipeline idle.
2026-07-05 14:14:12 | DEBUG    | sentiment_analysis.ingestion.finviz_ingestor:81 — [finviz] Skipped 6 invalid/blocked tickers.
2026-07-05 14:14:12 | INFO     | sentiment_analysis.ingestion.finviz_ingestor:90 — [finviz] Fetched 0/0 tickers.
2026-07-05 14:14:12 | INFO     | sentiment_analysis.ingestion.rss_ingestor:416 — [rss:pr_newswire] Stored 0/20 new articles.
2026-07-05 14:14:12 | INFO     | sentiment_analysis.ingestion.rss_ingestor:296 — [rss:globe_newswire_finance] Fetching https://www.globenewswire.com/RssFeed/subjectcode/15-Financial%20Services
2026-07-05 14:14:12 | INFO     | sentiment_analysis.ingestion.rss_ingestor:416 — [rss:globe_newswire_finance] Stored 0/20 new articles.
2026-07-05 14:14:12 | INFO     | sentiment_analysis.ingestion.rss_ingestor:296 — [rss:globe_newswire_ma] Fetching https://www.globenewswire.com/RssFeed/subjectcode/14-Mergers%20and%20Acquisitions
2026-07-05 14:14:13 | INFO     | sentiment_analysis.ingestion.rss_ingestor:416 — [rss:globe_newswire_ma] Stored 0/20 new articles.
2026-07-05 14:14:13 | INFO     | sentiment_analysis.ingestion.rss_ingestor:296 — [rss:sec_edgar] Fetching https://www.sec.gov/cgi-bin/browse-edgar?action=getcurrent&type=8-K&dateb=&owner=include&count=40&output=atom
2026-07-05 14:14:13 | INFO     | sentiment_analysis.ingestion.rss_ingestor:416 — [rss:sec_edgar] Stored 0/40 new articles.
2026-07-05 14:14:13 | INFO     | sentiment_analysis.ingestion.rss_ingestor:296 — [rss:sec_form4] Fetching https://www.sec.gov/cgi-bin/browse-edgar?action=getcurrent&type=4&dateb=&owner=include&count=40&output=atom
2026-07-05 14:14:13 | INFO     | sentiment_analysis.ingestion.rss_ingestor:416 — [rss:sec_form4] Stored 0/40 new articles.
2026-07-05 14:14:13 | INFO     | sentiment_analysis.ingestion.rss_ingestor:296 — [rss:fda] Fetching https://www.fda.gov/about-fda/contact-fda/stay-informed/rss-feeds/press-releases/rss.xml
2026-07-05 14:14:13 | INFO     | sentiment_analysis.ingestion.rss_ingestor:416 — [rss:fda] Stored 0/20 new articles.
2026-07-05 14:15:12 | INFO     | sentiment_analysis.ingestion.scheduler:72 — [finviz] Found 6 tickers to fetch from last 24h articles.
2026-07-05 14:15:12 | DEBUG    | sentiment_analysis.ingestion.finviz_ingestor:81 — [finviz] Skipped 6 invalid/blocked tickers.
2026-07-05 14:15:12 | INFO     | sentiment_analysis.ingestion.finviz_ingestor:90 — [finviz] Fetched 0/0 tickers.
2026-07-05 14:16:12 | INFO     | sentiment_analysis.ingestion.scheduler:72 — [finviz] Found 6 tickers to fetch from last 24h articles.
2026-07-05 14:16:12 | DEBUG    | sentiment_analysis.ingestion.finviz_ingestor:81 — [finviz] Skipped 6 invalid/blocked tickers.
2026-07-05 14:16:12 | INFO     | sentiment_analysis.ingestion.finviz_ingestor:90 — [finviz] Fetched 0/0 tickers.
2026-07-05 14:17:12 | INFO     | sentiment_analysis.ingestion.scheduler:72 — [finviz] Found 6 tickers to fetch from last 24h articles.
2026-07-05 14:17:12 | DEBUG    | sentiment_analysis.ingestion.finviz_ingestor:81 — [finviz] Skipped 6 invalid/blocked tickers.
2026-07-05 14:17:12 | INFO     | sentiment_analysis.ingestion.finviz_ingestor:90 — [finviz] Fetched 0/0 tickers.
2026-07-05 14:18:12 | INFO     | sentiment_analysis.ingestion.scheduler:72 — [finviz] Found 6 tickers to fetch from last 24h articles.
2026-07-05 14:18:12 | DEBUG    | sentiment_analysis.ingestion.finviz_ingestor:81 — [finviz] Skipped 6 invalid/blocked tickers.
2026-07-05 14:18:12 | INFO     | sentiment_analysis.ingestion.finviz_ingestor:90 — [finviz] Fetched 0/0 tickers.
2026-07-05 14:19:12 | INFO     | sentiment_analysis.ingestion.rss_ingestor:296 — [rss:pr_newswire] Fetching https://www.prnewswire.com/rss/news-releases-list.rss
2026-07-05 14:19:12 | INFO     | sentiment_analysis.ingestion.scheduler:72 — [finviz] Found 6 tickers to fetch from last 24h articles.
2026-07-05 14:19:12 | DEBUG    | sentiment_analysis.ingestion.finviz_ingestor:81 — [finviz] Skipped 6 invalid/blocked tickers.
2026-07-05 14:19:12 | INFO     | sentiment_analysis.ingestion.finviz_ingestor:90 — [finviz] Fetched 0/0 tickers.
2026-07-05 14:19:12 | INFO     | sentiment_analysis.ingestion.rss_ingestor:416 — [rss:pr_newswire] Stored 0/20 new articles.
2026-07-05 14:19:12 | INFO     | sentiment_analysis.ingestion.rss_ingestor:296 — [rss:globe_newswire_finance] Fetching https://www.globenewswire.com/RssFeed/subjectcode/15-Financial%20Services
2026-07-05 14:19:12 | DEBUG    | sentiment_analysis.nlp.pipeline:65 — [nlp] No unprocessed articles.
2026-07-05 14:19:12 | INFO     | sentiment_analysis.ingestion.rss_ingestor:416 — [rss:globe_newswire_finance] Stored 0/20 new articles.
2026-07-05 14:19:12 | INFO     | sentiment_analysis.ingestion.rss_ingestor:296 — [rss:globe_newswire_ma] Fetching https://www.globenewswire.com/RssFeed/subjectcode/14-Mergers%20and%20Acquisitions
2026-07-05 14:19:13 | DEBUG    | sentiment_analysis.sentiment.pipeline:80 — [sentiment] No unanalyzed articles — pipeline idle.
2026-07-05 14:19:13 | INFO     | sentiment_analysis.ingestion.rss_ingestor:416 — [rss:globe_newswire_ma] Stored 0/20 new articles.
2026-07-05 14:19:13 | INFO     | sentiment_analysis.ingestion.rss_ingestor:296 — [rss:sec_edgar] Fetching https://www.sec.gov/cgi-bin/browse-edgar?action=getcurrent&type=8-K&dateb=&owner=include&count=40&output=atom
2026-07-05 14:19:13 | INFO     | sentiment_analysis.ingestion.rss_ingestor:416 — [rss:sec_edgar] Stored 0/40 new articles.
2026-07-05 14:19:13 | INFO     | sentiment_analysis.ingestion.rss_ingestor:296 — [rss:sec_form4] Fetching https://www.sec.gov/cgi-bin/browse-edgar?action=getcurrent&type=4&dateb=&owner=include&count=40&output=atom
2026-07-05 14:19:13 | INFO     | sentiment_analysis.ingestion.rss_ingestor:416 — [rss:sec_form4] Stored 0/40 new articles.
2026-07-05 14:19:13 | INFO     | sentiment_analysis.ingestion.rss_ingestor:296 — [rss:fda] Fetching https://www.fda.gov/about-fda/contact-fda/stay-informed/rss-feeds/press-releases/rss.xml
2026-07-05 14:19:13 | INFO     | sentiment_analysis.ingestion.rss_ingestor:416 — [rss:fda] Stored 0/20 new articles.
2026-07-05 14:20:12 | INFO     | sentiment_analysis.ingestion.scheduler:72 — [finviz] Found 6 tickers to fetch from last 24h articles.
2026-07-05 14:20:12 | DEBUG    | sentiment_analysis.ingestion.finviz_ingestor:81 — [finviz] Skipped 6 invalid/blocked tickers.
2026-07-05 14:20:12 | INFO     | sentiment_analysis.ingestion.finviz_ingestor:90 — [finviz] Fetched 0/0 tickers.
2026-07-05 14:21:12 | INFO     | sentiment_analysis.ingestion.scheduler:72 — [finviz] Found 6 tickers to fetch from last 24h articles.
2026-07-05 14:21:12 | DEBUG    | sentiment_analysis.ingestion.finviz_ingestor:81 — [finviz] Skipped 6 invalid/blocked tickers.
2026-07-05 14:21:12 | INFO     | sentiment_analysis.ingestion.finviz_ingestor:90 — [finviz] Fetched 0/0 tickers.
2026-07-05 14:22:12 | INFO     | sentiment_analysis.ingestion.scheduler:72 — [finviz] Found 6 tickers to fetch from last 24h articles.
2026-07-05 14:22:12 | DEBUG    | sentiment_analysis.ingestion.finviz_ingestor:81 — [finviz] Skipped 6 invalid/blocked tickers.
2026-07-05 14:22:12 | INFO     | sentiment_analysis.ingestion.finviz_ingestor:90 — [finviz] Fetched 0/0 tickers.
2026-07-05 14:23:12 | INFO     | sentiment_analysis.ingestion.scheduler:72 — [finviz] Found 6 tickers to fetch from last 24h articles.
2026-07-05 14:23:12 | DEBUG    | sentiment_analysis.ingestion.finviz_ingestor:81 — [finviz] Skipped 6 invalid/blocked tickers.
2026-07-05 14:23:12 | INFO     | sentiment_analysis.ingestion.finviz_ingestor:90 — [finviz] Fetched 0/0 tickers.
2026-07-05 14:24:12 | INFO     | sentiment_analysis.ingestion.rss_ingestor:296 — [rss:pr_newswire] Fetching https://www.prnewswire.com/rss/news-releases-list.rss
2026-07-05 14:24:12 | DEBUG    | sentiment_analysis.sentiment.pipeline:80 — [sentiment] No unanalyzed articles — pipeline idle.
2026-07-05 14:24:12 | INFO     | sentiment_analysis.ingestion.scheduler:72 — [finviz] Found 6 tickers to fetch from last 24h articles.
2026-07-05 14:24:12 | DEBUG    | sentiment_analysis.ingestion.finviz_ingestor:81 — [finviz] Skipped 6 invalid/blocked tickers.
2026-07-05 14:24:12 | INFO     | sentiment_analysis.ingestion.rss_ingestor:416 — [rss:pr_newswire] Stored 0/20 new articles.
2026-07-05 14:24:12 | INFO     | sentiment_analysis.ingestion.finviz_ingestor:90 — [finviz] Fetched 0/0 tickers.
2026-07-05 14:24:12 | INFO     | sentiment_analysis.ingestion.rss_ingestor:296 — [rss:globe_newswire_finance] Fetching https://www.globenewswire.com/RssFeed/subjectcode/15-Financial%20Services
2026-07-05 14:24:12 | INFO     | sentiment_analysis.ingestion.rss_ingestor:416 — [rss:globe_newswire_finance] Stored 0/20 new articles.
2026-07-05 14:24:12 | INFO     | sentiment_analysis.ingestion.rss_ingestor:296 — [rss:globe_newswire_ma] Fetching https://www.globenewswire.com/RssFeed/subjectcode/14-Mergers%20and%20Acquisitions
2026-07-05 14:24:13 | INFO     | sentiment_analysis.ingestion.rss_ingestor:416 — [rss:globe_newswire_ma] Stored 0/20 new articles.
2026-07-05 14:24:13 | INFO     | sentiment_analysis.ingestion.rss_ingestor:296 — [rss:sec_edgar] Fetching https://www.sec.gov/cgi-bin/browse-edgar?action=getcurrent&type=8-K&dateb=&owner=include&count=40&output=atom
2026-07-05 14:24:13 | INFO     | sentiment_analysis.ingestion.rss_ingestor:416 — [rss:sec_edgar] Stored 0/40 new articles.
2026-07-05 14:24:13 | INFO     | sentiment_analysis.ingestion.rss_ingestor:296 — [rss:sec_form4] Fetching https://www.sec.gov/cgi-bin/browse-edgar?action=getcurrent&type=4&dateb=&owner=include&count=40&output=atom
2026-07-05 14:24:13 | INFO     | sentiment_analysis.ingestion.rss_ingestor:416 — [rss:sec_form4] Stored 0/40 new articles.
2026-07-05 14:24:13 | INFO     | sentiment_analysis.ingestion.rss_ingestor:296 — [rss:fda] Fetching https://www.fda.gov/about-fda/contact-fda/stay-informed/rss-feeds/press-releases/rss.xml
2026-07-05 14:24:13 | INFO     | sentiment_analysis.ingestion.rss_ingestor:416 — [rss:fda] Stored 0/20 new articles.
2026-07-05 14:25:12 | INFO     | sentiment_analysis.ingestion.scheduler:72 — [finviz] Found 6 tickers to fetch from last 24h articles.
2026-07-05 14:25:12 | DEBUG    | sentiment_analysis.ingestion.finviz_ingestor:81 — [finviz] Skipped 6 invalid/blocked tickers.
2026-07-05 14:25:12 | INFO     | sentiment_analysis.ingestion.finviz_ingestor:90 — [finviz] Fetched 0/0 tickers.
2026-07-05 14:26:12 | INFO     | sentiment_analysis.ingestion.scheduler:72 — [finviz] Found 6 tickers to fetch from last 24h articles.
2026-07-05 14:26:12 | DEBUG    | sentiment_analysis.ingestion.finviz_ingestor:81 — [finviz] Skipped 6 invalid/blocked tickers.
2026-07-05 14:26:12 | INFO     | sentiment_analysis.ingestion.finviz_ingestor:90 — [finviz] Fetched 0/0 tickers.
2026-07-05 14:27:12 | INFO     | sentiment_analysis.ingestion.scheduler:72 — [finviz] Found 6 tickers to fetch from last 24h articles.
2026-07-05 14:27:12 | DEBUG    | sentiment_analysis.ingestion.finviz_ingestor:81 — [finviz] Skipped 6 invalid/blocked tickers.
2026-07-05 14:27:12 | INFO     | sentiment_analysis.ingestion.finviz_ingestor:90 — [finviz] Fetched 0/0 tickers.
2026-07-05 14:28:12 | INFO     | sentiment_analysis.ingestion.scheduler:72 — [finviz] Found 6 tickers to fetch from last 24h articles.
2026-07-05 14:28:12 | DEBUG    | sentiment_analysis.ingestion.finviz_ingestor:81 — [finviz] Skipped 6 invalid/blocked tickers.
2026-07-05 14:28:12 | INFO     | sentiment_analysis.ingestion.finviz_ingestor:90 — [finviz] Fetched 0/0 tickers.
2026-07-05 14:29:12 | INFO     | sentiment_analysis.ingestion.rss_ingestor:296 — [rss:pr_newswire] Fetching https://www.prnewswire.com/rss/news-releases-list.rss
2026-07-05 14:29:12 | DEBUG    | sentiment_analysis.sentiment.pipeline:80 — [sentiment] No unanalyzed articles — pipeline idle.
2026-07-05 14:29:12 | INFO     | sentiment_analysis.ingestion.rss_ingestor:416 — [rss:pr_newswire] Stored 0/20 new articles.
2026-07-05 14:29:12 | INFO     | sentiment_analysis.ingestion.rss_ingestor:296 — [rss:globe_newswire_finance] Fetching https://www.globenewswire.com/RssFeed/subjectcode/15-Financial%20Services
2026-07-05 14:29:13 | INFO     | sentiment_analysis.ingestion.scheduler:72 — [finviz] Found 6 tickers to fetch from last 24h articles.
2026-07-05 14:29:13 | DEBUG    | sentiment_analysis.ingestion.finviz_ingestor:81 — [finviz] Skipped 6 invalid/blocked tickers.
2026-07-05 14:29:13 | INFO     | sentiment_analysis.ingestion.finviz_ingestor:90 — [finviz] Fetched 0/0 tickers.
2026-07-05 14:29:13 | INFO     | sentiment_analysis.ingestion.rss_ingestor:416 — [rss:globe_newswire_finance] Stored 0/20 new articles.
2026-07-05 14:29:13 | INFO     | sentiment_analysis.ingestion.rss_ingestor:296 — [rss:globe_newswire_ma] Fetching https://www.globenewswire.com/RssFeed/subjectcode/14-Mergers%20and%20Acquisitions
2026-07-05 14:29:13 | INFO     | sentiment_analysis.ingestion.rss_ingestor:416 — [rss:globe_newswire_ma] Stored 0/20 new articles.
2026-07-05 14:29:13 | INFO     | sentiment_analysis.ingestion.rss_ingestor:296 — [rss:sec_edgar] Fetching https://www.sec.gov/cgi-bin/browse-edgar?action=getcurrent&type=8-K&dateb=&owner=include&count=40&output=atom
2026-07-05 14:29:13 | DEBUG    | sentiment_analysis.nlp.pipeline:65 — [nlp] No unprocessed articles.
2026-07-05 14:29:13 | INFO     | sentiment_analysis.ingestion.rss_ingestor:416 — [rss:sec_edgar] Stored 0/40 new articles.
2026-07-05 14:29:13 | INFO     | sentiment_analysis.ingestion.rss_ingestor:296 — [rss:sec_form4] Fetching https://www.sec.gov/cgi-bin/browse-edgar?action=getcurrent&type=4&dateb=&owner=include&count=40&output=atom
2026-07-05 14:29:13 | INFO     | sentiment_analysis.ingestion.rss_ingestor:416 — [rss:sec_form4] Stored 0/40 new articles.
2026-07-05 14:29:13 | INFO     | sentiment_analysis.ingestion.rss_ingestor:296 — [rss:fda] Fetching https://www.fda.gov/about-fda/contact-fda/stay-informed/rss-feeds/press-releases/rss.xml
2026-07-05 14:29:13 | INFO     | sentiment_analysis.ingestion.rss_ingestor:416 — [rss:fda] Stored 0/20 new articles.
2026-07-05 14:30:12 | INFO     | sentiment_analysis.ingestion.scheduler:72 — [finviz] Found 6 tickers to fetch from last 24h articles.
2026-07-05 14:30:12 | DEBUG    | sentiment_analysis.ingestion.finviz_ingestor:81 — [finviz] Skipped 6 invalid/blocked tickers.
2026-07-05 14:30:12 | INFO     | sentiment_analysis.ingestion.finviz_ingestor:90 — [finviz] Fetched 0/0 tickers.
2026-07-05 14:31:12 | INFO     | sentiment_analysis.ingestion.scheduler:72 — [finviz] Found 6 tickers to fetch from last 24h articles.
2026-07-05 14:31:12 | DEBUG    | sentiment_analysis.ingestion.finviz_ingestor:81 — [finviz] Skipped 6 invalid/blocked tickers.
2026-07-05 14:31:12 | INFO     | sentiment_analysis.ingestion.finviz_ingestor:90 — [finviz] Fetched 0/0 tickers.
2026-07-05 14:32:12 | INFO     | sentiment_analysis.ingestion.scheduler:72 — [finviz] Found 6 tickers to fetch from last 24h articles.
2026-07-05 14:32:12 | DEBUG    | sentiment_analysis.ingestion.finviz_ingestor:81 — [finviz] Skipped 6 invalid/blocked tickers.
2026-07-05 14:32:12 | INFO     | sentiment_analysis.ingestion.finviz_ingestor:90 — [finviz] Fetched 0/0 tickers.
2026-07-05 14:33:12 | INFO     | sentiment_analysis.ingestion.scheduler:72 — [finviz] Found 6 tickers to fetch from last 24h articles.
2026-07-05 14:33:12 | DEBUG    | sentiment_analysis.ingestion.finviz_ingestor:81 — [finviz] Skipped 6 invalid/blocked tickers.
2026-07-05 14:33:12 | INFO     | sentiment_analysis.ingestion.finviz_ingestor:90 — [finviz] Fetched 0/0 tickers.
2026-07-05 14:34:12 | INFO     | sentiment_analysis.ingestion.rss_ingestor:296 — [rss:pr_newswire] Fetching https://www.prnewswire.com/rss/news-releases-list.rss
2026-07-05 14:34:12 | DEBUG    | sentiment_analysis.sentiment.pipeline:80 — [sentiment] No unanalyzed articles — pipeline idle.
2026-07-05 14:34:12 | INFO     | sentiment_analysis.ingestion.rss_ingestor:416 — [rss:pr_newswire] Stored 0/20 new articles.
2026-07-05 14:34:12 | INFO     | sentiment_analysis.ingestion.rss_ingestor:296 — [rss:globe_newswire_finance] Fetching https://www.globenewswire.com/RssFeed/subjectcode/15-Financial%20Services
2026-07-05 14:34:12 | INFO     | sentiment_analysis.ingestion.scheduler:72 — [finviz] Found 6 tickers to fetch from last 24h articles.
2026-07-05 14:34:12 | DEBUG    | sentiment_analysis.ingestion.finviz_ingestor:81 — [finviz] Skipped 6 invalid/blocked tickers.
2026-07-05 14:34:12 | INFO     | sentiment_analysis.ingestion.finviz_ingestor:90 — [finviz] Fetched 0/0 tickers.
2026-07-05 14:34:12 | INFO     | sentiment_analysis.ingestion.rss_ingestor:416 — [rss:globe_newswire_finance] Stored 0/20 new articles.
2026-07-05 14:34:12 | INFO     | sentiment_analysis.ingestion.rss_ingestor:296 — [rss:globe_newswire_ma] Fetching https://www.globenewswire.com/RssFeed/subjectcode/14-Mergers%20and%20Acquisitions
2026-07-05 14:34:13 | INFO     | sentiment_analysis.ingestion.rss_ingestor:416 — [rss:globe_newswire_ma] Stored 0/20 new articles.
2026-07-05 14:34:13 | INFO     | sentiment_analysis.ingestion.rss_ingestor:296 — [rss:sec_edgar] Fetching https://www.sec.gov/cgi-bin/browse-edgar?action=getcurrent&type=8-K&dateb=&owner=include&count=40&output=atom
2026-07-05 14:34:13 | INFO     | sentiment_analysis.ingestion.rss_ingestor:416 — [rss:sec_edgar] Stored 0/40 new articles.
2026-07-05 14:34:13 | INFO     | sentiment_analysis.ingestion.rss_ingestor:296 — [rss:sec_form4] Fetching https://www.sec.gov/cgi-bin/browse-edgar?action=getcurrent&type=4&dateb=&owner=include&count=40&output=atom
2026-07-05 14:34:13 | INFO     | sentiment_analysis.ingestion.rss_ingestor:416 — [rss:sec_form4] Stored 0/40 new articles.
2026-07-05 14:34:13 | INFO     | sentiment_analysis.ingestion.rss_ingestor:296 — [rss:fda] Fetching https://www.fda.gov/about-fda/contact-fda/stay-informed/rss-feeds/press-releases/rss.xml
2026-07-05 14:34:13 | INFO     | sentiment_analysis.ingestion.rss_ingestor:416 — [rss:fda] Stored 0/20 new articles.
2026-07-05 14:35:12 | INFO     | sentiment_analysis.ingestion.scheduler:72 — [finviz] Found 6 tickers to fetch from last 24h articles.
2026-07-05 14:35:12 | DEBUG    | sentiment_analysis.ingestion.finviz_ingestor:81 — [finviz] Skipped 6 invalid/blocked tickers.
2026-07-05 14:35:12 | INFO     | sentiment_analysis.ingestion.finviz_ingestor:90 — [finviz] Fetched 0/0 tickers.
2026-07-05 14:36:12 | INFO     | sentiment_analysis.ingestion.scheduler:72 — [finviz] Found 6 tickers to fetch from last 24h articles.
2026-07-05 14:36:12 | DEBUG    | sentiment_analysis.ingestion.finviz_ingestor:81 — [finviz] Skipped 6 invalid/blocked tickers.
2026-07-05 14:36:12 | INFO     | sentiment_analysis.ingestion.finviz_ingestor:90 — [finviz] Fetched 0/0 tickers.
2026-07-05 14:37:12 | INFO     | sentiment_analysis.ingestion.scheduler:72 — [finviz] Found 6 tickers to fetch from last 24h articles.
2026-07-05 14:37:12 | DEBUG    | sentiment_analysis.ingestion.finviz_ingestor:81 — [finviz] Skipped 6 invalid/blocked tickers.
2026-07-05 14:37:12 | INFO     | sentiment_analysis.ingestion.finviz_ingestor:90 — [finviz] Fetched 0/0 tickers.
2026-07-05 14:38:12 | INFO     | sentiment_analysis.ingestion.scheduler:72 — [finviz] Found 6 tickers to fetch from last 24h articles.
2026-07-05 14:38:12 | DEBUG    | sentiment_analysis.ingestion.finviz_ingestor:81 — [finviz] Skipped 6 invalid/blocked tickers.
2026-07-05 14:38:12 | INFO     | sentiment_analysis.ingestion.finviz_ingestor:90 — [finviz] Fetched 0/0 tickers.
2026-07-05 14:39:12 | INFO     | sentiment_analysis.ingestion.rss_ingestor:296 — [rss:pr_newswire] Fetching https://www.prnewswire.com/rss/news-releases-list.rss
2026-07-05 14:39:12 | INFO     | sentiment_analysis.ingestion.scheduler:72 — [finviz] Found 6 tickers to fetch from last 24h articles.
2026-07-05 14:39:12 | DEBUG    | sentiment_analysis.sentiment.pipeline:80 — [sentiment] No unanalyzed articles — pipeline idle.
2026-07-05 14:39:12 | DEBUG    | sentiment_analysis.ingestion.finviz_ingestor:81 — [finviz] Skipped 6 invalid/blocked tickers.
2026-07-05 14:39:12 | INFO     | sentiment_analysis.ingestion.rss_ingestor:416 — [rss:pr_newswire] Stored 0/20 new articles.
2026-07-05 14:39:12 | INFO     | sentiment_analysis.ingestion.finviz_ingestor:90 — [finviz] Fetched 0/0 tickers.
2026-07-05 14:39:12 | INFO     | sentiment_analysis.ingestion.rss_ingestor:296 — [rss:globe_newswire_finance] Fetching https://www.globenewswire.com/RssFeed/subjectcode/15-Financial%20Services
2026-07-05 14:39:12 | DEBUG    | sentiment_analysis.nlp.pipeline:65 — [nlp] No unprocessed articles.
2026-07-05 14:39:12 | INFO     | sentiment_analysis.ingestion.rss_ingestor:416 — [rss:globe_newswire_finance] Stored 0/20 new articles.
2026-07-05 14:39:13 | INFO     | sentiment_analysis.ingestion.rss_ingestor:296 — [rss:globe_newswire_ma] Fetching https://www.globenewswire.com/RssFeed/subjectcode/14-Mergers%20and%20Acquisitions
2026-07-05 14:39:13 | INFO     | sentiment_analysis.ingestion.rss_ingestor:416 — [rss:globe_newswire_ma] Stored 0/20 new articles.
2026-07-05 14:39:13 | INFO     | sentiment_analysis.ingestion.rss_ingestor:296 — [rss:sec_edgar] Fetching https://www.sec.gov/cgi-bin/browse-edgar?action=getcurrent&type=8-K&dateb=&owner=include&count=40&output=atom
2026-07-05 14:39:13 | INFO     | sentiment_analysis.ingestion.rss_ingestor:416 — [rss:sec_edgar] Stored 0/40 new articles.
2026-07-05 14:39:13 | INFO     | sentiment_analysis.ingestion.rss_ingestor:296 — [rss:sec_form4] Fetching https://www.sec.gov/cgi-bin/browse-edgar?action=getcurrent&type=4&dateb=&owner=include&count=40&output=atom
2026-07-05 14:39:13 | INFO     | sentiment_analysis.ingestion.rss_ingestor:416 — [rss:sec_form4] Stored 0/40 new articles.
2026-07-05 14:39:13 | INFO     | sentiment_analysis.ingestion.rss_ingestor:296 — [rss:fda] Fetching https://www.fda.gov/about-fda/contact-fda/stay-informed/rss-feeds/press-releases/rss.xml
2026-07-05 14:39:13 | INFO     | sentiment_analysis.ingestion.rss_ingestor:416 — [rss:fda] Stored 0/20 new articles.
2026-07-05 14:40:12 | INFO     | sentiment_analysis.ingestion.scheduler:72 — [finviz] Found 6 tickers to fetch from last 24h articles.
2026-07-05 14:40:12 | DEBUG    | sentiment_analysis.ingestion.finviz_ingestor:81 — [finviz] Skipped 6 invalid/blocked tickers.
2026-07-05 14:40:12 | INFO     | sentiment_analysis.ingestion.finviz_ingestor:90 — [finviz] Fetched 0/0 tickers.
2026-07-05 14:41:12 | INFO     | sentiment_analysis.ingestion.scheduler:72 — [finviz] Found 6 tickers to fetch from last 24h articles.
2026-07-05 14:41:12 | DEBUG    | sentiment_analysis.ingestion.finviz_ingestor:81 — [finviz] Skipped 6 invalid/blocked tickers.
2026-07-05 14:41:12 | INFO     | sentiment_analysis.ingestion.finviz_ingestor:90 — [finviz] Fetched 0/0 tickers.
2026-07-05 14:42:12 | INFO     | sentiment_analysis.ingestion.scheduler:72 — [finviz] Found 6 tickers to fetch from last 24h articles.
2026-07-05 14:42:12 | DEBUG    | sentiment_analysis.ingestion.finviz_ingestor:81 — [finviz] Skipped 6 invalid/blocked tickers.
2026-07-05 14:42:12 | INFO     | sentiment_analysis.ingestion.finviz_ingestor:90 — [finviz] Fetched 0/0 tickers.
2026-07-05 14:43:12 | INFO     | sentiment_analysis.ingestion.scheduler:72 — [finviz] Found 6 tickers to fetch from last 24h articles.
2026-07-05 14:43:12 | DEBUG    | sentiment_analysis.ingestion.finviz_ingestor:81 — [finviz] Skipped 6 invalid/blocked tickers.
2026-07-05 14:43:12 | INFO     | sentiment_analysis.ingestion.finviz_ingestor:90 — [finviz] Fetched 0/0 tickers.
2026-07-05 14:44:12 | INFO     | sentiment_analysis.ingestion.rss_ingestor:296 — [rss:pr_newswire] Fetching https://www.prnewswire.com/rss/news-releases-list.rss
2026-07-05 14:44:12 | INFO     | sentiment_analysis.ingestion.scheduler:72 — [finviz] Found 6 tickers to fetch from last 24h articles.
2026-07-05 14:44:12 | DEBUG    | sentiment_analysis.sentiment.pipeline:80 — [sentiment] No unanalyzed articles — pipeline idle.
2026-07-05 14:44:12 | DEBUG    | sentiment_analysis.ingestion.finviz_ingestor:81 — [finviz] Skipped 6 invalid/blocked tickers.
2026-07-05 14:44:12 | INFO     | sentiment_analysis.ingestion.rss_ingestor:416 — [rss:pr_newswire] Stored 0/20 new articles.
2026-07-05 14:44:12 | INFO     | sentiment_analysis.ingestion.finviz_ingestor:90 — [finviz] Fetched 0/0 tickers.
2026-07-05 14:44:12 | INFO     | sentiment_analysis.ingestion.rss_ingestor:296 — [rss:globe_newswire_finance] Fetching https://www.globenewswire.com/RssFeed/subjectcode/15-Financial%20Services
2026-07-05 14:44:13 | INFO     | sentiment_analysis.ingestion.rss_ingestor:416 — [rss:globe_newswire_finance] Stored 0/20 new articles.
2026-07-05 14:44:13 | INFO     | sentiment_analysis.ingestion.rss_ingestor:296 — [rss:globe_newswire_ma] Fetching https://www.globenewswire.com/RssFeed/subjectcode/14-Mergers%20and%20Acquisitions
2026-07-05 14:44:13 | INFO     | sentiment_analysis.ingestion.rss_ingestor:416 — [rss:globe_newswire_ma] Stored 0/20 new articles.
2026-07-05 14:44:13 | INFO     | sentiment_analysis.ingestion.rss_ingestor:296 — [rss:sec_edgar] Fetching https://www.sec.gov/cgi-bin/browse-edgar?action=getcurrent&type=8-K&dateb=&owner=include&count=40&output=atom
2026-07-05 14:44:13 | INFO     | sentiment_analysis.ingestion.rss_ingestor:416 — [rss:sec_edgar] Stored 0/40 new articles.
2026-07-05 14:44:13 | INFO     | sentiment_analysis.ingestion.rss_ingestor:296 — [rss:sec_form4] Fetching https://www.sec.gov/cgi-bin/browse-edgar?action=getcurrent&type=4&dateb=&owner=include&count=40&output=atom
2026-07-05 14:44:13 | INFO     | sentiment_analysis.ingestion.rss_ingestor:416 — [rss:sec_form4] Stored 0/40 new articles.
2026-07-05 14:44:13 | INFO     | sentiment_analysis.ingestion.rss_ingestor:296 — [rss:fda] Fetching https://www.fda.gov/about-fda/contact-fda/stay-informed/rss-feeds/press-releases/rss.xml
2026-07-05 14:44:13 | INFO     | sentiment_analysis.ingestion.rss_ingestor:416 — [rss:fda] Stored 0/20 new articles.
2026-07-05 14:45:12 | INFO     | sentiment_analysis.ingestion.scheduler:72 — [finviz] Found 6 tickers to fetch from last 24h articles.
2026-07-05 14:45:12 | DEBUG    | sentiment_analysis.ingestion.finviz_ingestor:81 — [finviz] Skipped 6 invalid/blocked tickers.
2026-07-05 14:45:12 | INFO     | sentiment_analysis.ingestion.finviz_ingestor:90 — [finviz] Fetched 0/0 tickers.
2026-07-05 14:46:12 | INFO     | sentiment_analysis.ingestion.scheduler:72 — [finviz] Found 6 tickers to fetch from last 24h articles.
2026-07-05 14:46:12 | DEBUG    | sentiment_analysis.ingestion.finviz_ingestor:81 — [finviz] Skipped 6 invalid/blocked tickers.
2026-07-05 14:46:12 | INFO     | sentiment_analysis.ingestion.finviz_ingestor:90 — [finviz] Fetched 0/0 tickers.
2026-07-05 14:47:12 | INFO     | sentiment_analysis.ingestion.scheduler:72 — [finviz] Found 6 tickers to fetch from last 24h articles.
2026-07-05 14:47:12 | DEBUG    | sentiment_analysis.ingestion.finviz_ingestor:81 — [finviz] Skipped 6 invalid/blocked tickers.
2026-07-05 14:47:12 | INFO     | sentiment_analysis.ingestion.finviz_ingestor:90 — [finviz] Fetched 0/0 tickers.
2026-07-05 14:48:12 | INFO     | sentiment_analysis.ingestion.scheduler:72 — [finviz] Found 6 tickers to fetch from last 24h articles.
2026-07-05 14:48:12 | DEBUG    | sentiment_analysis.ingestion.finviz_ingestor:81 — [finviz] Skipped 6 invalid/blocked tickers.
2026-07-05 14:48:12 | INFO     | sentiment_analysis.ingestion.finviz_ingestor:90 — [finviz] Fetched 0/0 tickers.
2026-07-05 14:49:12 | INFO     | sentiment_analysis.ingestion.rss_ingestor:296 — [rss:pr_newswire] Fetching https://www.prnewswire.com/rss/news-releases-list.rss
2026-07-05 14:49:12 | INFO     | sentiment_analysis.ingestion.scheduler:72 — [finviz] Found 6 tickers to fetch from last 24h articles.
2026-07-05 14:49:12 | DEBUG    | sentiment_analysis.ingestion.finviz_ingestor:81 — [finviz] Skipped 6 invalid/blocked tickers.
2026-07-05 14:49:12 | DEBUG    | sentiment_analysis.sentiment.pipeline:80 — [sentiment] No unanalyzed articles — pipeline idle.
2026-07-05 14:49:12 | INFO     | sentiment_analysis.ingestion.finviz_ingestor:90 — [finviz] Fetched 0/0 tickers.
2026-07-05 14:49:12 | INFO     | sentiment_analysis.ingestion.rss_ingestor:416 — [rss:pr_newswire] Stored 0/20 new articles.
2026-07-05 14:49:12 | INFO     | sentiment_analysis.ingestion.rss_ingestor:296 — [rss:globe_newswire_finance] Fetching https://www.globenewswire.com/RssFeed/subjectcode/15-Financial%20Services
2026-07-05 14:49:12 | DEBUG    | sentiment_analysis.nlp.pipeline:65 — [nlp] No unprocessed articles.
2026-07-05 14:49:12 | INFO     | sentiment_analysis.ingestion.rss_ingestor:416 — [rss:globe_newswire_finance] Stored 0/20 new articles.
2026-07-05 14:49:12 | INFO     | sentiment_analysis.ingestion.rss_ingestor:296 — [rss:globe_newswire_ma] Fetching https://www.globenewswire.com/RssFeed/subjectcode/14-Mergers%20and%20Acquisitions
2026-07-05 14:49:13 | INFO     | sentiment_analysis.ingestion.rss_ingestor:416 — [rss:globe_newswire_ma] Stored 0/20 new articles.
2026-07-05 14:49:13 | INFO     | sentiment_analysis.ingestion.rss_ingestor:296 — [rss:sec_edgar] Fetching https://www.sec.gov/cgi-bin/browse-edgar?action=getcurrent&type=8-K&dateb=&owner=include&count=40&output=atom
2026-07-05 14:49:13 | INFO     | sentiment_analysis.ingestion.rss_ingestor:416 — [rss:sec_edgar] Stored 0/40 new articles.
2026-07-05 14:49:13 | INFO     | sentiment_analysis.ingestion.rss_ingestor:296 — [rss:sec_form4] Fetching https://www.sec.gov/cgi-bin/browse-edgar?action=getcurrent&type=4&dateb=&owner=include&count=40&output=atom
2026-07-05 14:49:13 | INFO     | sentiment_analysis.ingestion.rss_ingestor:416 — [rss:sec_form4] Stored 0/40 new articles.
2026-07-05 14:49:13 | INFO     | sentiment_analysis.ingestion.rss_ingestor:296 — [rss:fda] Fetching https://www.fda.gov/about-fda/contact-fda/stay-informed/rss-feeds/press-releases/rss.xml
2026-07-05 14:49:13 | INFO     | sentiment_analysis.ingestion.rss_ingestor:416 — [rss:fda] Stored 0/20 new articles.
2026-07-05 14:50:12 | INFO     | sentiment_analysis.ingestion.scheduler:72 — [finviz] Found 6 tickers to fetch from last 24h articles.
2026-07-05 14:50:12 | DEBUG    | sentiment_analysis.ingestion.finviz_ingestor:81 — [finviz] Skipped 6 invalid/blocked tickers.
2026-07-05 14:50:12 | INFO     | sentiment_analysis.ingestion.finviz_ingestor:90 — [finviz] Fetched 0/0 tickers.
2026-07-05 14:51:12 | INFO     | sentiment_analysis.ingestion.scheduler:72 — [finviz] Found 6 tickers to fetch from last 24h articles.
2026-07-05 14:51:12 | DEBUG    | sentiment_analysis.ingestion.finviz_ingestor:81 — [finviz] Skipped 6 invalid/blocked tickers.
2026-07-05 14:51:12 | INFO     | sentiment_analysis.ingestion.finviz_ingestor:90 — [finviz] Fetched 0/0 tickers.
2026-07-05 14:52:12 | INFO     | sentiment_analysis.ingestion.scheduler:72 — [finviz] Found 6 tickers to fetch from last 24h articles.
2026-07-05 14:52:12 | DEBUG    | sentiment_analysis.ingestion.finviz_ingestor:81 — [finviz] Skipped 6 invalid/blocked tickers.
2026-07-05 14:52:12 | INFO     | sentiment_analysis.ingestion.finviz_ingestor:90 — [finviz] Fetched 0/0 tickers.
2026-07-05 14:53:12 | INFO     | sentiment_analysis.ingestion.scheduler:72 — [finviz] Found 6 tickers to fetch from last 24h articles.
2026-07-05 14:53:12 | DEBUG    | sentiment_analysis.ingestion.finviz_ingestor:81 — [finviz] Skipped 6 invalid/blocked tickers.
2026-07-05 14:53:12 | INFO     | sentiment_analysis.ingestion.finviz_ingestor:90 — [finviz] Fetched 0/0 tickers.
2026-07-05 14:54:12 | INFO     | sentiment_analysis.ingestion.rss_ingestor:296 — [rss:pr_newswire] Fetching https://www.prnewswire.com/rss/news-releases-list.rss
2026-07-05 14:54:12 | INFO     | sentiment_analysis.ingestion.scheduler:72 — [finviz] Found 6 tickers to fetch from last 24h articles.
2026-07-05 14:54:12 | DEBUG    | sentiment_analysis.sentiment.pipeline:80 — [sentiment] No unanalyzed articles — pipeline idle.
2026-07-05 14:54:12 | DEBUG    | sentiment_analysis.ingestion.finviz_ingestor:81 — [finviz] Skipped 6 invalid/blocked tickers.
2026-07-05 14:54:12 | INFO     | sentiment_analysis.ingestion.finviz_ingestor:90 — [finviz] Fetched 0/0 tickers.
2026-07-05 14:54:12 | INFO     | sentiment_analysis.ingestion.rss_ingestor:416 — [rss:pr_newswire] Stored 0/20 new articles.
2026-07-05 14:54:12 | INFO     | sentiment_analysis.ingestion.rss_ingestor:296 — [rss:globe_newswire_finance] Fetching https://www.globenewswire.com/RssFeed/subjectcode/15-Financial%20Services
2026-07-05 14:54:12 | INFO     | sentiment_analysis.ingestion.rss_ingestor:416 — [rss:globe_newswire_finance] Stored 0/20 new articles.
2026-07-05 14:54:12 | INFO     | sentiment_analysis.ingestion.rss_ingestor:296 — [rss:globe_newswire_ma] Fetching https://www.globenewswire.com/RssFeed/subjectcode/14-Mergers%20and%20Acquisitions
2026-07-05 14:54:13 | INFO     | sentiment_analysis.ingestion.rss_ingestor:416 — [rss:globe_newswire_ma] Stored 0/20 new articles.
2026-07-05 14:54:13 | INFO     | sentiment_analysis.ingestion.rss_ingestor:296 — [rss:sec_edgar] Fetching https://www.sec.gov/cgi-bin/browse-edgar?action=getcurrent&type=8-K&dateb=&owner=include&count=40&output=atom
2026-07-05 14:54:13 | INFO     | sentiment_analysis.ingestion.rss_ingestor:416 — [rss:sec_edgar] Stored 0/40 new articles.
2026-07-05 14:54:13 | INFO     | sentiment_analysis.ingestion.rss_ingestor:296 — [rss:sec_form4] Fetching https://www.sec.gov/cgi-bin/browse-edgar?action=getcurrent&type=4&dateb=&owner=include&count=40&output=atom
2026-07-05 14:54:14 | INFO     | sentiment_analysis.ingestion.rss_ingestor:416 — [rss:sec_form4] Stored 0/40 new articles.
2026-07-05 14:54:14 | INFO     | sentiment_analysis.ingestion.rss_ingestor:296 — [rss:fda] Fetching https://www.fda.gov/about-fda/contact-fda/stay-informed/rss-feeds/press-releases/rss.xml
2026-07-05 14:54:14 | INFO     | sentiment_analysis.ingestion.rss_ingestor:416 — [rss:fda] Stored 0/20 new articles.
2026-07-05 14:55:12 | INFO     | sentiment_analysis.ingestion.scheduler:72 — [finviz] Found 6 tickers to fetch from last 24h articles.
2026-07-05 14:55:12 | DEBUG    | sentiment_analysis.ingestion.finviz_ingestor:81 — [finviz] Skipped 6 invalid/blocked tickers.
2026-07-05 14:55:12 | INFO     | sentiment_analysis.ingestion.finviz_ingestor:90 — [finviz] Fetched 0/0 tickers.
2026-07-05 14:56:12 | INFO     | sentiment_analysis.ingestion.scheduler:72 — [finviz] Found 6 tickers to fetch from last 24h articles.
2026-07-05 14:56:12 | DEBUG    | sentiment_analysis.ingestion.finviz_ingestor:81 — [finviz] Skipped 6 invalid/blocked tickers.
2026-07-05 14:56:12 | INFO     | sentiment_analysis.ingestion.finviz_ingestor:90 — [finviz] Fetched 0/0 tickers.
2026-07-05 14:57:12 | INFO     | sentiment_analysis.ingestion.scheduler:72 — [finviz] Found 6 tickers to fetch from last 24h articles.
2026-07-05 14:57:12 | DEBUG    | sentiment_analysis.ingestion.finviz_ingestor:81 — [finviz] Skipped 6 invalid/blocked tickers.
2026-07-05 14:57:12 | INFO     | sentiment_analysis.ingestion.finviz_ingestor:90 — [finviz] Fetched 0/0 tickers.
2026-07-05 14:58:12 | INFO     | sentiment_analysis.ingestion.scheduler:72 — [finviz] Found 6 tickers to fetch from last 24h articles.
2026-07-05 14:58:12 | DEBUG    | sentiment_analysis.ingestion.finviz_ingestor:81 — [finviz] Skipped 6 invalid/blocked tickers.
2026-07-05 14:58:12 | INFO     | sentiment_analysis.ingestion.finviz_ingestor:90 — [finviz] Fetched 0/0 tickers.
2026-07-05 14:59:12 | INFO     | sentiment_analysis.ingestion.rss_ingestor:296 — [rss:pr_newswire] Fetching https://www.prnewswire.com/rss/news-releases-list.rss
2026-07-05 14:59:12 | INFO     | sentiment_analysis.ingestion.scheduler:72 — [finviz] Found 6 tickers to fetch from last 24h articles.
2026-07-05 14:59:12 | DEBUG    | sentiment_analysis.ingestion.finviz_ingestor:81 — [finviz] Skipped 6 invalid/blocked tickers.
2026-07-05 14:59:12 | INFO     | sentiment_analysis.ingestion.finviz_ingestor:90 — [finviz] Fetched 0/0 tickers.
2026-07-05 14:59:12 | INFO     | sentiment_analysis.ingestion.rss_ingestor:416 — [rss:pr_newswire] Stored 0/20 new articles.
2026-07-05 14:59:12 | INFO     | sentiment_analysis.ingestion.rss_ingestor:296 — [rss:globe_newswire_finance] Fetching https://www.globenewswire.com/RssFeed/subjectcode/15-Financial%20Services
2026-07-05 14:59:13 | DEBUG    | sentiment_analysis.nlp.pipeline:65 — [nlp] No unprocessed articles.
2026-07-05 14:59:13 | DEBUG    | sentiment_analysis.sentiment.pipeline:80 — [sentiment] No unanalyzed articles — pipeline idle.
2026-07-05 14:59:13 | INFO     | sentiment_analysis.ingestion.rss_ingestor:416 — [rss:globe_newswire_finance] Stored 0/20 new articles.
2026-07-05 14:59:13 | INFO     | sentiment_analysis.ingestion.rss_ingestor:296 — [rss:globe_newswire_ma] Fetching https://www.globenewswire.com/RssFeed/subjectcode/14-Mergers%20and%20Acquisitions
2026-07-05 14:59:13 | INFO     | sentiment_analysis.ingestion.rss_ingestor:416 — [rss:globe_newswire_ma] Stored 0/20 new articles.
2026-07-05 14:59:13 | INFO     | sentiment_analysis.ingestion.rss_ingestor:296 — [rss:sec_edgar] Fetching https://www.sec.gov/cgi-bin/browse-edgar?action=getcurrent&type=8-K&dateb=&owner=include&count=40&output=atom
2026-07-05 14:59:13 | INFO     | sentiment_analysis.ingestion.rss_ingestor:416 — [rss:sec_edgar] Stored 0/40 new articles.
2026-07-05 14:59:13 | INFO     | sentiment_analysis.ingestion.rss_ingestor:296 — [rss:sec_form4] Fetching https://www.sec.gov/cgi-bin/browse-edgar?action=getcurrent&type=4&dateb=&owner=include&count=40&output=atom
2026-07-05 14:59:13 | INFO     | sentiment_analysis.ingestion.rss_ingestor:416 — [rss:sec_form4] Stored 0/40 new articles.
2026-07-05 14:59:13 | INFO     | sentiment_analysis.ingestion.rss_ingestor:296 — [rss:fda] Fetching https://www.fda.gov/about-fda/contact-fda/stay-informed/rss-feeds/press-releases/rss.xml
2026-07-05 14:59:13 | INFO     | sentiment_analysis.ingestion.rss_ingestor:416 — [rss:fda] Stored 0/20 new articles.
2026-07-05 15:00:12 | INFO     | sentiment_analysis.ingestion.scheduler:72 — [finviz] Found 6 tickers to fetch from last 24h articles.
2026-07-05 15:00:12 | DEBUG    | sentiment_analysis.ingestion.finviz_ingestor:81 — [finviz] Skipped 6 invalid/blocked tickers.
2026-07-05 15:00:12 | INFO     | sentiment_analysis.ingestion.finviz_ingestor:90 — [finviz] Fetched 0/0 tickers.
2026-07-05 15:01:12 | INFO     | sentiment_analysis.ingestion.scheduler:72 — [finviz] Found 6 tickers to fetch from last 24h articles.
2026-07-05 15:01:12 | DEBUG    | sentiment_analysis.ingestion.finviz_ingestor:81 — [finviz] Skipped 6 invalid/blocked tickers.
2026-07-05 15:01:12 | INFO     | sentiment_analysis.ingestion.finviz_ingestor:90 — [finviz] Fetched 0/0 tickers.
2026-07-05 15:02:12 | INFO     | sentiment_analysis.ingestion.scheduler:72 — [finviz] Found 6 tickers to fetch from last 24h articles.
2026-07-05 15:02:12 | DEBUG    | sentiment_analysis.ingestion.finviz_ingestor:81 — [finviz] Skipped 6 invalid/blocked tickers.
2026-07-05 15:02:12 | INFO     | sentiment_analysis.ingestion.finviz_ingestor:90 — [finviz] Fetched 0/0 tickers.
2026-07-05 15:03:12 | INFO     | sentiment_analysis.ingestion.scheduler:72 — [finviz] Found 6 tickers to fetch from last 24h articles.
2026-07-05 15:03:12 | DEBUG    | sentiment_analysis.ingestion.finviz_ingestor:81 — [finviz] Skipped 6 invalid/blocked tickers.
2026-07-05 15:03:12 | INFO     | sentiment_analysis.ingestion.finviz_ingestor:90 — [finviz] Fetched 0/0 tickers.
2026-07-05 15:04:12 | INFO     | sentiment_analysis.ingestion.rss_ingestor:296 — [rss:pr_newswire] Fetching https://www.prnewswire.com/rss/news-releases-list.rss
2026-07-05 15:04:12 | INFO     | sentiment_analysis.ingestion.scheduler:72 — [finviz] Found 6 tickers to fetch from last 24h articles.
2026-07-05 15:04:12 | DEBUG    | sentiment_analysis.ingestion.finviz_ingestor:81 — [finviz] Skipped 6 invalid/blocked tickers.
2026-07-05 15:04:12 | INFO     | sentiment_analysis.ingestion.finviz_ingestor:90 — [finviz] Fetched 0/0 tickers.
2026-07-05 15:04:12 | DEBUG    | sentiment_analysis.sentiment.pipeline:80 — [sentiment] No unanalyzed articles — pipeline idle.
2026-07-05 15:04:12 | INFO     | sentiment_analysis.ingestion.rss_ingestor:416 — [rss:pr_newswire] Stored 0/20 new articles.
2026-07-05 15:04:12 | INFO     | sentiment_analysis.ingestion.rss_ingestor:296 — [rss:globe_newswire_finance] Fetching https://www.globenewswire.com/RssFeed/subjectcode/15-Financial%20Services
2026-07-05 15:04:12 | INFO     | sentiment_analysis.ingestion.rss_ingestor:416 — [rss:globe_newswire_finance] Stored 0/20 new articles.
2026-07-05 15:04:12 | INFO     | sentiment_analysis.ingestion.rss_ingestor:296 — [rss:globe_newswire_ma] Fetching https://www.globenewswire.com/RssFeed/subjectcode/14-Mergers%20and%20Acquisitions
2026-07-05 15:04:13 | INFO     | sentiment_analysis.ingestion.rss_ingestor:416 — [rss:globe_newswire_ma] Stored 0/20 new articles.
2026-07-05 15:04:13 | INFO     | sentiment_analysis.ingestion.rss_ingestor:296 — [rss:sec_edgar] Fetching https://www.sec.gov/cgi-bin/browse-edgar?action=getcurrent&type=8-K&dateb=&owner=include&count=40&output=atom
2026-07-05 15:04:13 | INFO     | sentiment_analysis.ingestion.rss_ingestor:416 — [rss:sec_edgar] Stored 0/40 new articles.
2026-07-05 15:04:13 | INFO     | sentiment_analysis.ingestion.rss_ingestor:296 — [rss:sec_form4] Fetching https://www.sec.gov/cgi-bin/browse-edgar?action=getcurrent&type=4&dateb=&owner=include&count=40&output=atom
2026-07-05 15:04:13 | INFO     | sentiment_analysis.ingestion.rss_ingestor:416 — [rss:sec_form4] Stored 0/40 new articles.
2026-07-05 15:04:13 | INFO     | sentiment_analysis.ingestion.rss_ingestor:296 — [rss:fda] Fetching https://www.fda.gov/about-fda/contact-fda/stay-informed/rss-feeds/press-releases/rss.xml
2026-07-05 15:04:13 | INFO     | sentiment_analysis.ingestion.rss_ingestor:416 — [rss:fda] Stored 0/20 new articles.
2026-07-05 15:05:12 | INFO     | sentiment_analysis.ingestion.scheduler:72 — [finviz] Found 6 tickers to fetch from last 24h articles.
2026-07-05 15:05:12 | DEBUG    | sentiment_analysis.ingestion.finviz_ingestor:81 — [finviz] Skipped 6 invalid/blocked tickers.
2026-07-05 15:05:12 | INFO     | sentiment_analysis.ingestion.finviz_ingestor:90 — [finviz] Fetched 0/0 tickers.
2026-07-05 15:06:12 | INFO     | sentiment_analysis.ingestion.scheduler:72 — [finviz] Found 6 tickers to fetch from last 24h articles.
2026-07-05 15:06:12 | DEBUG    | sentiment_analysis.ingestion.finviz_ingestor:81 — [finviz] Skipped 6 invalid/blocked tickers.
2026-07-05 15:06:12 | INFO     | sentiment_analysis.ingestion.finviz_ingestor:90 — [finviz] Fetched 0/0 tickers.
2026-07-05 15:07:12 | INFO     | sentiment_analysis.ingestion.scheduler:72 — [finviz] Found 6 tickers to fetch from last 24h articles.
2026-07-05 15:07:12 | DEBUG    | sentiment_analysis.ingestion.finviz_ingestor:81 — [finviz] Skipped 6 invalid/blocked tickers.
2026-07-05 15:07:12 | INFO     | sentiment_analysis.ingestion.finviz_ingestor:90 — [finviz] Fetched 0/0 tickers.
2026-07-05 15:08:12 | INFO     | sentiment_analysis.ingestion.scheduler:72 — [finviz] Found 6 tickers to fetch from last 24h articles.
2026-07-05 15:08:12 | DEBUG    | sentiment_analysis.ingestion.finviz_ingestor:81 — [finviz] Skipped 6 invalid/blocked tickers.
2026-07-05 15:08:12 | INFO     | sentiment_analysis.ingestion.finviz_ingestor:90 — [finviz] Fetched 0/0 tickers.
2026-07-05 15:09:12 | INFO     | sentiment_analysis.ingestion.rss_ingestor:296 — [rss:pr_newswire] Fetching https://www.prnewswire.com/rss/news-releases-list.rss
2026-07-05 15:09:12 | DEBUG    | sentiment_analysis.sentiment.pipeline:80 — [sentiment] No unanalyzed articles — pipeline idle.
2026-07-05 15:09:12 | INFO     | sentiment_analysis.ingestion.scheduler:72 — [finviz] Found 6 tickers to fetch from last 24h articles.
2026-07-05 15:09:12 | DEBUG    | sentiment_analysis.ingestion.finviz_ingestor:81 — [finviz] Skipped 6 invalid/blocked tickers.
2026-07-05 15:09:12 | INFO     | sentiment_analysis.ingestion.finviz_ingestor:90 — [finviz] Fetched 0/0 tickers.
2026-07-05 15:09:12 | INFO     | sentiment_analysis.ingestion.rss_ingestor:416 — [rss:pr_newswire] Stored 0/20 new articles.
2026-07-05 15:09:12 | INFO     | sentiment_analysis.ingestion.rss_ingestor:296 — [rss:globe_newswire_finance] Fetching https://www.globenewswire.com/RssFeed/subjectcode/15-Financial%20Services
2026-07-05 15:09:12 | DEBUG    | sentiment_analysis.nlp.pipeline:65 — [nlp] No unprocessed articles.
2026-07-05 15:09:12 | INFO     | sentiment_analysis.ingestion.rss_ingestor:416 — [rss:globe_newswire_finance] Stored 0/20 new articles.
2026-07-05 15:09:12 | INFO     | sentiment_analysis.ingestion.rss_ingestor:296 — [rss:globe_newswire_ma] Fetching https://www.globenewswire.com/RssFeed/subjectcode/14-Mergers%20and%20Acquisitions
2026-07-05 15:09:13 | INFO     | sentiment_analysis.ingestion.rss_ingestor:416 — [rss:globe_newswire_ma] Stored 0/20 new articles.
2026-07-05 15:09:13 | INFO     | sentiment_analysis.ingestion.rss_ingestor:296 — [rss:sec_edgar] Fetching https://www.sec.gov/cgi-bin/browse-edgar?action=getcurrent&type=8-K&dateb=&owner=include&count=40&output=atom
2026-07-05 15:09:13 | INFO     | sentiment_analysis.ingestion.rss_ingestor:416 — [rss:sec_edgar] Stored 0/40 new articles.
2026-07-05 15:09:13 | INFO     | sentiment_analysis.ingestion.rss_ingestor:296 — [rss:sec_form4] Fetching https://www.sec.gov/cgi-bin/browse-edgar?action=getcurrent&type=4&dateb=&owner=include&count=40&output=atom
2026-07-05 15:09:13 | INFO     | sentiment_analysis.ingestion.rss_ingestor:416 — [rss:sec_form4] Stored 0/40 new articles.
2026-07-05 15:09:13 | INFO     | sentiment_analysis.ingestion.rss_ingestor:296 — [rss:fda] Fetching https://www.fda.gov/about-fda/contact-fda/stay-informed/rss-feeds/press-releases/rss.xml
2026-07-05 15:09:13 | INFO     | sentiment_analysis.ingestion.rss_ingestor:416 — [rss:fda] Stored 0/20 new articles.
2026-07-05 15:10:12 | INFO     | sentiment_analysis.ingestion.scheduler:72 — [finviz] Found 6 tickers to fetch from last 24h articles.
2026-07-05 15:10:12 | DEBUG    | sentiment_analysis.ingestion.finviz_ingestor:81 — [finviz] Skipped 6 invalid/blocked tickers.
2026-07-05 15:10:12 | INFO     | sentiment_analysis.ingestion.finviz_ingestor:90 — [finviz] Fetched 0/0 tickers.
2026-07-05 15:11:12 | INFO     | sentiment_analysis.ingestion.scheduler:72 — [finviz] Found 6 tickers to fetch from last 24h articles.
2026-07-05 15:11:12 | DEBUG    | sentiment_analysis.ingestion.finviz_ingestor:81 — [finviz] Skipped 6 invalid/blocked tickers.
2026-07-05 15:11:12 | INFO     | sentiment_analysis.ingestion.finviz_ingestor:90 — [finviz] Fetched 0/0 tickers.
2026-07-05 15:12:12 | INFO     | sentiment_analysis.ingestion.scheduler:72 — [finviz] Found 6 tickers to fetch from last 24h articles.
2026-07-05 15:12:12 | DEBUG    | sentiment_analysis.ingestion.finviz_ingestor:81 — [finviz] Skipped 6 invalid/blocked tickers.
2026-07-05 15:12:12 | INFO     | sentiment_analysis.ingestion.finviz_ingestor:90 — [finviz] Fetched 0/0 tickers.
2026-07-05 15:13:12 | INFO     | sentiment_analysis.ingestion.scheduler:72 — [finviz] Found 6 tickers to fetch from last 24h articles.
2026-07-05 15:13:12 | DEBUG    | sentiment_analysis.ingestion.finviz_ingestor:81 — [finviz] Skipped 6 invalid/blocked tickers.
2026-07-05 15:13:12 | INFO     | sentiment_analysis.ingestion.finviz_ingestor:90 — [finviz] Fetched 0/0 tickers.
2026-07-05 15:14:12 | INFO     | sentiment_analysis.ingestion.rss_ingestor:296 — [rss:pr_newswire] Fetching https://www.prnewswire.com/rss/news-releases-list.rss
2026-07-05 15:14:12 | INFO     | sentiment_analysis.ingestion.scheduler:72 — [finviz] Found 6 tickers to fetch from last 24h articles.
2026-07-05 15:14:12 | DEBUG    | sentiment_analysis.ingestion.finviz_ingestor:81 — [finviz] Skipped 6 invalid/blocked tickers.
2026-07-05 15:14:12 | INFO     | sentiment_analysis.ingestion.finviz_ingestor:90 — [finviz] Fetched 0/0 tickers.
2026-07-05 15:14:12 | INFO     | sentiment_analysis.ingestion.rss_ingestor:416 — [rss:pr_newswire] Stored 0/20 new articles.
2026-07-05 15:14:12 | INFO     | sentiment_analysis.ingestion.rss_ingestor:296 — [rss:globe_newswire_finance] Fetching https://www.globenewswire.com/RssFeed/subjectcode/15-Financial%20Services
2026-07-05 15:14:12 | DEBUG    | sentiment_analysis.sentiment.pipeline:80 — [sentiment] No unanalyzed articles — pipeline idle.
2026-07-05 15:14:12 | INFO     | sentiment_analysis.ingestion.rss_ingestor:416 — [rss:globe_newswire_finance] Stored 0/20 new articles.
2026-07-05 15:14:12 | INFO     | sentiment_analysis.ingestion.rss_ingestor:296 — [rss:globe_newswire_ma] Fetching https://www.globenewswire.com/RssFeed/subjectcode/14-Mergers%20and%20Acquisitions
2026-07-05 15:14:13 | INFO     | sentiment_analysis.ingestion.rss_ingestor:416 — [rss:globe_newswire_ma] Stored 0/20 new articles.
2026-07-05 15:14:13 | INFO     | sentiment_analysis.ingestion.rss_ingestor:296 — [rss:sec_edgar] Fetching https://www.sec.gov/cgi-bin/browse-edgar?action=getcurrent&type=8-K&dateb=&owner=include&count=40&output=atom
2026-07-05 15:14:13 | INFO     | sentiment_analysis.ingestion.rss_ingestor:416 — [rss:sec_edgar] Stored 0/40 new articles.
2026-07-05 15:14:13 | INFO     | sentiment_analysis.ingestion.rss_ingestor:296 — [rss:sec_form4] Fetching https://www.sec.gov/cgi-bin/browse-edgar?action=getcurrent&type=4&dateb=&owner=include&count=40&output=atom
2026-07-05 15:14:13 | INFO     | sentiment_analysis.ingestion.rss_ingestor:416 — [rss:sec_form4] Stored 0/40 new articles.
2026-07-05 15:14:13 | INFO     | sentiment_analysis.ingestion.rss_ingestor:296 — [rss:fda] Fetching https://www.fda.gov/about-fda/contact-fda/stay-informed/rss-feeds/press-releases/rss.xml
2026-07-05 15:14:13 | INFO     | sentiment_analysis.ingestion.rss_ingestor:416 — [rss:fda] Stored 0/20 new articles.
2026-07-05 15:15:12 | INFO     | sentiment_analysis.ingestion.scheduler:72 — [finviz] Found 6 tickers to fetch from last 24h articles.
2026-07-05 15:15:12 | DEBUG    | sentiment_analysis.ingestion.finviz_ingestor:81 — [finviz] Skipped 6 invalid/blocked tickers.
2026-07-05 15:15:12 | INFO     | sentiment_analysis.ingestion.finviz_ingestor:90 — [finviz] Fetched 0/0 tickers.
2026-07-05 15:16:12 | INFO     | sentiment_analysis.ingestion.scheduler:72 — [finviz] Found 6 tickers to fetch from last 24h articles.
2026-07-05 15:16:12 | DEBUG    | sentiment_analysis.ingestion.finviz_ingestor:81 — [finviz] Skipped 6 invalid/blocked tickers.
2026-07-05 15:16:12 | INFO     | sentiment_analysis.ingestion.finviz_ingestor:90 — [finviz] Fetched 0/0 tickers.
2026-07-05 15:17:12 | INFO     | sentiment_analysis.ingestion.scheduler:72 — [finviz] Found 6 tickers to fetch from last 24h articles.
2026-07-05 15:17:12 | DEBUG    | sentiment_analysis.ingestion.finviz_ingestor:81 — [finviz] Skipped 6 invalid/blocked tickers.
2026-07-05 15:17:12 | INFO     | sentiment_analysis.ingestion.finviz_ingestor:90 — [finviz] Fetched 0/0 tickers.
2026-07-05 15:18:12 | INFO     | sentiment_analysis.ingestion.scheduler:72 — [finviz] Found 6 tickers to fetch from last 24h articles.
2026-07-05 15:18:12 | DEBUG    | sentiment_analysis.ingestion.finviz_ingestor:81 — [finviz] Skipped 6 invalid/blocked tickers.
2026-07-05 15:18:12 | INFO     | sentiment_analysis.ingestion.finviz_ingestor:90 — [finviz] Fetched 0/0 tickers.
2026-07-05 15:19:12 | INFO     | sentiment_analysis.ingestion.rss_ingestor:296 — [rss:pr_newswire] Fetching https://www.prnewswire.com/rss/news-releases-list.rss
2026-07-05 15:19:12 | INFO     | sentiment_analysis.ingestion.scheduler:72 — [finviz] Found 6 tickers to fetch from last 24h articles.
2026-07-05 15:19:12 | DEBUG    | sentiment_analysis.ingestion.finviz_ingestor:81 — [finviz] Skipped 6 invalid/blocked tickers.
2026-07-05 15:19:12 | INFO     | sentiment_analysis.ingestion.finviz_ingestor:90 — [finviz] Fetched 0/0 tickers.
2026-07-05 15:19:12 | INFO     | sentiment_analysis.ingestion.rss_ingestor:416 — [rss:pr_newswire] Stored 0/20 new articles.
2026-07-05 15:19:12 | INFO     | sentiment_analysis.ingestion.rss_ingestor:296 — [rss:globe_newswire_finance] Fetching https://www.globenewswire.com/RssFeed/subjectcode/15-Financial%20Services
2026-07-05 15:19:13 | DEBUG    | sentiment_analysis.sentiment.pipeline:80 — [sentiment] No unanalyzed articles — pipeline idle.
2026-07-05 15:19:13 | DEBUG    | sentiment_analysis.nlp.pipeline:65 — [nlp] No unprocessed articles.
2026-07-05 15:19:13 | INFO     | sentiment_analysis.ingestion.rss_ingestor:416 — [rss:globe_newswire_finance] Stored 0/20 new articles.
2026-07-05 15:19:13 | INFO     | sentiment_analysis.ingestion.rss_ingestor:296 — [rss:globe_newswire_ma] Fetching https://www.globenewswire.com/RssFeed/subjectcode/14-Mergers%20and%20Acquisitions
2026-07-05 15:19:13 | INFO     | sentiment_analysis.ingestion.rss_ingestor:416 — [rss:globe_newswire_ma] Stored 0/20 new articles.
2026-07-05 15:19:13 | INFO     | sentiment_analysis.ingestion.rss_ingestor:296 — [rss:sec_edgar] Fetching https://www.sec.gov/cgi-bin/browse-edgar?action=getcurrent&type=8-K&dateb=&owner=include&count=40&output=atom
2026-07-05 15:19:13 | INFO     | sentiment_analysis.ingestion.rss_ingestor:416 — [rss:sec_edgar] Stored 0/40 new articles.
2026-07-05 15:19:13 | INFO     | sentiment_analysis.ingestion.rss_ingestor:296 — [rss:sec_form4] Fetching https://www.sec.gov/cgi-bin/browse-edgar?action=getcurrent&type=4&dateb=&owner=include&count=40&output=atom
2026-07-05 15:19:13 | INFO     | sentiment_analysis.ingestion.rss_ingestor:416 — [rss:sec_form4] Stored 0/40 new articles.
2026-07-05 15:19:13 | INFO     | sentiment_analysis.ingestion.rss_ingestor:296 — [rss:fda] Fetching https://www.fda.gov/about-fda/contact-fda/stay-informed/rss-feeds/press-releases/rss.xml
2026-07-05 15:19:13 | INFO     | sentiment_analysis.ingestion.rss_ingestor:416 — [rss:fda] Stored 0/20 new articles.
2026-07-05 15:20:12 | INFO     | sentiment_analysis.ingestion.scheduler:72 — [finviz] Found 6 tickers to fetch from last 24h articles.
2026-07-05 15:20:12 | DEBUG    | sentiment_analysis.ingestion.finviz_ingestor:81 — [finviz] Skipped 6 invalid/blocked tickers.
2026-07-05 15:20:12 | INFO     | sentiment_analysis.ingestion.finviz_ingestor:90 — [finviz] Fetched 0/0 tickers.
2026-07-05 15:21:12 | INFO     | sentiment_analysis.ingestion.scheduler:72 — [finviz] Found 6 tickers to fetch from last 24h articles.
2026-07-05 15:21:12 | DEBUG    | sentiment_analysis.ingestion.finviz_ingestor:81 — [finviz] Skipped 6 invalid/blocked tickers.
2026-07-05 15:21:12 | INFO     | sentiment_analysis.ingestion.finviz_ingestor:90 — [finviz] Fetched 0/0 tickers.
2026-07-05 15:22:12 | INFO     | sentiment_analysis.ingestion.scheduler:72 — [finviz] Found 6 tickers to fetch from last 24h articles.
2026-07-05 15:22:12 | DEBUG    | sentiment_analysis.ingestion.finviz_ingestor:81 — [finviz] Skipped 6 invalid/blocked tickers.
2026-07-05 15:22:12 | INFO     | sentiment_analysis.ingestion.finviz_ingestor:90 — [finviz] Fetched 0/0 tickers.
2026-07-05 15:23:12 | INFO     | sentiment_analysis.ingestion.scheduler:72 — [finviz] Found 6 tickers to fetch from last 24h articles.
2026-07-05 15:23:12 | DEBUG    | sentiment_analysis.ingestion.finviz_ingestor:81 — [finviz] Skipped 6 invalid/blocked tickers.
2026-07-05 15:23:12 | INFO     | sentiment_analysis.ingestion.finviz_ingestor:90 — [finviz] Fetched 0/0 tickers.
2026-07-05 15:23:13 | INFO     | __main__:72 — Pipeline stopped cleanly.
2026-07-05 15:23:13 | INFO     | __main__:148 — Dashboard process terminated.
